Change Number,Opened At,Planned Start,Planned End,Actual Start,Actual End,Change Type,Risk,Priority,State,Category,Assignment Group,Assigned To,Location,Department,CI Name,Short Description,Conflict Status,Approval Status,On Hold Reason,Month Year,Quarter
CHG0000001,2022-03-12 09:10:57,2022-03-30 09:10:57,2022-03-30 15:10:57,2022-03-30 08:57:57,2022-03-30 12:57:57,Normal,High,1 - Critical,Implement,Access Management,L1 Support,Vikram Joshi,Mumbai,Operations,Oracle DB,Storage expansion,No Conflict,Approved,Testing required,Mar-2022,Q1-2022
CHG0000002,2022-12-09 05:01:24,2022-12-16 05:01:24,2022-12-16 13:01:24,2022-12-16 05:16:24,2022-12-16 06:16:24,Emergency,High,3 - Medium,Closed,Application,L2 Support,Kavya Reddy,Mumbai,Marketing,Email Gateway,DR failover test,No Conflict,Approved,Testing required,Dec-2022,Q4-2022
CHG0000003,2022-05-05 02:35:49,2022-06-01 02:35:49,2022-06-01 07:35:49,,,Normal,High,4 - Low,Authorize,Hardware,DB Admins,Anjali Singh,Delhi NCR,IT,SAP Production,OS patch deployment,No Conflict,Approved,Awaiting approval,May-2022,Q2-2022
CHG0000004,2022-01-01 11:01:09,2022-01-26 11:01:09,2022-01-26 19:01:09,,,Standard,High,3 - Medium,Review,Security,App Support,Rohan Verma,Hyderabad,Procurement,Active Directory,Firewall rule update,No Conflict,Approved,,Jan-2022,Q1-2022
CHG0000005,2022-02-25 12:45:42,2022-03-07 12:45:42,2022-03-07 20:45:42,2022-03-07 12:58:42,2022-03-07 14:58:42,Standard,High,2 - High,Closed,Security,DB Admins,Amit Desai,Chennai,IT,Firewall-01,OS patch deployment,No Conflict,Approved,Resource unavailable,Feb-2022,Q1-2022
CHG0000006,2022-01-01 13:02:15,2022-01-08 13:02:15,2022-01-08 16:02:15,,,Normal,High,3 - Medium,Review,Access Management,L2 Support,Sneha Patil,Hyderabad,IT,SAP Production,Storage expansion,No Conflict,Rejected,Testing required,Jan-2022,Q1-2022
CHG0000007,2022-10-15 02:39:34,2022-10-28 02:39:34,2022-10-28 03:39:34,,,Normal,High,1 - Critical,Authorize,Database,Security Ops,Pooja Iyer,Mumbai,HR,Firewall-01,Load balancer config,No Conflict,Approved,Resource unavailable,Oct-2022,Q4-2022
CHG0000008,2022-07-28 12:29:46,2022-08-25 12:29:46,2022-08-25 16:29:46,,,Normal,Low,3 - Medium,Cancelled,Email/Collaboration,L1 Support,Amit Desai,Chennai,IT,Active Directory,Firewall rule update,No Conflict,Pending,Resource unavailable,Jul-2022,Q3-2022
CHG0000009,2022-03-25 10:30:20,2022-04-01 10:30:20,2022-04-01 13:30:20,2022-04-01 11:00:20,2022-04-01 12:00:20,Standard,Medium,3 - Medium,Implement,Email/Collaboration,Infra Team,Kavya Reddy,Kolkata,Operations,Active Directory,Network upgrade,Conflict Detected,Approved,Vendor dependency,Mar-2022,Q1-2022
CHG0000010,2022-05-06 01:14:54,2022-05-22 01:14:54,2022-05-22 09:14:54,,,Normal,High,3 - Medium,Authorize,Email/Collaboration,DB Admins,Anjali Singh,Bangalore,Finance,Active Directory,Middleware upgrade,No Conflict,Pending,Testing required,May-2022,Q2-2022
CHG0000011,2022-05-27 16:46:00,2022-06-20 16:46:00,2022-06-20 20:46:00,2022-06-20 16:37:00,2022-06-20 17:37:00,Normal,High,4 - Low,Closed,Hardware,App Support,Amit Desai,Mumbai,IT,CRM Application,Storage expansion,No Conflict,Pending,Testing required,May-2022,Q2-2022
CHG0000012,2022-03-08 23:28:12,2022-03-30 23:28:12,2022-03-31 01:28:12,2022-03-30 23:40:12,2022-03-31 07:40:12,Standard,Medium,2 - High,Implement,Application,L2 Support,Priya Menon,Bangalore,IT,Oracle DB,Middleware upgrade,No Conflict,Approved,Awaiting approval,Mar-2022,Q1-2022
CHG0000013,2022-06-09 20:39:16,2022-06-19 20:39:16,2022-06-20 02:39:16,,,Standard,Low,1 - Critical,Review,Software,DB Admins,Kavya Reddy,Mumbai,IT,Load Balancer,OS patch deployment,No Conflict,Approved,,Jun-2022,Q2-2022
CHG0000014,2022-07-28 17:02:46,2022-08-20 17:02:46,2022-08-20 18:02:46,2022-08-20 17:12:46,2022-08-20 21:12:46,Emergency,Low,1 - Critical,Closed,Software,L2 Support,Priya Menon,Chennai,Sales,ERP Server,Storage expansion,No Conflict,Approved,,Jul-2022,Q3-2022
CHG0000015,2022-02-04 06:42:22,2022-03-03 06:42:22,2022-03-03 12:42:22,,,Standard,Medium,1 - Critical,Review,Email/Collaboration,Infra Team,Vikram Joshi,Kolkata,IT,CRM Application,Backup policy change,No Conflict,Approved,Vendor dependency,Feb-2022,Q1-2022
CHG0000016,2022-11-22 04:50:30,2022-12-03 04:50:30,2022-12-03 08:50:30,2022-12-03 04:34:30,2022-12-03 06:34:30,Standard,High,3 - Medium,Implement,Network,Security Ops,Kavya Reddy,Mumbai,Finance,Load Balancer,OS patch deployment,No Conflict,Approved,,Nov-2022,Q4-2022
CHG0000017,2022-04-11 21:05:46,2022-04-28 21:05:46,2022-04-29 02:05:46,2022-04-28 21:09:46,2022-04-29 02:09:46,Normal,Low,1 - Critical,Closed,Software,Network Ops,Amit Desai,Chennai,Marketing,SAP Production,Storage expansion,No Conflict,Pending,Resource unavailable,Apr-2022,Q2-2022
CHG0000018,2022-04-08 04:53:05,2022-05-05 04:53:05,2022-05-05 10:53:05,2022-05-05 04:33:05,2022-05-05 07:33:05,Normal,Medium,2 - High,Closed,Database,L1 Support,Pooja Iyer,Pune,Sales,Load Balancer,Load balancer config,No Conflict,Approved,,Apr-2022,Q2-2022
CHG0000019,2022-03-09 04:55:36,2022-04-06 04:55:36,2022-04-06 12:55:36,,,Normal,Low,3 - Medium,Authorize,Access Management,L1 Support,Pooja Iyer,Kolkata,Operations,Email Gateway,Network upgrade,No Conflict,Approved,Vendor dependency,Mar-2022,Q1-2022
CHG0000020,2022-05-12 14:01:20,2022-05-19 14:01:20,2022-05-19 19:01:20,2022-05-19 13:39:20,2022-05-19 15:39:20,Emergency,Low,4 - Low,Implement,Application,DB Admins,Amit Desai,Pune,Sales,CRM Application,Load balancer config,No Conflict,Approved,Vendor dependency,May-2022,Q2-2022
CHG0000021,2022-06-19 08:07:38,2022-07-01 08:07:38,2022-07-01 13:07:38,,,Standard,Medium,4 - Low,Review,Access Management,Security Ops,Amit Desai,Delhi NCR,Operations,Active Directory,DB migration,No Conflict,Approved,Awaiting approval,Jun-2022,Q2-2022
CHG0000022,2022-06-17 16:46:20,2022-07-08 16:46:20,2022-07-08 17:46:20,2022-07-08 16:16:20,2022-07-08 20:16:20,Standard,Medium,4 - Low,Implement,Security,App Support,Amit Desai,Bangalore,HR,Firewall-01,OS patch deployment,No Conflict,Rejected,Resource unavailable,Jun-2022,Q2-2022
CHG0000023,2022-03-03 09:46:15,2022-03-30 09:46:15,2022-03-30 12:46:15,,,Emergency,Low,2 - High,Authorize,Security,Network Ops,Vikram Joshi,Kolkata,HR,Email Gateway,DB migration,No Conflict,Approved,Vendor dependency,Mar-2022,Q1-2022
CHG0000024,2022-01-01 18:39:31,2022-01-12 18:39:31,2022-01-12 19:39:31,2022-01-12 18:35:31,2022-01-13 00:35:31,Normal,Medium,4 - Low,Closed,Email/Collaboration,App Support,Amit Desai,Bangalore,Legal,Core Switch,SSL certificate renewal,No Conflict,Pending,Testing required,Jan-2022,Q1-2022
CHG0000025,2022-08-05 23:19:22,2022-08-29 23:19:22,2022-08-30 02:19:22,,,Normal,High,1 - Critical,Review,Hardware,DB Admins,Rohan Verma,Pune,Sales,SAP Production,Firewall rule update,No Conflict,Pending,Testing required,Aug-2022,Q3-2022
CHG0000026,2022-12-15 10:36:44,2022-12-31 10:36:44,2022-12-31 16:36:44,2022-12-31 10:45:44,2022-12-31 12:45:44,Emergency,Medium,2 - High,Implement,Hardware,App Support,Deepak Nair,Hyderabad,Legal,Firewall-01,Backup policy change,No Conflict,Approved,Resource unavailable,Dec-2022,Q4-2022
CHG0000027,2022-12-19 18:04:36,2023-01-16 18:04:36,2023-01-17 02:04:36,2023-01-16 18:03:36,2023-01-16 20:03:36,Emergency,Medium,2 - High,Closed,Software,L1 Support,Kavya Reddy,Pune,Finance,Oracle DB,Load balancer config,No Conflict,Approved,Vendor dependency,Dec-2022,Q4-2022
CHG0000028,2022-05-10 17:23:18,2022-05-29 17:23:18,2022-05-29 19:23:18,,,Standard,Medium,2 - High,Authorize,Application,Infra Team,Sneha Patil,Hyderabad,IT,VPN Gateway,SSL certificate renewal,No Conflict,Approved,Resource unavailable,May-2022,Q2-2022
CHG0000029,2022-01-27 04:43:10,2022-02-11 04:43:10,2022-02-11 11:43:10,2022-02-11 04:54:10,2022-02-11 09:54:10,Normal,Medium,4 - Low,Closed,Access Management,L2 Support,Sneha Patil,Pune,HR,ERP Server,Firewall rule update,No Conflict,Approved,Resource unavailable,Jan-2022,Q1-2022
CHG0000030,2022-10-29 14:53:38,2022-11-18 14:53:38,2022-11-18 15:53:38,2022-11-18 14:28:38,2022-11-18 18:28:38,Emergency,Low,1 - Critical,Closed,Access Management,DB Admins,Priya Menon,Kolkata,Procurement,Load Balancer,Storage expansion,No Conflict,Rejected,Awaiting approval,Oct-2022,Q4-2022
CHG0000031,2022-12-27 16:59:02,2023-01-18 16:59:02,2023-01-18 21:59:02,2023-01-18 17:02:02,2023-01-18 19:02:02,Normal,High,3 - Medium,Implement,Email/Collaboration,L2 Support,Deepak Nair,Delhi NCR,IT,ERP Server,DB migration,Conflict Detected,Approved,Resource unavailable,Dec-2022,Q4-2022
CHG0000032,2022-10-22 06:01:43,2022-11-03 06:01:43,2022-11-03 12:01:43,,,Standard,Low,3 - Medium,Review,Email/Collaboration,L1 Support,Rohan Verma,Delhi NCR,Operations,Active Directory,DB migration,No Conflict,Rejected,Awaiting approval,Oct-2022,Q4-2022
CHG0000033,2022-11-17 14:19:40,2022-12-04 14:19:40,2022-12-04 17:19:40,,,Normal,Low,1 - Critical,Authorize,Security,Network Ops,Anjali Singh,Mumbai,Operations,SAP Production,Storage expansion,No Conflict,Approved,,Nov-2022,Q4-2022
CHG0000034,2022-12-25 06:18:04,2023-01-11 06:18:04,2023-01-11 08:18:04,2023-01-11 06:27:04,2023-01-11 08:27:04,Emergency,Low,1 - Critical,Implement,Database,DB Admins,Deepak Nair,Mumbai,Finance,VPN Gateway,Backup policy change,No Conflict,Approved,Resource unavailable,Dec-2022,Q4-2022
CHG0000035,2022-10-11 08:51:14,2022-10-25 08:51:14,2022-10-25 16:51:14,2022-10-25 08:44:14,2022-10-25 10:44:14,Normal,Medium,4 - Low,Closed,Access Management,Security Ops,Kavya Reddy,Hyderabad,Sales,Core Switch,SSL certificate renewal,No Conflict,Pending,Awaiting approval,Oct-2022,Q4-2022
CHG0000036,2022-05-02 12:28:14,2022-05-27 12:28:14,2022-05-27 13:28:14,2022-05-27 12:17:14,2022-05-27 18:17:14,Standard,High,3 - Medium,Closed,Hardware,Security Ops,Priya Menon,Chennai,IT,ERP Server,OS patch deployment,Conflict Detected,Rejected,Resource unavailable,May-2022,Q2-2022
CHG0000037,2022-03-06 23:32:27,2022-03-25 23:32:27,2022-03-26 00:32:27,,,Emergency,Medium,3 - Medium,Review,Application,Network Ops,Sneha Patil,Mumbai,Finance,Load Balancer,DB migration,No Conflict,Approved,Awaiting approval,Mar-2022,Q1-2022
CHG0000038,2022-02-16 04:12:34,2022-03-06 04:12:34,2022-03-06 05:12:34,2022-03-06 03:51:34,2022-03-06 08:51:34,Standard,High,2 - High,Closed,Access Management,DB Admins,Pooja Iyer,Chennai,Procurement,Firewall-01,DR failover test,No Conflict,Pending,,Feb-2022,Q1-2022
CHG0000039,2022-06-22 04:06:49,2022-07-12 04:06:49,2022-07-12 10:06:49,2022-07-12 03:53:49,2022-07-12 08:53:49,Normal,Low,3 - Medium,Implement,Hardware,DB Admins,Pooja Iyer,Kolkata,Operations,Email Gateway,Network upgrade,No Conflict,Pending,,Jun-2022,Q2-2022
CHG0000040,2022-07-09 22:39:00,2022-07-25 22:39:00,2022-07-26 05:39:00,2022-07-25 22:24:00,2022-07-26 05:24:00,Normal,Low,1 - Critical,Closed,Software,Infra Team,Rohan Verma,Delhi NCR,Marketing,CRM Application,Firewall rule update,No Conflict,Approved,Testing required,Jul-2022,Q3-2022
CHG0000041,2022-04-24 09:59:14,2022-05-12 09:59:14,2022-05-12 16:59:14,2022-05-12 10:17:14,2022-05-12 18:17:14,Normal,Medium,2 - High,Closed,Database,Infra Team,Priya Menon,Mumbai,Procurement,VPN Gateway,SSL certificate renewal,No Conflict,Approved,Awaiting approval,Apr-2022,Q2-2022
CHG0000042,2022-05-17 16:08:43,2022-06-06 16:08:43,2022-06-06 23:08:43,,,Normal,High,3 - Medium,Review,Hardware,App Support,Rahul Sharma,Hyderabad,IT,CRM Application,Network upgrade,No Conflict,Pending,Awaiting approval,May-2022,Q2-2022
CHG0000043,2022-07-13 06:31:08,2022-07-20 06:31:08,2022-07-20 10:31:08,2022-07-20 06:03:08,2022-07-20 07:03:08,Emergency,Medium,2 - High,Implement,Access Management,L2 Support,Pooja Iyer,Mumbai,Marketing,Email Gateway,Load balancer config,No Conflict,Approved,Awaiting approval,Jul-2022,Q3-2022
CHG0000044,2022-10-01 20:03:52,2022-10-28 20:03:52,2022-10-29 04:03:52,2022-10-28 20:08:52,2022-10-28 22:08:52,Normal,Medium,4 - Low,Implement,Software,L2 Support,Anjali Singh,Delhi NCR,Marketing,Load Balancer,Storage expansion,Conflict Detected,Pending,Vendor dependency,Oct-2022,Q4-2022
CHG0000045,2022-10-09 14:14:42,2022-10-22 14:14:42,2022-10-22 21:14:42,,,Normal,High,2 - High,Review,Security,L1 Support,Deepak Nair,Bangalore,Legal,Active Directory,Middleware upgrade,No Conflict,Pending,Resource unavailable,Oct-2022,Q4-2022
CHG0000046,2022-01-31 13:24:38,2022-02-11 13:24:38,2022-02-11 21:24:38,,,Normal,Medium,2 - High,Review,Email/Collaboration,L1 Support,Deepak Nair,Hyderabad,HR,VPN Gateway,Load balancer config,No Conflict,Rejected,Resource unavailable,Jan-2022,Q1-2022
CHG0000047,2022-08-13 12:20:25,2022-09-06 12:20:25,2022-09-06 16:20:25,,,Normal,Low,3 - Medium,Authorize,Database,DB Admins,Pooja Iyer,Delhi NCR,Procurement,Oracle DB,Firewall rule update,No Conflict,Approved,,Aug-2022,Q3-2022
CHG0000048,2022-06-10 18:47:09,2022-06-25 18:47:09,2022-06-26 00:47:09,,,Standard,Low,2 - High,Authorize,Access Management,Infra Team,Deepak Nair,Pune,IT,VPN Gateway,DR failover test,No Conflict,Approved,Resource unavailable,Jun-2022,Q2-2022
CHG0000049,2022-11-09 23:27:44,2022-11-29 23:27:44,2022-11-30 00:27:44,,,Emergency,High,3 - Medium,Authorize,Database,Network Ops,Anjali Singh,Hyderabad,Operations,SAP Production,DR failover test,No Conflict,Approved,Vendor dependency,Nov-2022,Q4-2022
CHG0000050,2022-11-29 23:27:29,2022-12-19 23:27:29,2022-12-20 01:27:29,2022-12-19 23:53:29,2022-12-20 01:53:29,Emergency,High,4 - Low,Closed,Email/Collaboration,App Support,Priya Menon,Pune,HR,Active Directory,DR failover test,No Conflict,Rejected,Testing required,Nov-2022,Q4-2022
CHG0000051,2022-10-31 02:59:34,2022-11-16 02:59:34,2022-11-16 10:59:34,,,Standard,Medium,2 - High,Review,Security,Security Ops,Amit Desai,Mumbai,Procurement,ERP Server,DR failover test,No Conflict,Approved,Awaiting approval,Oct-2022,Q4-2022
CHG0000052,2022-04-28 10:52:45,2022-05-12 10:52:45,2022-05-12 18:52:45,,,Standard,Medium,3 - Medium,Review,Hardware,L2 Support,Deepak Nair,Hyderabad,Operations,Active Directory,Backup policy change,No Conflict,Approved,Awaiting approval,Apr-2022,Q2-2022
CHG0000053,2022-01-16 01:57:35,2022-02-02 01:57:35,2022-02-02 04:57:35,,,Normal,Low,1 - Critical,Authorize,Network,L1 Support,Vikram Joshi,Bangalore,Procurement,Email Gateway,SSL certificate renewal,No Conflict,Pending,,Jan-2022,Q1-2022
CHG0000054,2022-03-26 17:55:39,2022-04-11 17:55:39,2022-04-11 22:55:39,,,Normal,High,2 - High,Review,Network,Network Ops,Deepak Nair,Chennai,HR,Firewall-01,DR failover test,No Conflict,Approved,Vendor dependency,Mar-2022,Q1-2022
CHG0000055,2022-12-17 21:02:33,2023-01-03 21:02:33,2023-01-04 04:02:33,,,Emergency,Low,3 - Medium,Review,Application,L1 Support,Sneha Patil,Mumbai,Marketing,Firewall-01,Middleware upgrade,No Conflict,Approved,Vendor dependency,Dec-2022,Q4-2022
CHG0000056,2022-05-02 21:22:35,2022-05-14 21:22:35,2022-05-15 00:22:35,2022-05-14 21:38:35,2022-05-14 22:38:35,Normal,Medium,2 - High,Closed,Network,L2 Support,Rahul Sharma,Delhi NCR,Sales,Email Gateway,Middleware upgrade,No Conflict,Approved,,May-2022,Q2-2022
CHG0000057,2022-03-25 00:16:07,2022-04-06 00:16:07,2022-04-06 02:16:07,2022-04-05 23:49:07,2022-04-06 04:49:07,Normal,Medium,4 - Low,Implement,Network,L2 Support,Priya Menon,Chennai,Legal,Email Gateway,Load balancer config,No Conflict,Pending,,Mar-2022,Q1-2022
CHG0000058,2022-05-17 03:25:56,2022-06-12 03:25:56,2022-06-12 11:25:56,2022-06-12 03:53:56,2022-06-12 05:53:56,Normal,Low,2 - High,Implement,Network,Network Ops,Sneha Patil,Pune,HR,ERP Server,DB migration,Conflict Detected,Pending,Vendor dependency,May-2022,Q2-2022
CHG0000059,2022-06-15 21:56:39,2022-06-28 21:56:39,2022-06-29 05:56:39,2022-06-28 21:53:39,2022-06-28 22:53:39,Standard,Low,1 - Critical,Implement,Network,L1 Support,Priya Menon,Mumbai,Legal,Email Gateway,Load balancer config,Conflict Detected,Approved,Awaiting approval,Jun-2022,Q2-2022
CHG0000060,2022-12-22 04:45:49,2022-12-31 04:45:49,2022-12-31 11:45:49,,,Normal,Low,4 - Low,Authorize,Access Management,L2 Support,Kavya Reddy,Pune,IT,VPN Gateway,OS patch deployment,Conflict Detected,Approved,Resource unavailable,Dec-2022,Q4-2022
CHG0000061,2022-10-08 07:12:32,2022-10-20 07:12:32,2022-10-20 12:12:32,,,Normal,Low,3 - Medium,Review,Network,Network Ops,Deepak Nair,Chennai,Operations,SAP Production,DB migration,No Conflict,Approved,Vendor dependency,Oct-2022,Q4-2022
CHG0000062,2022-10-30 12:53:47,2022-11-13 12:53:47,2022-11-13 17:53:47,,,Emergency,High,3 - Medium,Authorize,Database,Infra Team,Sneha Patil,Delhi NCR,Sales,Active Directory,Network upgrade,No Conflict,Approved,Awaiting approval,Oct-2022,Q4-2022
CHG0000063,2022-07-28 17:46:04,2022-08-23 17:46:04,2022-08-23 23:46:04,2022-08-23 17:30:04,2022-08-24 01:30:04,Emergency,High,4 - Low,Implement,Database,DB Admins,Deepak Nair,Delhi NCR,Procurement,ERP Server,Storage expansion,No Conflict,Approved,Vendor dependency,Jul-2022,Q3-2022
CHG0000064,2022-05-17 17:02:54,2022-06-04 17:02:54,2022-06-04 23:02:54,2022-06-04 16:49:54,2022-06-04 22:49:54,Standard,Medium,2 - High,Implement,Hardware,L1 Support,Sneha Patil,Delhi NCR,Finance,Email Gateway,Load balancer config,No Conflict,Approved,Vendor dependency,May-2022,Q2-2022
CHG0000065,2022-05-03 08:34:45,2022-05-20 08:34:45,2022-05-20 15:34:45,2022-05-20 08:20:45,2022-05-20 16:20:45,Standard,High,1 - Critical,Closed,Email/Collaboration,DB Admins,Vikram Joshi,Kolkata,HR,Firewall-01,Firewall rule update,No Conflict,Approved,Awaiting approval,May-2022,Q2-2022
CHG0000066,2022-04-14 09:18:46,2022-05-04 09:18:46,2022-05-04 16:18:46,2022-05-04 09:09:46,2022-05-04 12:09:46,Emergency,Medium,4 - Low,Implement,Network,Security Ops,Amit Desai,Bangalore,IT,Firewall-01,Load balancer config,No Conflict,Approved,Resource unavailable,Apr-2022,Q2-2022
CHG0000067,2022-06-17 12:31:28,2022-07-08 12:31:28,2022-07-08 16:31:28,2022-07-08 12:21:28,2022-07-08 18:21:28,Emergency,Low,1 - Critical,Closed,Email/Collaboration,DB Admins,Anjali Singh,Pune,Legal,SAP Production,Backup policy change,No Conflict,Pending,Awaiting approval,Jun-2022,Q2-2022
CHG0000068,2022-08-28 03:58:51,2022-09-05 03:58:51,2022-09-05 10:58:51,2022-09-05 03:28:51,2022-09-05 07:28:51,Normal,Medium,1 - Critical,Implement,Database,Security Ops,Anjali Singh,Mumbai,Operations,VPN Gateway,DR failover test,No Conflict,Pending,Testing required,Aug-2022,Q3-2022
CHG0000069,2022-03-26 16:58:46,2022-04-21 16:58:46,2022-04-21 21:58:46,2022-04-21 17:24:46,2022-04-21 21:24:46,Emergency,High,4 - Low,Implement,Application,Infra Team,Rohan Verma,Hyderabad,Finance,VPN Gateway,Middleware upgrade,No Conflict,Pending,Vendor dependency,Mar-2022,Q1-2022
CHG0000070,2022-04-19 04:57:09,2022-05-05 04:57:09,2022-05-05 05:57:09,,,Emergency,High,1 - Critical,Review,Database,L1 Support,Rohan Verma,Kolkata,IT,Email Gateway,DR failover test,No Conflict,Approved,Resource unavailable,Apr-2022,Q2-2022
CHG0000071,2022-02-14 05:43:21,2022-03-11 05:43:21,2022-03-11 08:43:21,2022-03-11 05:22:21,2022-03-11 13:22:21,Standard,High,4 - Low,Implement,Application,Network Ops,Sneha Patil,Hyderabad,Sales,Core Switch,Load balancer config,Conflict Detected,Approved,Testing required,Feb-2022,Q1-2022
CHG0000072,2022-12-09 14:03:36,2022-12-24 14:03:36,2022-12-24 21:03:36,,,Emergency,High,2 - High,Review,Email/Collaboration,DB Admins,Sneha Patil,Pune,Operations,Firewall-01,OS patch deployment,No Conflict,Approved,,Dec-2022,Q4-2022
CHG0000073,2022-11-10 18:40:29,2022-11-30 18:40:29,2022-11-30 21:40:29,2022-11-30 18:19:29,2022-12-01 01:19:29,Standard,High,1 - Critical,Implement,Access Management,L2 Support,Pooja Iyer,Kolkata,Procurement,Oracle DB,DB migration,No Conflict,Pending,,Nov-2022,Q4-2022
CHG0000074,2022-08-27 17:16:46,2022-09-10 17:16:46,2022-09-10 22:16:46,2022-09-10 17:13:46,2022-09-10 23:13:46,Emergency,Medium,1 - Critical,Implement,Access Management,App Support,Amit Desai,Kolkata,Sales,Core Switch,Network upgrade,No Conflict,Approved,,Aug-2022,Q3-2022
CHG0000075,2022-08-31 01:39:47,2022-09-20 01:39:47,2022-09-20 02:39:47,,,Emergency,Medium,2 - High,Review,Application,DB Admins,Priya Menon,Mumbai,Marketing,Email Gateway,Backup policy change,No Conflict,Rejected,Vendor dependency,Aug-2022,Q3-2022
CHG0000076,2022-02-13 10:35:29,2022-03-12 10:35:29,2022-03-12 12:35:29,2022-03-12 10:23:29,2022-03-12 17:23:29,Standard,High,3 - Medium,Closed,Email/Collaboration,DB Admins,Amit Desai,Delhi NCR,Procurement,Firewall-01,Middleware upgrade,No Conflict,Approved,Vendor dependency,Feb-2022,Q1-2022
CHG0000077,2022-09-05 22:28:23,2022-09-22 22:28:23,2022-09-23 05:28:23,,,Normal,Low,3 - Medium,Review,Security,Network Ops,Rahul Sharma,Chennai,Finance,CRM Application,SSL certificate renewal,No Conflict,Approved,Resource unavailable,Sep-2022,Q3-2022
CHG0000078,2022-04-14 08:44:17,2022-05-04 08:44:17,2022-05-04 16:44:17,2022-05-04 08:29:17,2022-05-04 12:29:17,Standard,High,1 - Critical,Closed,Application,L1 Support,Priya Menon,Bangalore,IT,Core Switch,Middleware upgrade,Conflict Detected,Approved,Resource unavailable,Apr-2022,Q2-2022
CHG0000079,2022-11-27 11:18:44,2022-12-19 11:18:44,2022-12-19 12:18:44,,,Emergency,Medium,3 - Medium,Authorize,Access Management,L2 Support,Pooja Iyer,Chennai,HR,Load Balancer,Load balancer config,No Conflict,Approved,,Nov-2022,Q4-2022
CHG0000080,2022-01-31 00:08:43,2022-02-15 00:08:43,2022-02-15 05:08:43,2022-02-14 23:51:43,2022-02-15 04:51:43,Standard,Medium,3 - Medium,Implement,Database,Infra Team,Sneha Patil,Bangalore,Legal,VPN Gateway,Middleware upgrade,Conflict Detected,Approved,Testing required,Jan-2022,Q1-2022
CHG0000081,2022-05-26 23:51:25,2022-06-06 23:51:25,2022-06-07 01:51:25,,,Normal,Medium,3 - Medium,Authorize,Access Management,L1 Support,Vikram Joshi,Mumbai,Legal,Firewall-01,Storage expansion,No Conflict,Approved,,May-2022,Q2-2022
CHG0000082,2022-10-05 23:12:11,2022-10-30 23:12:11,2022-10-31 01:12:11,2022-10-30 22:49:11,2022-10-30 23:49:11,Normal,Medium,2 - High,Closed,Software,L2 Support,Vikram Joshi,Chennai,Marketing,CRM Application,DB migration,No Conflict,Approved,Resource unavailable,Oct-2022,Q4-2022
CHG0000083,2022-07-06 17:05:33,2022-07-14 17:05:33,2022-07-14 19:05:33,,,Standard,Low,1 - Critical,Cancelled,Email/Collaboration,Security Ops,Sneha Patil,Mumbai,IT,SAP Production,OS patch deployment,No Conflict,Approved,,Jul-2022,Q3-2022
CHG0000084,2022-07-02 19:37:46,2022-07-14 19:37:46,2022-07-15 02:37:46,2022-07-14 19:40:46,2022-07-15 01:40:46,Standard,High,2 - High,Implement,Email/Collaboration,L1 Support,Deepak Nair,Kolkata,HR,Core Switch,Network upgrade,No Conflict,Approved,Resource unavailable,Jul-2022,Q3-2022
CHG0000085,2022-12-07 10:05:19,2022-12-18 10:05:19,2022-12-18 12:05:19,,,Standard,Medium,1 - Critical,Review,Network,DB Admins,Priya Menon,Delhi NCR,Sales,SAP Production,Storage expansion,No Conflict,Approved,Resource unavailable,Dec-2022,Q4-2022
CHG0000086,2022-04-26 05:17:29,2022-05-11 05:17:29,2022-05-11 10:17:29,2022-05-11 05:45:29,2022-05-11 09:45:29,Normal,Low,2 - High,Closed,Security,Network Ops,Rahul Sharma,Mumbai,Marketing,Oracle DB,Load balancer config,No Conflict,Approved,,Apr-2022,Q2-2022
CHG0000087,2022-12-29 11:33:58,2023-01-07 11:33:58,2023-01-07 18:33:58,2023-01-07 11:46:58,2023-01-07 13:46:58,Normal,Medium,2 - High,Implement,Security,Infra Team,Deepak Nair,Chennai,IT,Active Directory,Backup policy change,Conflict Detected,Approved,,Dec-2022,Q4-2022
CHG0000088,2022-04-11 01:50:51,2022-04-30 01:50:51,2022-04-30 09:50:51,2022-04-30 02:14:51,2022-04-30 05:14:51,Standard,Medium,3 - Medium,Implement,Hardware,Security Ops,Sneha Patil,Mumbai,Procurement,ERP Server,Middleware upgrade,No Conflict,Approved,Resource unavailable,Apr-2022,Q2-2022
CHG0000089,2022-03-05 20:30:58,2022-03-17 20:30:58,2022-03-18 04:30:58,,,Standard,Medium,3 - Medium,Authorize,Software,Infra Team,Deepak Nair,Delhi NCR,Marketing,Firewall-01,Network upgrade,No Conflict,Pending,Testing required,Mar-2022,Q1-2022
CHG0000090,2022-12-24 23:04:33,2023-01-06 23:04:33,2023-01-07 04:04:33,,,Normal,High,4 - Low,Authorize,Database,Infra Team,Deepak Nair,Pune,Marketing,Email Gateway,DB migration,No Conflict,Approved,Resource unavailable,Dec-2022,Q4-2022
CHG0000091,2022-06-01 22:10:06,2022-06-16 22:10:06,2022-06-16 23:10:06,2022-06-16 22:26:06,2022-06-17 00:26:06,Standard,High,3 - Medium,Implement,Database,Infra Team,Vikram Joshi,Delhi NCR,Operations,ERP Server,Middleware upgrade,No Conflict,Pending,,Jun-2022,Q2-2022
CHG0000092,2022-10-08 00:41:23,2022-10-20 00:41:23,2022-10-20 02:41:23,2022-10-20 00:13:23,2022-10-20 03:13:23,Emergency,Low,1 - Critical,Closed,Application,Network Ops,Rohan Verma,Pune,Procurement,Firewall-01,Load balancer config,No Conflict,Pending,Awaiting approval,Oct-2022,Q4-2022
CHG0000093,2022-04-16 12:54:12,2022-05-01 12:54:12,2022-05-01 18:54:12,2022-05-01 12:47:12,2022-05-01 13:47:12,Normal,High,3 - Medium,Closed,Security,L1 Support,Kavya Reddy,Mumbai,HR,Active Directory,Network upgrade,No Conflict,Pending,,Apr-2022,Q2-2022
CHG0000094,2022-03-18 13:10:52,2022-04-12 13:10:52,2022-04-12 17:10:52,2022-04-12 13:34:52,2022-04-12 14:34:52,Standard,High,2 - High,Closed,Email/Collaboration,L1 Support,Amit Desai,Bangalore,Operations,CRM Application,DR failover test,No Conflict,Approved,,Mar-2022,Q1-2022
CHG0000095,2022-05-15 02:35:45,2022-06-12 02:35:45,2022-06-12 09:35:45,2022-06-12 02:20:45,2022-06-12 06:20:45,Normal,Low,2 - High,Closed,Application,Network Ops,Vikram Joshi,Pune,IT,Core Switch,SSL certificate renewal,No Conflict,Pending,,May-2022,Q2-2022
CHG0000096,2022-05-17 05:02:48,2022-05-24 05:02:48,2022-05-24 07:02:48,2022-05-24 05:07:48,2022-05-24 07:07:48,Standard,Low,4 - Low,Closed,Security,Network Ops,Pooja Iyer,Pune,Operations,Email Gateway,Network upgrade,No Conflict,Approved,Testing required,May-2022,Q2-2022
CHG0000097,2022-01-13 12:38:46,2022-01-29 12:38:46,2022-01-29 19:38:46,,,Emergency,Medium,3 - Medium,Review,Database,DB Admins,Rohan Verma,Hyderabad,Finance,VPN Gateway,DR failover test,No Conflict,Approved,,Jan-2022,Q1-2022
CHG0000098,2022-12-02 08:37:39,2022-12-28 08:37:39,2022-12-28 12:37:39,2022-12-28 08:29:39,2022-12-28 12:29:39,Standard,Medium,1 - Critical,Closed,Software,DB Admins,Vikram Joshi,Pune,Sales,Oracle DB,Storage expansion,No Conflict,Pending,Vendor dependency,Dec-2022,Q4-2022
CHG0000099,2022-09-06 22:55:23,2022-09-28 22:55:23,2022-09-29 04:55:23,,,Emergency,Low,4 - Low,Authorize,Email/Collaboration,DB Admins,Priya Menon,Chennai,Procurement,ERP Server,SSL certificate renewal,No Conflict,Approved,,Sep-2022,Q3-2022
CHG0000100,2022-08-20 04:13:43,2022-08-28 04:13:43,2022-08-28 10:13:43,2022-08-28 04:03:43,2022-08-28 09:03:43,Standard,Low,1 - Critical,Closed,Database,L1 Support,Kavya Reddy,Hyderabad,Legal,Email Gateway,OS patch deployment,No Conflict,Approved,Awaiting approval,Aug-2022,Q3-2022
CHG0000101,2022-02-13 20:31:14,2022-03-03 20:31:14,2022-03-04 04:31:14,2022-03-03 20:48:14,2022-03-04 03:48:14,Standard,High,4 - Low,Closed,Hardware,Infra Team,Amit Desai,Chennai,Legal,CRM Application,Network upgrade,No Conflict,Pending,Vendor dependency,Feb-2022,Q1-2022
CHG0000102,2022-04-07 12:39:02,2022-04-15 12:39:02,2022-04-15 19:39:02,2022-04-15 12:20:02,2022-04-15 19:20:02,Normal,Low,1 - Critical,Closed,Software,L1 Support,Rohan Verma,Bangalore,Sales,Active Directory,Backup policy change,No Conflict,Approved,,Apr-2022,Q2-2022
CHG0000103,2022-01-17 07:08:45,2022-01-27 07:08:45,2022-01-27 12:08:45,2022-01-27 06:39:45,2022-01-27 09:39:45,Standard,Medium,2 - High,Closed,Software,DB Admins,Deepak Nair,Pune,IT,CRM Application,SSL certificate renewal,Conflict Detected,Approved,Testing required,Jan-2022,Q1-2022
CHG0000104,2022-12-24 21:18:45,2023-01-19 21:18:45,2023-01-20 04:18:45,2023-01-19 21:14:45,2023-01-19 23:14:45,Standard,Low,2 - High,Closed,Security,Infra Team,Pooja Iyer,Mumbai,Marketing,Active Directory,DB migration,No Conflict,Approved,Awaiting approval,Dec-2022,Q4-2022
CHG0000105,2022-06-19 15:22:15,2022-06-29 15:22:15,2022-06-29 23:22:15,2022-06-29 15:11:15,2022-06-29 16:11:15,Normal,High,1 - Critical,Implement,Email/Collaboration,DB Admins,Vikram Joshi,Delhi NCR,Finance,VPN Gateway,OS patch deployment,No Conflict,Approved,Awaiting approval,Jun-2022,Q2-2022
CHG0000106,2022-08-28 12:42:46,2022-09-18 12:42:46,2022-09-18 13:42:46,2022-09-18 12:29:46,2022-09-18 13:29:46,Normal,Medium,1 - Critical,Closed,Application,Security Ops,Priya Menon,Hyderabad,Sales,Load Balancer,DR failover test,No Conflict,Approved,Vendor dependency,Aug-2022,Q3-2022
CHG0000107,2022-12-13 11:42:04,2022-12-24 11:42:04,2022-12-24 19:42:04,2022-12-24 11:22:04,2022-12-24 19:22:04,Standard,Medium,1 - Critical,Implement,Email/Collaboration,L2 Support,Rohan Verma,Pune,Sales,Oracle DB,Storage expansion,No Conflict,Approved,Testing required,Dec-2022,Q4-2022
CHG0000108,2022-11-09 14:01:42,2022-11-16 14:01:42,2022-11-16 17:01:42,,,Normal,High,2 - High,Authorize,Database,Security Ops,Amit Desai,Chennai,Procurement,Email Gateway,SSL certificate renewal,Conflict Detected,Approved,Vendor dependency,Nov-2022,Q4-2022
CHG0000109,2022-11-17 18:21:47,2022-12-06 18:21:47,2022-12-06 23:21:47,2022-12-06 18:03:47,2022-12-07 00:03:47,Normal,Medium,2 - High,Implement,Access Management,Network Ops,Anjali Singh,Hyderabad,Procurement,Active Directory,DB migration,No Conflict,Approved,Resource unavailable,Nov-2022,Q4-2022
CHG0000110,2022-03-24 14:45:47,2022-04-01 14:45:47,2022-04-01 18:45:47,,,Standard,Medium,4 - Low,Authorize,Network,App Support,Vikram Joshi,Bangalore,IT,Load Balancer,Firewall rule update,No Conflict,Approved,Resource unavailable,Mar-2022,Q1-2022
CHG0000111,2022-10-10 19:39:50,2022-10-19 19:39:50,2022-10-20 03:39:50,,,Normal,Medium,1 - Critical,Cancelled,Hardware,L1 Support,Sneha Patil,Hyderabad,IT,Active Directory,Backup policy change,No Conflict,Approved,Vendor dependency,Oct-2022,Q4-2022
CHG0000112,2022-09-12 11:57:41,2022-09-29 11:57:41,2022-09-29 15:57:41,2022-09-29 12:26:41,2022-09-29 18:26:41,Normal,Low,2 - High,Implement,Access Management,DB Admins,Amit Desai,Chennai,Operations,Firewall-01,Middleware upgrade,No Conflict,Approved,Awaiting approval,Sep-2022,Q3-2022
CHG0000113,2022-09-18 05:39:23,2022-10-15 05:39:23,2022-10-15 11:39:23,2022-10-15 05:42:23,2022-10-15 13:42:23,Standard,High,4 - Low,Closed,Access Management,Network Ops,Anjali Singh,Mumbai,IT,Email Gateway,DB migration,No Conflict,Pending,Resource unavailable,Sep-2022,Q3-2022
CHG0000114,2022-12-07 15:28:46,2022-12-14 15:28:46,2022-12-14 18:28:46,,,Normal,High,3 - Medium,Review,Security,Security Ops,Sneha Patil,Bangalore,Procurement,Load Balancer,Firewall rule update,No Conflict,Approved,,Dec-2022,Q4-2022
CHG0000115,2022-08-04 12:09:54,2022-08-26 12:09:54,2022-08-26 19:09:54,2022-08-26 11:43:54,2022-08-26 13:43:54,Standard,High,3 - Medium,Closed,Software,DB Admins,Deepak Nair,Kolkata,Operations,Oracle DB,Storage expansion,No Conflict,Approved,Awaiting approval,Aug-2022,Q3-2022
CHG0000116,2022-08-17 07:14:38,2022-09-02 07:14:38,2022-09-02 11:14:38,2022-09-02 07:00:38,2022-09-02 10:00:38,Standard,Medium,2 - High,Implement,Network,L1 Support,Anjali Singh,Chennai,Legal,ERP Server,Backup policy change,No Conflict,Approved,Resource unavailable,Aug-2022,Q3-2022
CHG0000117,2022-08-26 04:42:31,2022-09-04 04:42:31,2022-09-04 05:42:31,2022-09-04 05:00:31,2022-09-04 09:00:31,Emergency,Medium,2 - High,Closed,Email/Collaboration,L2 Support,Pooja Iyer,Pune,Procurement,Load Balancer,Middleware upgrade,No Conflict,Rejected,Vendor dependency,Aug-2022,Q3-2022
CHG0000118,2022-08-02 16:55:39,2022-08-26 16:55:39,2022-08-26 23:55:39,2022-08-26 17:18:39,2022-08-26 22:18:39,Standard,High,3 - Medium,Implement,Access Management,DB Admins,Pooja Iyer,Delhi NCR,Marketing,ERP Server,DR failover test,No Conflict,Pending,Resource unavailable,Aug-2022,Q3-2022
CHG0000119,2022-11-21 17:53:03,2022-12-14 17:53:03,2022-12-15 00:53:03,2022-12-14 18:17:03,2022-12-14 21:17:03,Standard,High,1 - Critical,Implement,Email/Collaboration,L2 Support,Rahul Sharma,Delhi NCR,Finance,Oracle DB,Storage expansion,No Conflict,Approved,Vendor dependency,Nov-2022,Q4-2022
CHG0000120,2022-10-18 18:21:47,2022-10-29 18:21:47,2022-10-30 00:21:47,2022-10-29 18:40:47,2022-10-30 02:40:47,Normal,Medium,2 - High,Closed,Network,L2 Support,Pooja Iyer,Hyderabad,Legal,VPN Gateway,Firewall rule update,No Conflict,Approved,Awaiting approval,Oct-2022,Q4-2022
CHG0000121,2022-11-13 07:30:13,2022-11-23 07:30:13,2022-11-23 10:30:13,2022-11-23 07:40:13,2022-11-23 10:40:13,Normal,Low,3 - Medium,Closed,Security,Security Ops,Amit Desai,Mumbai,Operations,Firewall-01,Firewall rule update,No Conflict,Approved,,Nov-2022,Q4-2022
CHG0000122,2022-03-08 16:32:01,2022-04-03 16:32:01,2022-04-03 21:32:01,,,Normal,Low,4 - Low,Review,Application,App Support,Anjali Singh,Pune,Operations,Oracle DB,OS patch deployment,No Conflict,Rejected,Testing required,Mar-2022,Q1-2022
CHG0000123,2022-04-01 07:41:14,2022-04-09 07:41:14,2022-04-09 13:41:14,2022-04-09 07:20:14,2022-04-09 09:20:14,Emergency,Low,1 - Critical,Implement,Software,L2 Support,Kavya Reddy,Kolkata,Operations,Active Directory,SSL certificate renewal,No Conflict,Approved,Awaiting approval,Apr-2022,Q2-2022
CHG0000124,2022-07-03 21:17:09,2022-07-22 21:17:09,2022-07-22 22:17:09,2022-07-22 21:22:09,2022-07-23 01:22:09,Standard,Medium,4 - Low,Closed,Software,L2 Support,Rohan Verma,Bangalore,HR,ERP Server,Network upgrade,Conflict Detected,Approved,Vendor dependency,Jul-2022,Q3-2022
CHG0000125,2022-10-30 23:11:03,2022-11-19 23:11:03,2022-11-20 02:11:03,2022-11-19 23:09:03,2022-11-20 06:09:03,Standard,Low,1 - Critical,Closed,Software,L1 Support,Sneha Patil,Kolkata,Marketing,CRM Application,DR failover test,No Conflict,Approved,,Oct-2022,Q4-2022
CHG0000126,2022-12-30 09:17:15,2023-01-21 09:17:15,2023-01-21 17:17:15,,,Normal,Medium,4 - Low,Review,Application,Infra Team,Vikram Joshi,Chennai,Sales,ERP Server,Backup policy change,No Conflict,Approved,Testing required,Dec-2022,Q4-2022
CHG0000127,2022-12-23 00:11:02,2023-01-11 00:11:02,2023-01-11 06:11:02,,,Emergency,Low,1 - Critical,Review,Security,L1 Support,Rohan Verma,Pune,Sales,CRM Application,Storage expansion,Conflict Detected,Pending,Resource unavailable,Dec-2022,Q4-2022
CHG0000128,2022-11-02 03:49:17,2022-11-09 03:49:17,2022-11-09 08:49:17,2022-11-09 03:51:17,2022-11-09 07:51:17,Normal,High,1 - Critical,Implement,Email/Collaboration,App Support,Priya Menon,Mumbai,Legal,VPN Gateway,Middleware upgrade,No Conflict,Pending,Resource unavailable,Nov-2022,Q4-2022
CHG0000129,2022-04-04 13:28:39,2022-04-15 13:28:39,2022-04-15 15:28:39,2022-04-15 13:13:39,2022-04-15 17:13:39,Normal,High,1 - Critical,Implement,Application,L1 Support,Vikram Joshi,Kolkata,Marketing,Active Directory,Backup policy change,No Conflict,Approved,Vendor dependency,Apr-2022,Q2-2022
CHG0000130,2022-12-28 01:57:14,2023-01-16 01:57:14,2023-01-16 04:57:14,2023-01-16 01:40:14,2023-01-16 03:40:14,Emergency,High,4 - Low,Implement,Security,Security Ops,Pooja Iyer,Mumbai,Legal,Email Gateway,Backup policy change,Conflict Detected,Approved,Awaiting approval,Dec-2022,Q4-2022
CHG0000131,2022-06-10 16:44:49,2022-06-22 16:44:49,2022-06-22 21:44:49,,,Normal,Low,4 - Low,Review,Database,DB Admins,Amit Desai,Delhi NCR,IT,VPN Gateway,DB migration,No Conflict,Approved,Resource unavailable,Jun-2022,Q2-2022
CHG0000132,2022-06-23 13:19:31,2022-06-30 13:19:31,2022-06-30 21:19:31,2022-06-30 12:52:31,2022-06-30 15:52:31,Normal,High,2 - High,Implement,Hardware,Network Ops,Pooja Iyer,Bangalore,Operations,Firewall-01,Middleware upgrade,Conflict Detected,Approved,,Jun-2022,Q2-2022
CHG0000133,2022-11-01 22:33:35,2022-11-10 22:33:35,2022-11-11 02:33:35,,,Normal,Low,2 - High,Authorize,Software,App Support,Amit Desai,Delhi NCR,Operations,Email Gateway,DR failover test,No Conflict,Rejected,Testing required,Nov-2022,Q4-2022
CHG0000134,2022-01-07 19:47:57,2022-01-18 19:47:57,2022-01-18 22:47:57,2022-01-18 20:02:57,2022-01-18 23:02:57,Standard,Low,1 - Critical,Closed,Database,App Support,Anjali Singh,Kolkata,IT,VPN Gateway,DR failover test,No Conflict,Approved,Vendor dependency,Jan-2022,Q1-2022
CHG0000135,2022-05-30 12:48:43,2022-06-17 12:48:43,2022-06-17 17:48:43,,,Emergency,Low,3 - Medium,Review,Database,Network Ops,Rohan Verma,Chennai,HR,ERP Server,Backup policy change,No Conflict,Approved,Vendor dependency,May-2022,Q2-2022
CHG0000136,2022-06-05 20:35:22,2022-06-23 20:35:22,2022-06-24 00:35:22,,,Emergency,Low,1 - Critical,Review,Software,Infra Team,Amit Desai,Chennai,Legal,CRM Application,Backup policy change,No Conflict,Approved,Resource unavailable,Jun-2022,Q2-2022
CHG0000137,2022-03-19 14:20:37,2022-03-28 14:20:37,2022-03-28 20:20:37,,,Normal,Medium,3 - Medium,Authorize,Access Management,DB Admins,Sneha Patil,Hyderabad,Finance,Active Directory,Middleware upgrade,Conflict Detected,Approved,Vendor dependency,Mar-2022,Q1-2022
CHG0000138,2022-01-26 02:25:28,2022-02-18 02:25:28,2022-02-18 07:25:28,,,Emergency,Low,4 - Low,Review,Email/Collaboration,Network Ops,Anjali Singh,Mumbai,Operations,VPN Gateway,Load balancer config,No Conflict,Pending,,Jan-2022,Q1-2022
CHG0000139,2022-02-04 00:32:12,2022-02-22 00:32:12,2022-02-22 01:32:12,2022-02-22 00:21:12,2022-02-22 03:21:12,Standard,Medium,1 - Critical,Closed,Application,Security Ops,Rahul Sharma,Pune,IT,Email Gateway,DB migration,No Conflict,Pending,Vendor dependency,Feb-2022,Q1-2022
CHG0000140,2022-06-23 07:29:21,2022-07-01 07:29:21,2022-07-01 10:29:21,2022-07-01 07:34:21,2022-07-01 08:34:21,Emergency,Medium,3 - Medium,Implement,Security,Network Ops,Sneha Patil,Hyderabad,IT,Oracle DB,Middleware upgrade,No Conflict,Approved,Resource unavailable,Jun-2022,Q2-2022
CHG0000141,2022-01-23 01:00:53,2022-02-05 01:00:53,2022-02-05 03:00:53,2022-02-05 01:10:53,2022-02-05 03:10:53,Emergency,High,3 - Medium,Closed,Application,App Support,Anjali Singh,Bangalore,Operations,SAP Production,Network upgrade,Conflict Detected,Approved,Resource unavailable,Jan-2022,Q1-2022
CHG0000142,2022-07-19 19:41:57,2022-08-15 19:41:57,2022-08-15 23:41:57,,,Emergency,Low,2 - High,Review,Network,App Support,Amit Desai,Delhi NCR,Sales,Active Directory,SSL certificate renewal,No Conflict,Approved,,Jul-2022,Q3-2022
CHG0000143,2022-05-10 18:34:04,2022-06-03 18:34:04,2022-06-03 23:34:04,2022-06-03 18:27:04,2022-06-04 02:27:04,Emergency,Medium,3 - Medium,Closed,Email/Collaboration,L1 Support,Kavya Reddy,Chennai,Finance,Oracle DB,Network upgrade,No Conflict,Approved,Vendor dependency,May-2022,Q2-2022
CHG0000144,2022-06-10 22:03:59,2022-06-28 22:03:59,2022-06-29 00:03:59,2022-06-28 22:12:59,2022-06-29 01:12:59,Standard,Medium,1 - Critical,Closed,Security,L1 Support,Amit Desai,Kolkata,HR,ERP Server,OS patch deployment,No Conflict,Pending,Testing required,Jun-2022,Q2-2022
CHG0000145,2022-10-30 00:48:35,2022-11-12 00:48:35,2022-11-12 04:48:35,2022-11-12 00:49:35,2022-11-12 02:49:35,Standard,High,2 - High,Implement,Software,DB Admins,Anjali Singh,Kolkata,Legal,Active Directory,Middleware upgrade,Conflict Detected,Approved,Testing required,Oct-2022,Q4-2022
CHG0000146,2022-12-25 22:20:44,2023-01-03 22:20:44,2023-01-03 23:20:44,2023-01-03 22:16:44,2023-01-04 00:16:44,Standard,Low,4 - Low,Closed,Application,L2 Support,Kavya Reddy,Chennai,Finance,VPN Gateway,DB migration,No Conflict,Approved,Awaiting approval,Dec-2022,Q4-2022
CHG0000147,2022-07-24 01:03:38,2022-08-08 01:03:38,2022-08-08 07:03:38,,,Normal,Medium,3 - Medium,Authorize,Application,Network Ops,Amit Desai,Chennai,HR,Active Directory,Middleware upgrade,Conflict Detected,Approved,Testing required,Jul-2022,Q3-2022
CHG0000148,2022-12-10 23:00:45,2022-12-31 23:00:45,2023-01-01 01:00:45,,,Emergency,Medium,1 - Critical,Review,Network,L1 Support,Pooja Iyer,Pune,Sales,SAP Production,Middleware upgrade,No Conflict,Pending,Testing required,Dec-2022,Q4-2022
CHG0000149,2022-04-11 15:22:27,2022-05-09 15:22:27,2022-05-09 22:22:27,2022-05-09 15:45:27,2022-05-09 22:45:27,Normal,Low,2 - High,Closed,Database,Security Ops,Priya Menon,Pune,Sales,Oracle DB,Storage expansion,No Conflict,Approved,Resource unavailable,Apr-2022,Q2-2022
CHG0000150,2022-10-19 00:46:01,2022-11-01 00:46:01,2022-11-01 02:46:01,2022-11-01 00:16:01,2022-11-01 05:16:01,Standard,Low,3 - Medium,Implement,Database,Infra Team,Amit Desai,Bangalore,Finance,Active Directory,DB migration,No Conflict,Approved,Vendor dependency,Oct-2022,Q4-2022
CHG0000151,2022-01-13 14:38:09,2022-01-26 14:38:09,2022-01-26 16:38:09,,,Standard,High,1 - Critical,Review,Application,DB Admins,Kavya Reddy,Bangalore,HR,SAP Production,Load balancer config,No Conflict,Approved,Testing required,Jan-2022,Q1-2022
CHG0000152,2022-12-22 23:19:08,2023-01-12 23:19:08,2023-01-13 07:19:08,,,Normal,High,4 - Low,Authorize,Access Management,Security Ops,Vikram Joshi,Bangalore,Sales,CRM Application,Firewall rule update,No Conflict,Rejected,,Dec-2022,Q4-2022
CHG0000153,2022-04-20 01:50:28,2022-05-10 01:50:28,2022-05-10 06:50:28,,,Standard,Low,4 - Low,Authorize,Hardware,L2 Support,Rahul Sharma,Hyderabad,IT,Oracle DB,Load balancer config,No Conflict,Approved,,Apr-2022,Q2-2022
CHG0000154,2022-03-12 12:08:49,2022-03-22 12:08:49,2022-03-22 18:08:49,2022-03-22 12:21:49,2022-03-22 18:21:49,Normal,Low,2 - High,Implement,Access Management,Security Ops,Anjali Singh,Hyderabad,Sales,VPN Gateway,OS patch deployment,No Conflict,Approved,Vendor dependency,Mar-2022,Q1-2022
CHG0000155,2022-01-02 17:04:29,2022-01-21 17:04:29,2022-01-22 01:04:29,,,Normal,Low,4 - Low,Review,Network,DB Admins,Rahul Sharma,Hyderabad,Procurement,VPN Gateway,SSL certificate renewal,No Conflict,Approved,,Jan-2022,Q1-2022
CHG0000156,2022-09-06 14:00:38,2022-09-24 14:00:38,2022-09-24 18:00:38,2022-09-24 13:33:38,2022-09-24 14:33:38,Emergency,High,4 - Low,Implement,Security,DB Admins,Sneha Patil,Chennai,HR,Core Switch,Network upgrade,No Conflict,Pending,Vendor dependency,Sep-2022,Q3-2022
CHG0000157,2022-07-09 10:41:56,2022-08-04 10:41:56,2022-08-04 13:41:56,2022-08-04 10:44:56,2022-08-04 17:44:56,Standard,Low,2 - High,Implement,Database,DB Admins,Rohan Verma,Delhi NCR,Operations,Firewall-01,DR failover test,No Conflict,Approved,Vendor dependency,Jul-2022,Q3-2022
CHG0000158,2022-08-27 19:42:23,2022-09-19 19:42:23,2022-09-19 20:42:23,2022-09-19 19:44:23,2022-09-20 02:44:23,Standard,Low,3 - Medium,Closed,Email/Collaboration,Network Ops,Rohan Verma,Chennai,Finance,Firewall-01,DB migration,No Conflict,Approved,Testing required,Aug-2022,Q3-2022
CHG0000159,2022-10-23 21:20:19,2022-11-13 21:20:19,2022-11-14 00:20:19,2022-11-13 21:27:19,2022-11-14 04:27:19,Standard,Low,1 - Critical,Implement,Software,Security Ops,Amit Desai,Pune,Marketing,Core Switch,Storage expansion,No Conflict,Approved,Resource unavailable,Oct-2022,Q4-2022
CHG0000160,2022-03-08 02:26:54,2022-03-30 02:26:54,2022-03-30 09:26:54,2022-03-30 02:16:54,2022-03-30 03:16:54,Normal,High,4 - Low,Closed,Hardware,L1 Support,Priya Menon,Kolkata,Legal,Load Balancer,OS patch deployment,No Conflict,Pending,,Mar-2022,Q1-2022
CHG0000161,2022-01-01 09:47:27,2022-01-19 09:47:27,2022-01-19 17:47:27,2022-01-19 09:55:27,2022-01-19 17:55:27,Standard,High,4 - Low,Closed,Access Management,Infra Team,Rahul Sharma,Mumbai,Finance,CRM Application,Network upgrade,No Conflict,Rejected,Awaiting approval,Jan-2022,Q1-2022
CHG0000162,2022-09-23 20:06:48,2022-10-18 20:06:48,2022-10-19 00:06:48,,,Standard,Low,2 - High,Review,Network,DB Admins,Rohan Verma,Delhi NCR,Marketing,SAP Production,DB migration,No Conflict,Pending,Resource unavailable,Sep-2022,Q3-2022
CHG0000163,2022-03-14 18:13:38,2022-03-22 18:13:38,2022-03-23 00:13:38,2022-03-22 18:19:38,2022-03-22 21:19:38,Standard,Medium,1 - Critical,Closed,Security,Infra Team,Priya Menon,Pune,Marketing,CRM Application,DR failover test,No Conflict,Approved,,Mar-2022,Q1-2022
CHG0000164,2022-09-01 17:38:12,2022-09-20 17:38:12,2022-09-20 19:38:12,,,Emergency,Low,2 - High,Authorize,Software,L1 Support,Pooja Iyer,Hyderabad,HR,CRM Application,Middleware upgrade,No Conflict,Approved,Testing required,Sep-2022,Q3-2022
CHG0000165,2022-02-14 23:27:13,2022-03-01 23:27:13,2022-03-02 07:27:13,,,Standard,Low,2 - High,Review,Software,DB Admins,Vikram Joshi,Delhi NCR,Operations,Core Switch,Load balancer config,No Conflict,Approved,Vendor dependency,Feb-2022,Q1-2022
CHG0000166,2022-09-15 23:09:49,2022-09-22 23:09:49,2022-09-23 00:09:49,2022-09-22 22:58:49,2022-09-23 02:58:49,Normal,Medium,4 - Low,Closed,Email/Collaboration,Security Ops,Rahul Sharma,Chennai,Marketing,Oracle DB,Network upgrade,No Conflict,Rejected,Testing required,Sep-2022,Q3-2022
CHG0000167,2022-03-25 06:27:43,2022-04-11 06:27:43,2022-04-11 12:27:43,2022-04-11 06:52:43,2022-04-11 13:52:43,Normal,Medium,4 - Low,Implement,Security,Security Ops,Rahul Sharma,Pune,Legal,CRM Application,DR failover test,Conflict Detected,Approved,Vendor dependency,Mar-2022,Q1-2022
CHG0000168,2022-12-01 07:44:13,2022-12-16 07:44:13,2022-12-16 11:44:13,,,Emergency,Low,1 - Critical,Authorize,Network,Network Ops,Priya Menon,Bangalore,Operations,Oracle DB,DB migration,No Conflict,Approved,,Dec-2022,Q4-2022
CHG0000169,2022-11-18 13:04:20,2022-11-25 13:04:20,2022-11-25 18:04:20,2022-11-25 13:13:20,2022-11-25 15:13:20,Emergency,Low,3 - Medium,Implement,Database,Infra Team,Pooja Iyer,Chennai,Operations,Firewall-01,Load balancer config,No Conflict,Approved,Vendor dependency,Nov-2022,Q4-2022
CHG0000170,2022-07-01 22:52:48,2022-07-25 22:52:48,2022-07-26 00:52:48,,,Standard,High,3 - Medium,Review,Software,Security Ops,Pooja Iyer,Hyderabad,Procurement,SAP Production,Load balancer config,No Conflict,Approved,,Jul-2022,Q3-2022
CHG0000171,2022-09-09 13:37:26,2022-09-17 13:37:26,2022-09-17 21:37:26,,,Normal,High,2 - High,Authorize,Access Management,DB Admins,Rahul Sharma,Hyderabad,HR,Oracle DB,Firewall rule update,No Conflict,Approved,,Sep-2022,Q3-2022
CHG0000172,2022-05-05 15:20:11,2022-05-25 15:20:11,2022-05-25 17:20:11,2022-05-25 15:24:11,2022-05-25 18:24:11,Emergency,Low,4 - Low,Implement,Software,DB Admins,Kavya Reddy,Pune,IT,SAP Production,DR failover test,Conflict Detected,Approved,Awaiting approval,May-2022,Q2-2022
CHG0000173,2022-11-17 05:03:27,2022-11-24 05:03:27,2022-11-24 12:03:27,2022-11-24 05:20:27,2022-11-24 11:20:27,Normal,Medium,1 - Critical,Implement,Hardware,DB Admins,Rahul Sharma,Mumbai,Marketing,CRM Application,Middleware upgrade,No Conflict,Approved,Awaiting approval,Nov-2022,Q4-2022
CHG0000174,2022-02-21 23:56:30,2022-03-03 23:56:30,2022-03-04 00:56:30,2022-03-03 23:56:30,2022-03-04 00:56:30,Normal,Medium,4 - Low,Closed,Email/Collaboration,DB Admins,Deepak Nair,Chennai,Operations,CRM Application,Storage expansion,No Conflict,Approved,Testing required,Feb-2022,Q1-2022
CHG0000175,2022-06-24 22:15:33,2022-07-16 22:15:33,2022-07-17 01:15:33,2022-07-16 22:10:33,2022-07-17 06:10:33,Emergency,High,2 - High,Implement,Software,Security Ops,Kavya Reddy,Chennai,HR,CRM Application,DB migration,No Conflict,Approved,Vendor dependency,Jun-2022,Q2-2022
CHG0000176,2022-12-15 18:48:23,2023-01-07 18:48:23,2023-01-08 02:48:23,2023-01-07 19:08:23,2023-01-07 21:08:23,Emergency,High,1 - Critical,Implement,Email/Collaboration,Network Ops,Sneha Patil,Bangalore,Sales,Active Directory,Network upgrade,Conflict Detected,Pending,Resource unavailable,Dec-2022,Q4-2022
CHG0000177,2022-07-05 07:13:58,2022-07-28 07:13:58,2022-07-28 12:13:58,2022-07-28 07:30:58,2022-07-28 15:30:58,Emergency,High,4 - Low,Closed,Access Management,Network Ops,Rahul Sharma,Bangalore,Legal,CRM Application,Storage expansion,Conflict Detected,Approved,Testing required,Jul-2022,Q3-2022
CHG0000178,2022-05-07 19:30:29,2022-05-27 19:30:29,2022-05-28 00:30:29,2022-05-27 19:04:29,2022-05-27 20:04:29,Emergency,High,1 - Critical,Closed,Network,App Support,Anjali Singh,Chennai,HR,Firewall-01,Backup policy change,No Conflict,Rejected,Testing required,May-2022,Q2-2022
CHG0000179,2022-12-19 18:00:41,2023-01-12 18:00:41,2023-01-12 21:00:41,2023-01-12 17:35:41,2023-01-12 19:35:41,Emergency,Low,2 - High,Closed,Hardware,Security Ops,Kavya Reddy,Mumbai,IT,Oracle DB,Firewall rule update,Conflict Detected,Approved,,Dec-2022,Q4-2022
CHG0000180,2022-03-10 00:19:43,2022-04-04 00:19:43,2022-04-04 02:19:43,2022-04-04 00:05:43,2022-04-04 05:05:43,Normal,High,3 - Medium,Implement,Software,App Support,Rohan Verma,Delhi NCR,HR,Active Directory,DR failover test,Conflict Detected,Pending,Testing required,Mar-2022,Q1-2022
CHG0000181,2022-05-20 11:03:20,2022-06-02 11:03:20,2022-06-02 14:03:20,2022-06-02 11:30:20,2022-06-02 19:30:20,Normal,High,3 - Medium,Closed,Application,DB Admins,Amit Desai,Chennai,Legal,Active Directory,DR failover test,No Conflict,Approved,Testing required,May-2022,Q2-2022
CHG0000182,2022-01-24 19:25:03,2022-02-02 19:25:03,2022-02-03 02:25:03,,,Emergency,Low,4 - Low,Authorize,Email/Collaboration,Security Ops,Amit Desai,Hyderabad,Sales,Email Gateway,DR failover test,No Conflict,Approved,Vendor dependency,Jan-2022,Q1-2022
CHG0000183,2022-08-26 07:20:55,2022-09-13 07:20:55,2022-09-13 11:20:55,,,Standard,High,1 - Critical,Authorize,Application,L2 Support,Priya Menon,Pune,Marketing,Core Switch,Backup policy change,No Conflict,Approved,Vendor dependency,Aug-2022,Q3-2022
CHG0000184,2022-05-30 22:36:32,2022-06-20 22:36:32,2022-06-21 03:36:32,,,Emergency,Medium,4 - Low,Authorize,Database,L2 Support,Anjali Singh,Pune,Finance,Active Directory,Storage expansion,Conflict Detected,Pending,Vendor dependency,May-2022,Q2-2022
CHG0000185,2022-10-29 21:43:32,2022-11-06 21:43:32,2022-11-07 03:43:32,2022-11-06 21:49:32,2022-11-06 23:49:32,Standard,High,1 - Critical,Closed,Security,Infra Team,Deepak Nair,Pune,IT,ERP Server,SSL certificate renewal,No Conflict,Approved,Awaiting approval,Oct-2022,Q4-2022
CHG0000186,2022-03-16 11:40:15,2022-03-25 11:40:15,2022-03-25 17:40:15,2022-03-25 11:29:15,2022-03-25 16:29:15,Emergency,Medium,1 - Critical,Closed,Access Management,Security Ops,Anjali Singh,Delhi NCR,Sales,Email Gateway,Firewall rule update,No Conflict,Approved,Resource unavailable,Mar-2022,Q1-2022
CHG0000187,2022-11-06 19:06:32,2022-11-27 19:06:32,2022-11-27 23:06:32,,,Standard,Low,2 - High,Review,Security,Security Ops,Rohan Verma,Delhi NCR,IT,CRM Application,Network upgrade,Conflict Detected,Pending,Vendor dependency,Nov-2022,Q4-2022
CHG0000188,2022-09-05 20:08:06,2022-09-21 20:08:06,2022-09-22 04:08:06,2022-09-21 20:04:06,2022-09-21 22:04:06,Normal,Low,3 - Medium,Implement,Software,DB Admins,Priya Menon,Mumbai,HR,Oracle DB,SSL certificate renewal,No Conflict,Pending,,Sep-2022,Q3-2022
CHG0000189,2022-04-01 08:55:38,2022-04-24 08:55:38,2022-04-24 09:55:38,,,Standard,Low,4 - Low,Review,Access Management,L1 Support,Kavya Reddy,Bangalore,Sales,Oracle DB,Backup policy change,No Conflict,Approved,,Apr-2022,Q2-2022
CHG0000190,2022-07-03 05:13:04,2022-07-21 05:13:04,2022-07-21 11:13:04,,,Emergency,Medium,2 - High,Authorize,Hardware,L2 Support,Anjali Singh,Pune,Operations,Firewall-01,OS patch deployment,Conflict Detected,Approved,Testing required,Jul-2022,Q3-2022
CHG0000191,2022-01-03 14:31:12,2022-01-28 14:31:12,2022-01-28 20:31:12,2022-01-28 14:14:12,2022-01-28 22:14:12,Emergency,Medium,1 - Critical,Implement,Database,Infra Team,Rahul Sharma,Delhi NCR,HR,Firewall-01,Network upgrade,No Conflict,Approved,,Jan-2022,Q1-2022
CHG0000192,2022-09-14 10:54:22,2022-10-03 10:54:22,2022-10-03 15:54:22,2022-10-03 10:49:22,2022-10-03 16:49:22,Normal,Medium,3 - Medium,Closed,Access Management,Security Ops,Sneha Patil,Kolkata,HR,Core Switch,Storage expansion,No Conflict,Approved,Vendor dependency,Sep-2022,Q3-2022
CHG0000193,2022-02-27 01:22:57,2022-03-10 01:22:57,2022-03-10 04:22:57,,,Standard,Medium,3 - Medium,Authorize,Software,Network Ops,Priya Menon,Bangalore,Operations,SAP Production,Firewall rule update,Conflict Detected,Approved,Awaiting approval,Feb-2022,Q1-2022
CHG0000194,2022-05-25 16:44:25,2022-06-02 16:44:25,2022-06-02 20:44:25,2022-06-02 17:12:25,2022-06-02 22:12:25,Normal,Low,2 - High,Closed,Security,Infra Team,Kavya Reddy,Chennai,HR,VPN Gateway,DR failover test,No Conflict,Approved,Resource unavailable,May-2022,Q2-2022
CHG0000195,2022-06-07 20:39:55,2022-07-01 20:39:55,2022-07-02 01:39:55,,,Standard,Medium,3 - Medium,Authorize,Software,Infra Team,Sneha Patil,Mumbai,HR,Oracle DB,Firewall rule update,Conflict Detected,Approved,Resource unavailable,Jun-2022,Q2-2022
CHG0000196,2022-04-23 22:52:25,2022-05-09 22:52:25,2022-05-09 23:52:25,2022-05-09 22:36:25,2022-05-10 00:36:25,Emergency,Low,1 - Critical,Implement,Security,Security Ops,Pooja Iyer,Pune,Operations,Active Directory,SSL certificate renewal,Conflict Detected,Approved,Vendor dependency,Apr-2022,Q2-2022
CHG0000197,2022-02-04 14:51:09,2022-03-03 14:51:09,2022-03-03 15:51:09,2022-03-03 14:57:09,2022-03-03 15:57:09,Normal,Medium,1 - Critical,Implement,Hardware,Security Ops,Kavya Reddy,Chennai,Finance,Oracle DB,Firewall rule update,No Conflict,Approved,,Feb-2022,Q1-2022
CHG0000198,2022-02-21 10:19:18,2022-03-16 10:19:18,2022-03-16 11:19:18,2022-03-16 10:08:18,2022-03-16 11:08:18,Normal,Low,2 - High,Closed,Network,L1 Support,Priya Menon,Kolkata,Finance,SAP Production,Load balancer config,No Conflict,Approved,,Feb-2022,Q1-2022
CHG0000199,2022-12-27 20:37:06,2023-01-20 20:37:06,2023-01-21 00:37:06,2023-01-20 20:39:06,2023-01-20 22:39:06,Normal,Medium,2 - High,Closed,Security,Network Ops,Rahul Sharma,Bangalore,Sales,Core Switch,Firewall rule update,Conflict Detected,Approved,Resource unavailable,Dec-2022,Q4-2022
CHG0000200,2022-03-09 11:38:55,2022-03-23 11:38:55,2022-03-23 12:38:55,2022-03-23 11:35:55,2022-03-23 18:35:55,Normal,Medium,4 - Low,Implement,Hardware,L1 Support,Deepak Nair,Hyderabad,Procurement,ERP Server,SSL certificate renewal,Conflict Detected,Approved,Resource unavailable,Mar-2022,Q1-2022
CHG0000201,2022-11-11 21:06:21,2022-12-08 21:06:21,2022-12-09 00:06:21,2022-12-08 21:02:21,2022-12-08 23:02:21,Standard,High,4 - Low,Implement,Hardware,L1 Support,Priya Menon,Pune,IT,SAP Production,Network upgrade,Conflict Detected,Approved,Awaiting approval,Nov-2022,Q4-2022
CHG0000202,2022-12-06 14:45:02,2023-01-02 14:45:02,2023-01-02 15:45:02,2023-01-02 14:47:02,2023-01-02 16:47:02,Emergency,Low,1 - Critical,Implement,Security,Security Ops,Rohan Verma,Pune,Finance,ERP Server,Middleware upgrade,No Conflict,Pending,Testing required,Dec-2022,Q4-2022
CHG0000203,2022-07-09 02:49:11,2022-08-02 02:49:11,2022-08-02 08:49:11,,,Emergency,Low,2 - High,Authorize,Database,App Support,Vikram Joshi,Hyderabad,IT,SAP Production,Middleware upgrade,Conflict Detected,Approved,Vendor dependency,Jul-2022,Q3-2022
CHG0000204,2022-06-11 19:11:24,2022-06-20 19:11:24,2022-06-20 21:11:24,2022-06-20 19:30:24,2022-06-21 00:30:24,Emergency,High,4 - Low,Closed,Network,App Support,Kavya Reddy,Pune,IT,VPN Gateway,Network upgrade,No Conflict,Approved,Vendor dependency,Jun-2022,Q2-2022
CHG0000205,2022-06-10 21:22:15,2022-07-06 21:22:15,2022-07-07 01:22:15,2022-07-06 21:03:15,2022-07-06 23:03:15,Normal,High,2 - High,Implement,Security,Infra Team,Vikram Joshi,Delhi NCR,IT,Core Switch,DR failover test,Conflict Detected,Approved,Resource unavailable,Jun-2022,Q2-2022
CHG0000206,2022-11-11 11:49:34,2022-12-06 11:49:34,2022-12-06 12:49:34,2022-12-06 12:06:34,2022-12-06 13:06:34,Normal,High,3 - Medium,Closed,Network,L1 Support,Anjali Singh,Hyderabad,Finance,VPN Gateway,Network upgrade,No Conflict,Approved,Testing required,Nov-2022,Q4-2022
CHG0000207,2022-07-05 05:04:45,2022-07-25 05:04:45,2022-07-25 09:04:45,,,Emergency,Medium,4 - Low,Authorize,Email/Collaboration,Network Ops,Kavya Reddy,Bangalore,Sales,Load Balancer,Storage expansion,No Conflict,Approved,,Jul-2022,Q3-2022
CHG0000208,2022-02-01 21:24:57,2022-02-11 21:24:57,2022-02-12 03:24:57,,,Standard,High,3 - Medium,Review,Network,Security Ops,Amit Desai,Pune,Finance,Load Balancer,Network upgrade,No Conflict,Approved,,Feb-2022,Q1-2022
CHG0000209,2022-01-11 11:56:49,2022-01-30 11:56:49,2022-01-30 16:56:49,2022-01-30 12:20:49,2022-01-30 17:20:49,Normal,High,4 - Low,Implement,Hardware,Infra Team,Pooja Iyer,Hyderabad,HR,ERP Server,Network upgrade,No Conflict,Approved,Testing required,Jan-2022,Q1-2022
CHG0000210,2022-06-23 12:04:43,2022-07-17 12:04:43,2022-07-17 13:04:43,,,Normal,Low,2 - High,Authorize,Database,Infra Team,Anjali Singh,Mumbai,HR,ERP Server,Load balancer config,No Conflict,Approved,,Jun-2022,Q2-2022
CHG0000211,2022-09-19 02:46:54,2022-09-29 02:46:54,2022-09-29 10:46:54,,,Emergency,Low,1 - Critical,Authorize,Hardware,Security Ops,Priya Menon,Delhi NCR,Finance,Active Directory,DR failover test,No Conflict,Rejected,,Sep-2022,Q3-2022
CHG0000212,2022-05-27 03:20:26,2022-06-24 03:20:26,2022-06-24 07:20:26,2022-06-24 03:17:26,2022-06-24 11:17:26,Normal,High,1 - Critical,Implement,Application,App Support,Vikram Joshi,Bangalore,IT,Firewall-01,Load balancer config,No Conflict,Approved,Testing required,May-2022,Q2-2022
CHG0000213,2022-01-30 18:37:24,2022-02-26 18:37:24,2022-02-26 22:37:24,2022-02-26 18:08:24,2022-02-27 00:08:24,Standard,Low,1 - Critical,Implement,Application,Infra Team,Priya Menon,Hyderabad,Procurement,SAP Production,Middleware upgrade,No Conflict,Approved,,Jan-2022,Q1-2022
CHG0000214,2022-02-11 13:28:16,2022-02-24 13:28:16,2022-02-24 18:28:16,2022-02-24 13:39:16,2022-02-24 16:39:16,Emergency,Low,1 - Critical,Closed,Application,DB Admins,Rahul Sharma,Delhi NCR,Sales,Core Switch,Load balancer config,No Conflict,Approved,Testing required,Feb-2022,Q1-2022
CHG0000215,2022-03-16 14:51:39,2022-03-28 14:51:39,2022-03-28 16:51:39,,,Emergency,Medium,3 - Medium,Authorize,Network,L2 Support,Vikram Joshi,Mumbai,Finance,SAP Production,Firewall rule update,No Conflict,Approved,Testing required,Mar-2022,Q1-2022
CHG0000216,2022-08-12 23:16:45,2022-08-28 23:16:45,2022-08-29 04:16:45,,,Normal,Low,1 - Critical,Review,Access Management,App Support,Pooja Iyer,Hyderabad,Operations,Core Switch,OS patch deployment,No Conflict,Approved,Vendor dependency,Aug-2022,Q3-2022
CHG0000217,2022-04-17 07:27:19,2022-05-04 07:27:19,2022-05-04 14:27:19,2022-05-04 07:00:19,2022-05-04 09:00:19,Emergency,High,1 - Critical,Implement,Database,DB Admins,Pooja Iyer,Hyderabad,Sales,Email Gateway,Network upgrade,No Conflict,Approved,Awaiting approval,Apr-2022,Q2-2022
CHG0000218,2022-04-26 03:33:16,2022-05-19 03:33:16,2022-05-19 10:33:16,2022-05-19 03:48:16,2022-05-19 06:48:16,Normal,Low,4 - Low,Closed,Database,Infra Team,Kavya Reddy,Delhi NCR,Finance,Load Balancer,DB migration,No Conflict,Pending,Awaiting approval,Apr-2022,Q2-2022
CHG0000219,2022-10-22 11:26:19,2022-11-14 11:26:19,2022-11-14 16:26:19,2022-11-14 11:51:19,2022-11-14 14:51:19,Emergency,Medium,3 - Medium,Closed,Network,Security Ops,Vikram Joshi,Hyderabad,Finance,SAP Production,Middleware upgrade,No Conflict,Approved,,Oct-2022,Q4-2022
CHG0000220,2022-06-05 00:55:31,2022-06-15 00:55:31,2022-06-15 01:55:31,2022-06-15 00:34:31,2022-06-15 05:34:31,Standard,High,2 - High,Implement,Database,L1 Support,Kavya Reddy,Hyderabad,Marketing,ERP Server,Backup policy change,No Conflict,Approved,,Jun-2022,Q2-2022
CHG0000221,2022-10-21 20:59:51,2022-10-29 20:59:51,2022-10-30 00:59:51,,,Emergency,High,1 - Critical,Review,Hardware,Network Ops,Kavya Reddy,Kolkata,Finance,Email Gateway,Network upgrade,No Conflict,Rejected,Vendor dependency,Oct-2022,Q4-2022
CHG0000222,2022-11-27 11:34:20,2022-12-21 11:34:20,2022-12-21 17:34:20,,,Emergency,Low,3 - Medium,Review,Hardware,Infra Team,Sneha Patil,Bangalore,Finance,CRM Application,Backup policy change,Conflict Detected,Approved,Testing required,Nov-2022,Q4-2022
CHG0000223,2022-11-29 00:11:38,2022-12-17 00:11:38,2022-12-17 06:11:38,2022-12-17 00:39:38,2022-12-17 04:39:38,Standard,Low,1 - Critical,Closed,Email/Collaboration,Network Ops,Vikram Joshi,Bangalore,Finance,Load Balancer,SSL certificate renewal,No Conflict,Rejected,Testing required,Nov-2022,Q4-2022
CHG0000224,2022-03-17 20:19:07,2022-04-10 20:19:07,2022-04-11 04:19:07,,,Standard,Medium,1 - Critical,Authorize,Access Management,Network Ops,Amit Desai,Mumbai,Finance,Active Directory,OS patch deployment,No Conflict,Approved,Vendor dependency,Mar-2022,Q1-2022
CHG0000225,2022-06-19 16:24:12,2022-07-08 16:24:12,2022-07-08 23:24:12,2022-07-08 16:24:12,2022-07-08 19:24:12,Emergency,Medium,2 - High,Closed,Email/Collaboration,DB Admins,Amit Desai,Chennai,Operations,Active Directory,SSL certificate renewal,No Conflict,Approved,Vendor dependency,Jun-2022,Q2-2022
CHG0000226,2022-05-26 09:47:08,2022-06-18 09:47:08,2022-06-18 10:47:08,,,Emergency,High,2 - High,Review,Network,Security Ops,Deepak Nair,Mumbai,IT,Email Gateway,Firewall rule update,No Conflict,Approved,Testing required,May-2022,Q2-2022
CHG0000227,2022-08-03 05:21:57,2022-08-25 05:21:57,2022-08-25 07:21:57,2022-08-25 05:00:57,2022-08-25 06:00:57,Standard,Medium,2 - High,Closed,Hardware,App Support,Priya Menon,Chennai,Marketing,Active Directory,Load balancer config,Conflict Detected,Approved,Testing required,Aug-2022,Q3-2022
CHG0000228,2022-03-25 05:48:12,2022-04-12 05:48:12,2022-04-12 10:48:12,2022-04-12 06:16:12,2022-04-12 08:16:12,Standard,Low,2 - High,Closed,Security,DB Admins,Deepak Nair,Mumbai,IT,Load Balancer,Storage expansion,No Conflict,Pending,Resource unavailable,Mar-2022,Q1-2022
CHG0000229,2022-12-07 23:42:26,2022-12-26 23:42:26,2022-12-27 00:42:26,2022-12-27 00:07:26,2022-12-27 08:07:26,Standard,High,1 - Critical,Closed,Network,L2 Support,Priya Menon,Delhi NCR,Marketing,Oracle DB,Network upgrade,No Conflict,Rejected,Vendor dependency,Dec-2022,Q4-2022
CHG0000230,2022-02-21 07:35:20,2022-03-19 07:35:20,2022-03-19 13:35:20,,,Normal,Medium,2 - High,Cancelled,Email/Collaboration,L1 Support,Sneha Patil,Bangalore,Legal,Oracle DB,OS patch deployment,No Conflict,Rejected,Awaiting approval,Feb-2022,Q1-2022
CHG0000231,2022-01-30 21:01:47,2022-02-27 21:01:47,2022-02-27 22:01:47,,,Emergency,Medium,3 - Medium,Review,Email/Collaboration,L2 Support,Sneha Patil,Hyderabad,Marketing,VPN Gateway,Storage expansion,No Conflict,Rejected,Awaiting approval,Jan-2022,Q1-2022
CHG0000232,2022-08-27 13:13:06,2022-09-17 13:13:06,2022-09-17 16:13:06,,,Standard,Low,1 - Critical,Authorize,Email/Collaboration,Security Ops,Deepak Nair,Chennai,HR,CRM Application,Network upgrade,No Conflict,Approved,,Aug-2022,Q3-2022
CHG0000233,2022-08-01 22:12:39,2022-08-29 22:12:39,2022-08-30 01:12:39,2022-08-29 22:26:39,2022-08-30 03:26:39,Normal,High,2 - High,Implement,Email/Collaboration,L1 Support,Pooja Iyer,Hyderabad,IT,Firewall-01,OS patch deployment,No Conflict,Approved,Testing required,Aug-2022,Q3-2022
CHG0000234,2022-03-15 22:37:47,2022-03-26 22:37:47,2022-03-27 00:37:47,2022-03-26 23:04:47,2022-03-27 02:04:47,Standard,High,1 - Critical,Closed,Application,App Support,Anjali Singh,Pune,Procurement,VPN Gateway,DB migration,No Conflict,Approved,Awaiting approval,Mar-2022,Q1-2022
CHG0000235,2022-01-21 11:10:57,2022-02-05 11:10:57,2022-02-05 19:10:57,,,Normal,Low,2 - High,Review,Access Management,L1 Support,Rahul Sharma,Pune,Finance,Email Gateway,Middleware upgrade,No Conflict,Rejected,Awaiting approval,Jan-2022,Q1-2022
CHG0000236,2022-06-27 05:06:30,2022-07-22 05:06:30,2022-07-22 11:06:30,2022-07-22 04:42:30,2022-07-22 12:42:30,Normal,High,2 - High,Implement,Hardware,DB Admins,Vikram Joshi,Pune,Legal,CRM Application,Load balancer config,No Conflict,Approved,,Jun-2022,Q2-2022
CHG0000237,2022-07-13 07:24:00,2022-08-09 07:24:00,2022-08-09 14:24:00,2022-08-09 07:50:00,2022-08-09 10:50:00,Standard,Medium,2 - High,Closed,Access Management,Network Ops,Kavya Reddy,Pune,HR,SAP Production,DR failover test,No Conflict,Approved,Vendor dependency,Jul-2022,Q3-2022
CHG0000238,2022-11-18 04:53:21,2022-11-25 04:53:21,2022-11-25 09:53:21,,,Normal,Low,1 - Critical,Authorize,Security,Security Ops,Pooja Iyer,Hyderabad,Marketing,ERP Server,DB migration,No Conflict,Approved,Awaiting approval,Nov-2022,Q4-2022
CHG0000239,2022-05-16 19:52:49,2022-06-09 19:52:49,2022-06-10 01:52:49,,,Standard,Low,2 - High,Authorize,Security,Infra Team,Pooja Iyer,Hyderabad,Finance,Oracle DB,Backup policy change,No Conflict,Approved,Testing required,May-2022,Q2-2022
CHG0000240,2022-06-03 06:35:12,2022-06-18 06:35:12,2022-06-18 12:35:12,2022-06-18 06:24:12,2022-06-18 12:24:12,Standard,High,2 - High,Implement,Email/Collaboration,Infra Team,Priya Menon,Mumbai,Operations,Active Directory,Firewall rule update,No Conflict,Pending,Vendor dependency,Jun-2022,Q2-2022
CHG0000241,2022-04-27 10:53:29,2022-05-21 10:53:29,2022-05-21 18:53:29,2022-05-21 11:11:29,2022-05-21 14:11:29,Normal,Medium,3 - Medium,Implement,Security,L2 Support,Pooja Iyer,Kolkata,Finance,CRM Application,Backup policy change,No Conflict,Rejected,Vendor dependency,Apr-2022,Q2-2022
CHG0000242,2022-05-03 03:50:36,2022-05-23 03:50:36,2022-05-23 07:50:36,,,Normal,High,4 - Low,Review,Software,Infra Team,Pooja Iyer,Delhi NCR,Legal,Firewall-01,Storage expansion,No Conflict,Approved,Awaiting approval,May-2022,Q2-2022
CHG0000243,2022-11-27 21:49:00,2022-12-21 21:49:00,2022-12-21 22:49:00,,,Normal,Low,4 - Low,Review,Application,L1 Support,Vikram Joshi,Chennai,HR,CRM Application,Middleware upgrade,No Conflict,Approved,Awaiting approval,Nov-2022,Q4-2022
CHG0000244,2022-05-03 22:32:50,2022-05-30 22:32:50,2022-05-31 04:32:50,2022-05-30 22:12:50,2022-05-31 05:12:50,Standard,Low,3 - Medium,Closed,Hardware,L2 Support,Rohan Verma,Pune,Marketing,Oracle DB,OS patch deployment,No Conflict,Approved,Awaiting approval,May-2022,Q2-2022
CHG0000245,2022-09-08 04:19:25,2022-09-25 04:19:25,2022-09-25 06:19:25,,,Standard,Medium,4 - Low,Authorize,Security,L2 Support,Vikram Joshi,Pune,Procurement,ERP Server,Firewall rule update,No Conflict,Approved,Awaiting approval,Sep-2022,Q3-2022
CHG0000246,2022-02-08 15:41:21,2022-02-18 15:41:21,2022-02-18 21:41:21,2022-02-18 16:00:21,2022-02-18 20:00:21,Standard,Low,1 - Critical,Closed,Database,Security Ops,Anjali Singh,Delhi NCR,IT,Active Directory,DR failover test,No Conflict,Approved,Resource unavailable,Feb-2022,Q1-2022
CHG0000247,2022-11-01 11:49:55,2022-11-23 11:49:55,2022-11-23 16:49:55,,,Normal,Low,4 - Low,Review,Software,Security Ops,Rohan Verma,Pune,Procurement,Firewall-01,Network upgrade,No Conflict,Pending,,Nov-2022,Q4-2022
CHG0000248,2022-04-18 17:09:59,2022-05-03 17:09:59,2022-05-03 18:09:59,2022-05-03 17:14:59,2022-05-03 20:14:59,Emergency,Low,1 - Critical,Implement,Software,L1 Support,Anjali Singh,Pune,Marketing,VPN Gateway,Network upgrade,No Conflict,Approved,,Apr-2022,Q2-2022
CHG0000249,2022-02-13 15:23:37,2022-02-23 15:23:37,2022-02-23 20:23:37,,,Normal,Medium,1 - Critical,Review,Application,DB Admins,Vikram Joshi,Chennai,Procurement,VPN Gateway,Middleware upgrade,No Conflict,Pending,Vendor dependency,Feb-2022,Q1-2022
CHG0000250,2022-10-01 07:29:36,2022-10-22 07:29:36,2022-10-22 10:29:36,,,Normal,High,3 - Medium,Review,Database,Infra Team,Deepak Nair,Mumbai,HR,SAP Production,Middleware upgrade,No Conflict,Pending,Vendor dependency,Oct-2022,Q4-2022
CHG0000251,2022-05-19 12:16:37,2022-05-28 12:16:37,2022-05-28 13:16:37,2022-05-28 12:42:37,2022-05-28 20:42:37,Normal,Medium,3 - Medium,Implement,Database,Infra Team,Rohan Verma,Chennai,Finance,Load Balancer,Middleware upgrade,No Conflict,Approved,Awaiting approval,May-2022,Q2-2022
CHG0000252,2022-11-27 15:56:53,2022-12-24 15:56:53,2022-12-24 16:56:53,2022-12-24 16:14:53,2022-12-24 23:14:53,Normal,Low,1 - Critical,Implement,Hardware,Infra Team,Priya Menon,Chennai,Procurement,VPN Gateway,DR failover test,Conflict Detected,Approved,Testing required,Nov-2022,Q4-2022
CHG0000253,2022-08-31 15:39:44,2022-09-11 15:39:44,2022-09-11 17:39:44,2022-09-11 16:07:44,2022-09-11 21:07:44,Emergency,High,2 - High,Closed,Database,DB Admins,Rahul Sharma,Hyderabad,Marketing,SAP Production,Network upgrade,No Conflict,Pending,Awaiting approval,Aug-2022,Q3-2022
CHG0000254,2022-06-05 08:21:40,2022-06-24 08:21:40,2022-06-24 15:21:40,2022-06-24 08:48:40,2022-06-24 11:48:40,Emergency,Medium,4 - Low,Closed,Application,App Support,Rahul Sharma,Chennai,Legal,Oracle DB,DB migration,No Conflict,Approved,Vendor dependency,Jun-2022,Q2-2022
CHG0000255,2022-01-30 10:26:50,2022-02-12 10:26:50,2022-02-12 14:26:50,,,Normal,Low,4 - Low,Authorize,Email/Collaboration,L2 Support,Pooja Iyer,Hyderabad,Sales,Load Balancer,Middleware upgrade,No Conflict,Approved,Vendor dependency,Jan-2022,Q1-2022
CHG0000256,2022-09-10 16:11:14,2022-09-22 16:11:14,2022-09-23 00:11:14,2022-09-22 15:48:14,2022-09-22 17:48:14,Normal,High,3 - Medium,Closed,Software,DB Admins,Kavya Reddy,Delhi NCR,Legal,Active Directory,DR failover test,No Conflict,Approved,Testing required,Sep-2022,Q3-2022
CHG0000257,2022-09-05 05:18:47,2022-09-24 05:18:47,2022-09-24 06:18:47,,,Standard,Low,4 - Low,Authorize,Hardware,L2 Support,Kavya Reddy,Delhi NCR,Finance,Core Switch,Firewall rule update,No Conflict,Pending,,Sep-2022,Q3-2022
CHG0000258,2022-01-08 08:28:38,2022-01-25 08:28:38,2022-01-25 13:28:38,,,Normal,Medium,3 - Medium,Review,Database,DB Admins,Rahul Sharma,Delhi NCR,Finance,VPN Gateway,Backup policy change,No Conflict,Pending,Testing required,Jan-2022,Q1-2022
CHG0000259,2022-05-10 05:56:20,2022-06-05 05:56:20,2022-06-05 12:56:20,2022-06-05 05:58:20,2022-06-05 10:58:20,Standard,Low,1 - Critical,Closed,Software,Security Ops,Rahul Sharma,Kolkata,Marketing,SAP Production,Network upgrade,No Conflict,Rejected,Awaiting approval,May-2022,Q2-2022
CHG0000260,2022-08-08 05:57:58,2022-08-21 05:57:58,2022-08-21 07:57:58,2022-08-21 06:27:58,2022-08-21 11:27:58,Standard,High,3 - Medium,Implement,Hardware,Infra Team,Sneha Patil,Bangalore,Marketing,CRM Application,DB migration,No Conflict,Approved,Vendor dependency,Aug-2022,Q3-2022
CHG0000261,2022-08-30 21:36:55,2022-09-13 21:36:55,2022-09-13 22:36:55,,,Normal,Medium,3 - Medium,Authorize,Software,L2 Support,Amit Desai,Bangalore,HR,Email Gateway,DR failover test,No Conflict,Approved,,Aug-2022,Q3-2022
CHG0000262,2022-10-25 11:18:07,2022-11-08 11:18:07,2022-11-08 15:18:07,2022-11-08 11:13:07,2022-11-08 12:13:07,Standard,Low,1 - Critical,Closed,Access Management,L2 Support,Deepak Nair,Mumbai,HR,ERP Server,Middleware upgrade,No Conflict,Approved,Testing required,Oct-2022,Q4-2022
CHG0000263,2022-08-03 14:20:19,2022-08-28 14:20:19,2022-08-28 20:20:19,,,Emergency,High,4 - Low,Authorize,Software,Infra Team,Rahul Sharma,Chennai,Legal,SAP Production,Storage expansion,No Conflict,Approved,Awaiting approval,Aug-2022,Q3-2022
CHG0000264,2022-01-12 02:21:27,2022-02-09 02:21:27,2022-02-09 05:21:27,2022-02-09 02:45:27,2022-02-09 09:45:27,Normal,High,4 - Low,Closed,Access Management,Security Ops,Sneha Patil,Delhi NCR,Marketing,VPN Gateway,Network upgrade,No Conflict,Approved,Vendor dependency,Jan-2022,Q1-2022
CHG0000265,2022-01-07 13:07:03,2022-01-28 13:07:03,2022-01-28 20:07:03,2022-01-28 12:58:03,2022-01-28 19:58:03,Standard,Medium,3 - Medium,Closed,Email/Collaboration,Network Ops,Rahul Sharma,Kolkata,Sales,VPN Gateway,DR failover test,No Conflict,Approved,Vendor dependency,Jan-2022,Q1-2022
CHG0000266,2022-12-17 08:16:24,2023-01-06 08:16:24,2023-01-06 13:16:24,2023-01-06 07:54:24,2023-01-06 09:54:24,Standard,High,2 - High,Closed,Hardware,DB Admins,Kavya Reddy,Chennai,IT,Email Gateway,Backup policy change,No Conflict,Approved,,Dec-2022,Q4-2022
CHG0000267,2022-06-03 03:36:48,2022-06-12 03:36:48,2022-06-12 06:36:48,2022-06-12 03:26:48,2022-06-12 04:26:48,Emergency,High,4 - Low,Implement,Software,Security Ops,Sneha Patil,Chennai,Operations,Oracle DB,DR failover test,Conflict Detected,Approved,Vendor dependency,Jun-2022,Q2-2022
CHG0000268,2022-08-03 19:09:49,2022-08-21 19:09:49,2022-08-22 02:09:49,,,Standard,Low,2 - High,Review,Application,L2 Support,Amit Desai,Chennai,Marketing,Email Gateway,Backup policy change,No Conflict,Approved,Awaiting approval,Aug-2022,Q3-2022
CHG0000269,2022-04-19 05:57:44,2022-05-05 05:57:44,2022-05-05 10:57:44,2022-05-05 05:49:44,2022-05-05 13:49:44,Emergency,High,3 - Medium,Implement,Network,App Support,Amit Desai,Pune,Operations,SAP Production,Middleware upgrade,No Conflict,Pending,Testing required,Apr-2022,Q2-2022
CHG0000270,2022-03-29 05:10:11,2022-04-17 05:10:11,2022-04-17 09:10:11,2022-04-17 05:01:11,2022-04-17 09:01:11,Emergency,Medium,4 - Low,Closed,Hardware,Network Ops,Rahul Sharma,Bangalore,Operations,Load Balancer,Backup policy change,No Conflict,Approved,Vendor dependency,Mar-2022,Q1-2022
CHG0000271,2022-12-09 15:44:03,2022-12-26 15:44:03,2022-12-26 20:44:03,2022-12-26 15:37:03,2022-12-26 20:37:03,Emergency,Low,4 - Low,Closed,Database,Infra Team,Anjali Singh,Hyderabad,Procurement,Active Directory,Load balancer config,Conflict Detected,Approved,Vendor dependency,Dec-2022,Q4-2022
CHG0000272,2022-11-12 09:19:43,2022-12-06 09:19:43,2022-12-06 11:19:43,,,Normal,Medium,1 - Critical,Review,Network,Infra Team,Kavya Reddy,Kolkata,Operations,Load Balancer,Storage expansion,No Conflict,Approved,,Nov-2022,Q4-2022
CHG0000273,2022-10-23 01:30:05,2022-11-12 01:30:05,2022-11-12 04:30:05,2022-11-12 01:37:05,2022-11-12 03:37:05,Standard,Medium,1 - Critical,Closed,Hardware,L1 Support,Rohan Verma,Pune,Sales,Load Balancer,Backup policy change,No Conflict,Pending,Awaiting approval,Oct-2022,Q4-2022
CHG0000274,2022-07-19 03:33:41,2022-08-11 03:33:41,2022-08-11 11:33:41,2022-08-11 03:22:41,2022-08-11 06:22:41,Normal,Low,4 - Low,Closed,Software,App Support,Vikram Joshi,Chennai,Operations,ERP Server,Network upgrade,No Conflict,Approved,,Jul-2022,Q3-2022
CHG0000275,2022-08-14 12:17:36,2022-09-08 12:17:36,2022-09-08 19:17:36,,,Standard,Medium,1 - Critical,Review,Application,App Support,Amit Desai,Bangalore,Sales,Firewall-01,Network upgrade,No Conflict,Pending,Awaiting approval,Aug-2022,Q3-2022
CHG0000276,2022-01-29 11:48:07,2022-02-18 11:48:07,2022-02-18 17:48:07,,,Standard,Medium,3 - Medium,Authorize,Access Management,Network Ops,Anjali Singh,Hyderabad,Sales,Load Balancer,Backup policy change,No Conflict,Approved,Vendor dependency,Jan-2022,Q1-2022
CHG0000277,2022-07-14 20:08:03,2022-07-29 20:08:03,2022-07-30 04:08:03,,,Normal,Low,3 - Medium,Review,Application,Infra Team,Deepak Nair,Kolkata,Marketing,Firewall-01,Middleware upgrade,No Conflict,Approved,Resource unavailable,Jul-2022,Q3-2022
CHG0000278,2022-02-05 02:33:24,2022-02-23 02:33:24,2022-02-23 04:33:24,,,Normal,Medium,4 - Low,Review,Hardware,Security Ops,Sneha Patil,Kolkata,Sales,Core Switch,SSL certificate renewal,No Conflict,Approved,Vendor dependency,Feb-2022,Q1-2022
CHG0000279,2022-08-20 20:41:50,2022-09-01 20:41:50,2022-09-02 02:41:50,2022-09-01 20:11:50,2022-09-02 04:11:50,Standard,High,1 - Critical,Closed,Application,App Support,Rahul Sharma,Delhi NCR,Finance,Load Balancer,SSL certificate renewal,No Conflict,Approved,Resource unavailable,Aug-2022,Q3-2022
CHG0000280,2022-06-08 06:07:38,2022-06-27 06:07:38,2022-06-27 07:07:38,,,Standard,Low,4 - Low,Authorize,Hardware,DB Admins,Amit Desai,Mumbai,Legal,VPN Gateway,DR failover test,No Conflict,Approved,Resource unavailable,Jun-2022,Q2-2022
CHG0000281,2022-10-14 16:09:17,2022-10-26 16:09:17,2022-10-26 19:09:17,2022-10-26 16:29:17,2022-10-26 20:29:17,Emergency,Medium,2 - High,Closed,Database,DB Admins,Amit Desai,Mumbai,Finance,Firewall-01,Network upgrade,No Conflict,Approved,Resource unavailable,Oct-2022,Q4-2022
CHG0000282,2022-10-16 14:21:13,2022-11-07 14:21:13,2022-11-07 22:21:13,2022-11-07 14:37:13,2022-11-07 15:37:13,Standard,High,1 - Critical,Closed,Access Management,Infra Team,Vikram Joshi,Mumbai,Sales,Oracle DB,Load balancer config,No Conflict,Pending,Testing required,Oct-2022,Q4-2022
CHG0000283,2022-10-08 15:07:44,2022-10-18 15:07:44,2022-10-18 18:07:44,,,Emergency,Low,1 - Critical,Cancelled,Application,Network Ops,Rahul Sharma,Delhi NCR,Marketing,Core Switch,SSL certificate renewal,Conflict Detected,Pending,Resource unavailable,Oct-2022,Q4-2022
CHG0000284,2022-09-05 13:21:47,2022-09-21 13:21:47,2022-09-21 15:21:47,,,Emergency,High,1 - Critical,Cancelled,Security,Infra Team,Kavya Reddy,Chennai,Marketing,Firewall-01,OS patch deployment,No Conflict,Pending,,Sep-2022,Q3-2022
CHG0000285,2022-11-07 12:24:24,2022-11-21 12:24:24,2022-11-21 13:24:24,2022-11-21 12:48:24,2022-11-21 17:48:24,Normal,Low,2 - High,Closed,Access Management,Infra Team,Kavya Reddy,Hyderabad,Legal,SAP Production,Middleware upgrade,Conflict Detected,Approved,Resource unavailable,Nov-2022,Q4-2022
CHG0000286,2022-08-01 21:29:30,2022-08-18 21:29:30,2022-08-18 22:29:30,,,Normal,Low,4 - Low,Review,Hardware,L2 Support,Rahul Sharma,Chennai,Sales,Firewall-01,Load balancer config,No Conflict,Pending,,Aug-2022,Q3-2022
CHG0000287,2022-03-21 17:57:11,2022-04-18 17:57:11,2022-04-18 23:57:11,,,Standard,High,4 - Low,Review,Email/Collaboration,Network Ops,Sneha Patil,Pune,Procurement,CRM Application,Backup policy change,No Conflict,Approved,Resource unavailable,Mar-2022,Q1-2022
CHG0000288,2022-05-01 07:31:59,2022-05-24 07:31:59,2022-05-24 14:31:59,,,Standard,Low,2 - High,Authorize,Network,DB Admins,Pooja Iyer,Delhi NCR,Procurement,CRM Application,Middleware upgrade,No Conflict,Approved,Vendor dependency,May-2022,Q2-2022
CHG0000289,2022-04-23 13:45:59,2022-05-10 13:45:59,2022-05-10 17:45:59,,,Standard,Medium,3 - Medium,Review,Application,Network Ops,Rohan Verma,Pune,Legal,Firewall-01,SSL certificate renewal,No Conflict,Approved,Testing required,Apr-2022,Q2-2022
CHG0000290,2022-05-12 18:38:58,2022-06-07 18:38:58,2022-06-08 02:38:58,2022-06-07 18:48:58,2022-06-07 19:48:58,Standard,Low,1 - Critical,Closed,Database,Infra Team,Rahul Sharma,Bangalore,Legal,Firewall-01,SSL certificate renewal,No Conflict,Approved,Resource unavailable,May-2022,Q2-2022
CHG0000291,2022-11-13 23:18:09,2022-12-03 23:18:09,2022-12-04 01:18:09,2022-12-03 23:14:09,2022-12-04 04:14:09,Standard,Medium,3 - Medium,Closed,Access Management,Network Ops,Pooja Iyer,Mumbai,HR,VPN Gateway,Storage expansion,No Conflict,Approved,Awaiting approval,Nov-2022,Q4-2022
CHG0000292,2022-06-19 01:34:38,2022-07-12 01:34:38,2022-07-12 03:34:38,2022-07-12 01:08:38,2022-07-12 06:08:38,Standard,Low,3 - Medium,Implement,Application,L1 Support,Kavya Reddy,Kolkata,Operations,Core Switch,Firewall rule update,No Conflict,Approved,Resource unavailable,Jun-2022,Q2-2022
CHG0000293,2022-06-27 10:38:13,2022-07-04 10:38:13,2022-07-04 11:38:13,2022-07-04 10:09:13,2022-07-04 17:09:13,Normal,Low,4 - Low,Closed,Email/Collaboration,Security Ops,Rahul Sharma,Mumbai,Finance,Email Gateway,Storage expansion,Conflict Detected,Pending,Resource unavailable,Jun-2022,Q2-2022
CHG0000294,2022-10-26 04:10:41,2022-11-18 04:10:41,2022-11-18 07:10:41,2022-11-18 04:15:41,2022-11-18 05:15:41,Emergency,Medium,3 - Medium,Closed,Software,Infra Team,Pooja Iyer,Kolkata,Procurement,SAP Production,Firewall rule update,No Conflict,Approved,Awaiting approval,Oct-2022,Q4-2022
CHG0000295,2022-04-27 22:22:16,2022-05-08 22:22:16,2022-05-09 01:22:16,2022-05-08 22:31:16,2022-05-09 01:31:16,Emergency,Low,3 - Medium,Closed,Database,L2 Support,Deepak Nair,Hyderabad,Procurement,SAP Production,SSL certificate renewal,Conflict Detected,Approved,,Apr-2022,Q2-2022
CHG0000296,2022-10-13 11:44:26,2022-11-08 11:44:26,2022-11-08 16:44:26,,,Emergency,High,2 - High,Review,Application,L2 Support,Anjali Singh,Kolkata,IT,Email Gateway,DB migration,No Conflict,Approved,Vendor dependency,Oct-2022,Q4-2022
CHG0000297,2022-02-06 11:41:51,2022-02-21 11:41:51,2022-02-21 15:41:51,2022-02-21 11:45:51,2022-02-21 18:45:51,Emergency,Medium,1 - Critical,Closed,Hardware,L2 Support,Deepak Nair,Delhi NCR,Sales,Load Balancer,SSL certificate renewal,No Conflict,Approved,Resource unavailable,Feb-2022,Q1-2022
CHG0000298,2022-02-20 23:30:27,2022-03-10 23:30:27,2022-03-11 06:30:27,,,Emergency,High,1 - Critical,Authorize,Network,L1 Support,Rohan Verma,Delhi NCR,Operations,Active Directory,Backup policy change,No Conflict,Approved,,Feb-2022,Q1-2022
CHG0000299,2022-12-04 02:38:05,2022-12-11 02:38:05,2022-12-11 06:38:05,,,Standard,Low,4 - Low,Authorize,Database,Security Ops,Amit Desai,Kolkata,Procurement,Email Gateway,Firewall rule update,No Conflict,Approved,Resource unavailable,Dec-2022,Q4-2022
CHG0000300,2022-04-12 06:03:59,2022-04-24 06:03:59,2022-04-24 08:03:59,2022-04-24 05:50:59,2022-04-24 08:50:59,Emergency,Medium,1 - Critical,Closed,Email/Collaboration,DB Admins,Deepak Nair,Bangalore,Marketing,CRM Application,Firewall rule update,Conflict Detected,Approved,,Apr-2022,Q2-2022
CHG0000301,2023-04-12 22:48:49,2023-04-24 22:48:49,2023-04-24 23:48:49,,,Standard,Medium,1 - Critical,Authorize,Access Management,Infra Team,Vikram Joshi,Mumbai,HR,VPN Gateway,DB migration,No Conflict,Pending,Resource unavailable,Apr-2023,Q2-2023
CHG0000302,2023-07-29 16:53:30,2023-08-18 16:53:30,2023-08-18 22:53:30,2023-08-18 16:25:30,2023-08-18 20:25:30,Emergency,Low,1 - Critical,Implement,Network,App Support,Vikram Joshi,Chennai,HR,Firewall-01,OS patch deployment,Conflict Detected,Pending,Resource unavailable,Jul-2023,Q3-2023
CHG0000303,2023-08-19 11:46:52,2023-09-16 11:46:52,2023-09-16 14:46:52,2023-09-16 11:30:52,2023-09-16 17:30:52,Emergency,Medium,1 - Critical,Implement,Security,DB Admins,Pooja Iyer,Hyderabad,Finance,Firewall-01,Middleware upgrade,Conflict Detected,Approved,Awaiting approval,Aug-2023,Q3-2023
CHG0000304,2023-12-21 16:23:29,2024-01-08 16:23:29,2024-01-08 21:23:29,2024-01-08 15:54:29,2024-01-08 17:54:29,Normal,Medium,4 - Low,Implement,Software,Security Ops,Deepak Nair,Hyderabad,Legal,ERP Server,Storage expansion,No Conflict,Approved,,Dec-2023,Q4-2023
CHG0000305,2023-05-11 22:03:10,2023-05-29 22:03:10,2023-05-30 00:03:10,2023-05-29 22:22:10,2023-05-30 04:22:10,Normal,High,1 - Critical,Implement,Hardware,Security Ops,Rohan Verma,Pune,Finance,Active Directory,DR failover test,No Conflict,Approved,Awaiting approval,May-2023,Q2-2023
CHG0000306,2023-04-25 14:40:19,2023-05-07 14:40:19,2023-05-07 20:40:19,2023-05-07 14:13:19,2023-05-07 20:13:19,Standard,High,4 - Low,Implement,Hardware,L1 Support,Anjali Singh,Kolkata,Operations,Email Gateway,DR failover test,No Conflict,Approved,Awaiting approval,Apr-2023,Q2-2023
CHG0000307,2023-09-26 23:44:52,2023-10-11 23:44:52,2023-10-12 00:44:52,2023-10-11 23:58:52,2023-10-12 05:58:52,Normal,Low,4 - Low,Implement,Software,App Support,Kavya Reddy,Mumbai,Procurement,Firewall-01,Storage expansion,No Conflict,Pending,Testing required,Sep-2023,Q3-2023
CHG0000308,2023-04-24 06:51:50,2023-05-07 06:51:50,2023-05-07 07:51:50,2023-05-07 06:21:50,2023-05-07 09:21:50,Normal,High,3 - Medium,Implement,Email/Collaboration,L2 Support,Pooja Iyer,Mumbai,Finance,Email Gateway,Network upgrade,Conflict Detected,Pending,,Apr-2023,Q2-2023
CHG0000309,2023-11-02 04:06:47,2023-11-18 04:06:47,2023-11-18 06:06:47,,,Normal,High,1 - Critical,Cancelled,Security,DB Admins,Priya Menon,Delhi NCR,Operations,VPN Gateway,SSL certificate renewal,Conflict Detected,Approved,Resource unavailable,Nov-2023,Q4-2023
CHG0000310,2023-03-23 07:24:24,2023-03-30 07:24:24,2023-03-30 14:24:24,,,Emergency,Medium,3 - Medium,Review,Application,DB Admins,Deepak Nair,Bangalore,Operations,Active Directory,Firewall rule update,No Conflict,Pending,,Mar-2023,Q1-2023
CHG0000311,2023-01-28 08:39:46,2023-02-06 08:39:46,2023-02-06 10:39:46,2023-02-06 08:39:46,2023-02-06 10:39:46,Emergency,Medium,3 - Medium,Closed,Security,App Support,Vikram Joshi,Chennai,Operations,Active Directory,Middleware upgrade,Conflict Detected,Pending,Resource unavailable,Jan-2023,Q1-2023
CHG0000312,2023-11-19 10:01:37,2023-11-30 10:01:37,2023-11-30 14:01:37,,,Emergency,High,4 - Low,Review,Access Management,L2 Support,Rahul Sharma,Kolkata,Legal,SAP Production,Load balancer config,Conflict Detected,Approved,Vendor dependency,Nov-2023,Q4-2023
CHG0000313,2023-10-05 01:14:33,2023-10-28 01:14:33,2023-10-28 05:14:33,2023-10-28 01:13:33,2023-10-28 06:13:33,Normal,Medium,2 - High,Implement,Access Management,L2 Support,Deepak Nair,Delhi NCR,Legal,SAP Production,Network upgrade,Conflict Detected,Approved,Testing required,Oct-2023,Q4-2023
CHG0000314,2023-11-05 00:15:26,2023-11-24 00:15:26,2023-11-24 05:15:26,2023-11-24 00:40:26,2023-11-24 01:40:26,Normal,Low,3 - Medium,Implement,Hardware,Infra Team,Anjali Singh,Bangalore,Procurement,Firewall-01,Firewall rule update,Conflict Detected,Approved,Awaiting approval,Nov-2023,Q4-2023
CHG0000315,2023-12-29 15:21:36,2024-01-14 15:21:36,2024-01-14 23:21:36,,,Standard,Medium,2 - High,Cancelled,Software,Infra Team,Pooja Iyer,Hyderabad,HR,CRM Application,SSL certificate renewal,Conflict Detected,Approved,Testing required,Dec-2023,Q4-2023
CHG0000316,2023-07-19 21:12:06,2023-08-05 21:12:06,2023-08-05 22:12:06,,,Emergency,Medium,2 - High,Review,Security,DB Admins,Kavya Reddy,Pune,Operations,Core Switch,Backup policy change,Conflict Detected,Approved,Testing required,Jul-2023,Q3-2023
CHG0000317,2023-04-28 16:16:29,2023-05-20 16:16:29,2023-05-20 22:16:29,2023-05-20 15:58:29,2023-05-20 23:58:29,Standard,Medium,1 - Critical,Closed,Access Management,Network Ops,Pooja Iyer,Pune,IT,Oracle DB,SSL certificate renewal,No Conflict,Pending,Resource unavailable,Apr-2023,Q2-2023
CHG0000318,2023-12-06 06:08:30,2023-12-20 06:08:30,2023-12-20 13:08:30,,,Standard,Medium,4 - Low,Authorize,Application,L2 Support,Sneha Patil,Delhi NCR,Finance,Active Directory,Storage expansion,No Conflict,Approved,Vendor dependency,Dec-2023,Q4-2023
CHG0000319,2023-12-23 19:49:10,2024-01-18 19:49:10,2024-01-18 22:49:10,2024-01-18 19:22:10,2024-01-18 21:22:10,Standard,Low,1 - Critical,Implement,Application,Security Ops,Rahul Sharma,Hyderabad,Finance,CRM Application,Storage expansion,No Conflict,Approved,Testing required,Dec-2023,Q4-2023
CHG0000320,2023-11-07 17:48:51,2023-11-25 17:48:51,2023-11-25 19:48:51,,,Normal,Low,4 - Low,Review,Application,L1 Support,Priya Menon,Kolkata,Finance,ERP Server,SSL certificate renewal,No Conflict,Pending,Testing required,Nov-2023,Q4-2023
CHG0000321,2023-05-05 16:51:37,2023-05-29 16:51:37,2023-05-30 00:51:37,,,Normal,Low,1 - Critical,Cancelled,Database,L2 Support,Vikram Joshi,Hyderabad,Operations,SAP Production,Load balancer config,No Conflict,Pending,,May-2023,Q2-2023
CHG0000322,2023-01-18 04:34:33,2023-02-11 04:34:33,2023-02-11 10:34:33,2023-02-11 04:50:33,2023-02-11 11:50:33,Standard,High,1 - Critical,Closed,Email/Collaboration,L2 Support,Rahul Sharma,Mumbai,IT,Core Switch,Load balancer config,Conflict Detected,Approved,Vendor dependency,Jan-2023,Q1-2023
CHG0000323,2023-01-07 23:02:40,2023-01-20 23:02:40,2023-01-21 04:02:40,2023-01-20 23:19:40,2023-01-21 03:19:40,Normal,Medium,1 - Critical,Closed,Database,L2 Support,Sneha Patil,Kolkata,HR,Active Directory,Firewall rule update,No Conflict,Approved,Vendor dependency,Jan-2023,Q1-2023
CHG0000324,2023-10-25 11:46:18,2023-11-12 11:46:18,2023-11-12 13:46:18,2023-11-12 11:55:18,2023-11-12 16:55:18,Normal,Medium,2 - High,Closed,Database,Infra Team,Deepak Nair,Hyderabad,Legal,Active Directory,DR failover test,No Conflict,Approved,Awaiting approval,Oct-2023,Q4-2023
CHG0000325,2023-04-12 02:44:05,2023-04-22 02:44:05,2023-04-22 07:44:05,,,Emergency,Medium,4 - Low,Review,Software,L1 Support,Pooja Iyer,Mumbai,Marketing,ERP Server,DB migration,No Conflict,Approved,Awaiting approval,Apr-2023,Q2-2023
CHG0000326,2023-09-16 04:58:47,2023-09-26 04:58:47,2023-09-26 07:58:47,2023-09-26 05:11:47,2023-09-26 13:11:47,Emergency,Low,2 - High,Closed,Software,L2 Support,Amit Desai,Pune,Sales,Email Gateway,DR failover test,No Conflict,Pending,Awaiting approval,Sep-2023,Q3-2023
CHG0000327,2023-04-06 05:06:18,2023-04-16 05:06:18,2023-04-16 12:06:18,2023-04-16 04:45:18,2023-04-16 07:45:18,Normal,High,1 - Critical,Closed,Security,L2 Support,Anjali Singh,Pune,Operations,VPN Gateway,SSL certificate renewal,No Conflict,Approved,Testing required,Apr-2023,Q2-2023
CHG0000328,2023-11-18 22:15:25,2023-12-05 22:15:25,2023-12-06 04:15:25,2023-12-05 22:11:25,2023-12-06 06:11:25,Normal,Low,2 - High,Closed,Software,L2 Support,Priya Menon,Kolkata,Sales,Oracle DB,OS patch deployment,Conflict Detected,Approved,,Nov-2023,Q4-2023
CHG0000329,2023-10-30 00:08:10,2023-11-17 00:08:10,2023-11-17 01:08:10,,,Emergency,Medium,4 - Low,Authorize,Email/Collaboration,Network Ops,Anjali Singh,Chennai,IT,Load Balancer,OS patch deployment,No Conflict,Approved,Vendor dependency,Oct-2023,Q4-2023
CHG0000330,2023-11-04 03:09:48,2023-11-27 03:09:48,2023-11-27 09:09:48,2023-11-27 02:45:48,2023-11-27 05:45:48,Emergency,Medium,1 - Critical,Closed,Database,L2 Support,Priya Menon,Kolkata,Procurement,CRM Application,Backup policy change,No Conflict,Approved,Vendor dependency,Nov-2023,Q4-2023
CHG0000331,2023-04-21 07:43:40,2023-05-13 07:43:40,2023-05-13 12:43:40,2023-05-13 08:11:40,2023-05-13 15:11:40,Emergency,High,1 - Critical,Implement,Email/Collaboration,Infra Team,Kavya Reddy,Pune,Procurement,Core Switch,OS patch deployment,No Conflict,Approved,Awaiting approval,Apr-2023,Q2-2023
CHG0000332,2023-02-23 11:05:48,2023-03-18 11:05:48,2023-03-18 12:05:48,2023-03-18 11:11:48,2023-03-18 15:11:48,Standard,Medium,2 - High,Closed,Application,Network Ops,Kavya Reddy,Hyderabad,Procurement,Load Balancer,Firewall rule update,No Conflict,Rejected,,Feb-2023,Q1-2023
CHG0000333,2023-10-11 07:05:53,2023-10-22 07:05:53,2023-10-22 14:05:53,,,Standard,High,4 - Low,Authorize,Network,App Support,Deepak Nair,Pune,Legal,Active Directory,SSL certificate renewal,No Conflict,Approved,Testing required,Oct-2023,Q4-2023
CHG0000334,2023-08-13 12:39:03,2023-08-25 12:39:03,2023-08-25 15:39:03,2023-08-25 13:07:03,2023-08-25 20:07:03,Standard,Low,1 - Critical,Implement,Security,Security Ops,Rohan Verma,Pune,IT,ERP Server,Backup policy change,No Conflict,Approved,,Aug-2023,Q3-2023
CHG0000335,2023-06-30 03:26:07,2023-07-25 03:26:07,2023-07-25 07:26:07,2023-07-25 03:32:07,2023-07-25 05:32:07,Normal,High,3 - Medium,Closed,Database,L2 Support,Priya Menon,Bangalore,HR,Email Gateway,Network upgrade,Conflict Detected,Approved,Testing required,Jun-2023,Q2-2023
CHG0000336,2023-05-07 17:21:39,2023-06-03 17:21:39,2023-06-03 20:21:39,,,Normal,High,2 - High,Authorize,Access Management,App Support,Amit Desai,Delhi NCR,Finance,Email Gateway,DR failover test,No Conflict,Approved,Vendor dependency,May-2023,Q2-2023
CHG0000337,2023-08-20 01:57:31,2023-09-17 01:57:31,2023-09-17 08:57:31,,,Emergency,Medium,3 - Medium,Cancelled,Hardware,App Support,Amit Desai,Pune,Legal,SAP Production,Backup policy change,No Conflict,Pending,Resource unavailable,Aug-2023,Q3-2023
CHG0000338,2023-01-28 19:16:04,2023-02-14 19:16:04,2023-02-15 00:16:04,2023-02-14 19:18:04,2023-02-15 02:18:04,Emergency,Low,3 - Medium,Implement,Access Management,Network Ops,Rohan Verma,Mumbai,Procurement,Core Switch,DB migration,No Conflict,Approved,Awaiting approval,Jan-2023,Q1-2023
CHG0000339,2023-12-31 12:19:19,2024-01-20 12:19:19,2024-01-20 19:19:19,2024-01-20 12:43:19,2024-01-20 14:43:19,Normal,Medium,2 - High,Implement,Email/Collaboration,App Support,Rahul Sharma,Chennai,Finance,SAP Production,Network upgrade,No Conflict,Approved,Vendor dependency,Dec-2023,Q4-2023
CHG0000340,2023-01-02 01:56:45,2023-01-25 01:56:45,2023-01-25 07:56:45,2023-01-25 01:43:45,2023-01-25 02:43:45,Emergency,High,4 - Low,Closed,Database,App Support,Rahul Sharma,Delhi NCR,Marketing,Core Switch,DR failover test,No Conflict,Approved,Resource unavailable,Jan-2023,Q1-2023
CHG0000341,2023-03-11 09:31:27,2023-03-23 09:31:27,2023-03-23 16:31:27,2023-03-23 09:49:27,2023-03-23 11:49:27,Emergency,High,3 - Medium,Implement,Hardware,App Support,Sneha Patil,Delhi NCR,IT,Email Gateway,Network upgrade,No Conflict,Pending,Resource unavailable,Mar-2023,Q1-2023
CHG0000342,2023-09-02 08:54:03,2023-09-19 08:54:03,2023-09-19 16:54:03,,,Normal,High,1 - Critical,Authorize,Security,L1 Support,Anjali Singh,Delhi NCR,Operations,SAP Production,DB migration,No Conflict,Pending,Awaiting approval,Sep-2023,Q3-2023
CHG0000343,2023-07-19 06:20:18,2023-08-06 06:20:18,2023-08-06 07:20:18,2023-08-06 06:36:18,2023-08-06 07:36:18,Normal,High,2 - High,Closed,Software,Infra Team,Sneha Patil,Chennai,Sales,Load Balancer,Load balancer config,No Conflict,Approved,Vendor dependency,Jul-2023,Q3-2023
CHG0000344,2023-11-13 18:49:07,2023-11-25 18:49:07,2023-11-26 00:49:07,2023-11-25 18:46:07,2023-11-25 21:46:07,Emergency,High,2 - High,Closed,Software,L2 Support,Rohan Verma,Kolkata,Sales,VPN Gateway,Storage expansion,No Conflict,Approved,Resource unavailable,Nov-2023,Q4-2023
CHG0000345,2023-09-03 16:11:16,2023-09-11 16:11:16,2023-09-11 17:11:16,,,Normal,Medium,4 - Low,Review,Access Management,Infra Team,Kavya Reddy,Chennai,Finance,Firewall-01,OS patch deployment,Conflict Detected,Approved,Awaiting approval,Sep-2023,Q3-2023
CHG0000346,2023-09-12 09:42:18,2023-09-22 09:42:18,2023-09-22 10:42:18,2023-09-22 09:27:18,2023-09-22 14:27:18,Standard,High,4 - Low,Implement,Database,Security Ops,Vikram Joshi,Chennai,HR,Email Gateway,Storage expansion,No Conflict,Approved,Vendor dependency,Sep-2023,Q3-2023
CHG0000347,2023-05-20 01:51:16,2023-05-28 01:51:16,2023-05-28 08:51:16,2023-05-28 02:14:16,2023-05-28 03:14:16,Standard,Low,2 - High,Implement,Security,Security Ops,Deepak Nair,Bangalore,Finance,SAP Production,SSL certificate renewal,No Conflict,Approved,Resource unavailable,May-2023,Q2-2023
CHG0000348,2023-04-21 03:05:19,2023-04-29 03:05:19,2023-04-29 11:05:19,2023-04-29 03:00:19,2023-04-29 07:00:19,Standard,Low,4 - Low,Implement,Network,Network Ops,Anjali Singh,Mumbai,IT,Active Directory,DR failover test,No Conflict,Approved,Vendor dependency,Apr-2023,Q2-2023
CHG0000349,2023-05-20 09:15:31,2023-06-09 09:15:31,2023-06-09 14:15:31,,,Emergency,Medium,2 - High,Review,Hardware,Infra Team,Sneha Patil,Chennai,Finance,Email Gateway,Middleware upgrade,No Conflict,Approved,,May-2023,Q2-2023
CHG0000350,2023-12-24 18:21:36,2024-01-06 18:21:36,2024-01-07 00:21:36,2024-01-06 18:49:36,2024-01-06 20:49:36,Standard,Medium,3 - Medium,Implement,Network,L2 Support,Rohan Verma,Bangalore,Marketing,SAP Production,Middleware upgrade,No Conflict,Pending,Resource unavailable,Dec-2023,Q4-2023
CHG0000351,2023-10-17 13:57:08,2023-10-26 13:57:08,2023-10-26 21:57:08,,,Standard,High,4 - Low,Review,Application,Network Ops,Priya Menon,Hyderabad,Finance,Active Directory,Backup policy change,No Conflict,Rejected,,Oct-2023,Q4-2023
CHG0000352,2023-07-10 22:47:35,2023-08-03 22:47:35,2023-08-04 05:47:35,,,Emergency,Medium,4 - Low,Review,Network,App Support,Amit Desai,Bangalore,Operations,Oracle DB,OS patch deployment,No Conflict,Rejected,,Jul-2023,Q3-2023
CHG0000353,2023-05-19 08:35:22,2023-05-27 08:35:22,2023-05-27 11:35:22,,,Normal,Low,1 - Critical,Authorize,Database,Network Ops,Priya Menon,Pune,Procurement,Active Directory,Middleware upgrade,No Conflict,Rejected,Resource unavailable,May-2023,Q2-2023
CHG0000354,2023-04-17 06:57:14,2023-05-05 06:57:14,2023-05-05 11:57:14,2023-05-05 06:53:14,2023-05-05 10:53:14,Normal,High,1 - Critical,Implement,Database,Security Ops,Amit Desai,Hyderabad,IT,CRM Application,OS patch deployment,No Conflict,Approved,Awaiting approval,Apr-2023,Q2-2023
CHG0000355,2023-10-27 13:23:39,2023-11-11 13:23:39,2023-11-11 17:23:39,2023-11-11 13:31:39,2023-11-11 15:31:39,Normal,Medium,2 - High,Closed,Email/Collaboration,DB Admins,Sneha Patil,Hyderabad,Legal,Email Gateway,Storage expansion,No Conflict,Approved,Vendor dependency,Oct-2023,Q4-2023
CHG0000356,2023-07-27 09:24:35,2023-08-13 09:24:35,2023-08-13 16:24:35,2023-08-13 09:33:35,2023-08-13 12:33:35,Emergency,Low,1 - Critical,Implement,Security,L2 Support,Rahul Sharma,Chennai,Marketing,SAP Production,Storage expansion,No Conflict,Approved,Resource unavailable,Jul-2023,Q3-2023
CHG0000357,2023-05-07 01:40:12,2023-05-15 01:40:12,2023-05-15 07:40:12,2023-05-15 02:06:12,2023-05-15 04:06:12,Normal,High,1 - Critical,Closed,Email/Collaboration,L1 Support,Rohan Verma,Delhi NCR,Procurement,Firewall-01,Middleware upgrade,No Conflict,Approved,Awaiting approval,May-2023,Q2-2023
CHG0000358,2023-04-12 10:23:55,2023-05-03 10:23:55,2023-05-03 13:23:55,2023-05-03 10:04:55,2023-05-03 16:04:55,Standard,Low,1 - Critical,Implement,Security,L2 Support,Vikram Joshi,Delhi NCR,IT,SAP Production,Load balancer config,No Conflict,Pending,Testing required,Apr-2023,Q2-2023
CHG0000359,2023-07-07 05:15:47,2023-07-27 05:15:47,2023-07-27 10:15:47,,,Standard,High,4 - Low,Authorize,Hardware,Infra Team,Priya Menon,Kolkata,IT,Active Directory,SSL certificate renewal,No Conflict,Pending,,Jul-2023,Q3-2023
CHG0000360,2023-05-02 17:20:11,2023-05-30 17:20:11,2023-05-30 19:20:11,2023-05-30 17:38:11,2023-05-30 23:38:11,Standard,High,3 - Medium,Implement,Access Management,Network Ops,Kavya Reddy,Pune,Sales,Core Switch,OS patch deployment,Conflict Detected,Pending,Resource unavailable,May-2023,Q2-2023
CHG0000361,2023-08-01 21:08:08,2023-08-29 21:08:08,2023-08-29 23:08:08,2023-08-29 21:14:08,2023-08-30 01:14:08,Normal,High,1 - Critical,Closed,Access Management,Security Ops,Rahul Sharma,Hyderabad,Procurement,ERP Server,Storage expansion,No Conflict,Approved,Awaiting approval,Aug-2023,Q3-2023
CHG0000362,2023-02-21 09:16:17,2023-03-02 09:16:17,2023-03-02 17:16:17,,,Emergency,High,1 - Critical,Cancelled,Hardware,Security Ops,Rahul Sharma,Hyderabad,Operations,Email Gateway,Middleware upgrade,Conflict Detected,Approved,Vendor dependency,Feb-2023,Q1-2023
CHG0000363,2023-02-13 20:42:47,2023-03-09 20:42:47,2023-03-10 03:42:47,2023-03-09 21:01:47,2023-03-10 05:01:47,Normal,Medium,2 - High,Closed,Network,L1 Support,Priya Menon,Delhi NCR,Operations,Active Directory,Network upgrade,No Conflict,Approved,Vendor dependency,Feb-2023,Q1-2023
CHG0000364,2023-02-16 10:55:13,2023-03-16 10:55:13,2023-03-16 14:55:13,2023-03-16 10:26:13,2023-03-16 18:26:13,Standard,Medium,4 - Low,Implement,Hardware,Infra Team,Sneha Patil,Hyderabad,Finance,CRM Application,DB migration,No Conflict,Pending,Testing required,Feb-2023,Q1-2023
CHG0000365,2023-01-20 18:11:51,2023-02-16 18:11:51,2023-02-16 20:11:51,2023-02-16 18:28:51,2023-02-16 23:28:51,Emergency,Low,3 - Medium,Closed,Software,Network Ops,Kavya Reddy,Kolkata,Legal,CRM Application,Load balancer config,No Conflict,Approved,Testing required,Jan-2023,Q1-2023
CHG0000366,2023-05-18 18:25:46,2023-06-14 18:25:46,2023-06-14 20:25:46,2023-06-14 18:19:46,2023-06-14 22:19:46,Normal,Medium,3 - Medium,Closed,Access Management,L1 Support,Priya Menon,Mumbai,Finance,Core Switch,SSL certificate renewal,No Conflict,Rejected,Vendor dependency,May-2023,Q2-2023
CHG0000367,2023-10-10 12:46:09,2023-10-21 12:46:09,2023-10-21 16:46:09,2023-10-21 12:46:09,2023-10-21 13:46:09,Standard,Medium,1 - Critical,Implement,Application,L2 Support,Sneha Patil,Bangalore,Sales,Firewall-01,Storage expansion,No Conflict,Approved,Awaiting approval,Oct-2023,Q4-2023
CHG0000368,2023-03-22 03:43:46,2023-04-06 03:43:46,2023-04-06 07:43:46,,,Standard,High,2 - High,Review,Security,L1 Support,Vikram Joshi,Chennai,HR,SAP Production,Network upgrade,No Conflict,Approved,Awaiting approval,Mar-2023,Q1-2023
CHG0000369,2023-03-09 10:23:31,2023-03-23 10:23:31,2023-03-23 14:23:31,2023-03-23 10:39:31,2023-03-23 17:39:31,Normal,Low,3 - Medium,Closed,Database,L1 Support,Pooja Iyer,Pune,Procurement,ERP Server,Backup policy change,No Conflict,Rejected,Vendor dependency,Mar-2023,Q1-2023
CHG0000370,2023-10-29 02:40:04,2023-11-16 02:40:04,2023-11-16 05:40:04,,,Normal,Low,4 - Low,Authorize,Software,Security Ops,Priya Menon,Kolkata,Legal,Core Switch,Backup policy change,No Conflict,Approved,Testing required,Oct-2023,Q4-2023
CHG0000371,2023-10-07 11:45:50,2023-10-31 11:45:50,2023-10-31 17:45:50,,,Normal,Low,4 - Low,Cancelled,Database,L1 Support,Sneha Patil,Bangalore,Finance,Core Switch,Storage expansion,No Conflict,Approved,Testing required,Oct-2023,Q4-2023
CHG0000372,2023-05-20 04:33:21,2023-06-06 04:33:21,2023-06-06 10:33:21,,,Emergency,Low,2 - High,Cancelled,Access Management,App Support,Amit Desai,Kolkata,Operations,Load Balancer,Storage expansion,No Conflict,Approved,Resource unavailable,May-2023,Q2-2023
CHG0000373,2023-02-28 11:09:01,2023-03-20 11:09:01,2023-03-20 15:09:01,,,Normal,High,3 - Medium,Authorize,Network,Security Ops,Priya Menon,Delhi NCR,Marketing,ERP Server,Middleware upgrade,No Conflict,Approved,Testing required,Feb-2023,Q1-2023
CHG0000374,2023-07-08 16:10:22,2023-08-02 16:10:22,2023-08-02 22:10:22,,,Normal,High,4 - Low,Review,Email/Collaboration,DB Admins,Deepak Nair,Bangalore,Sales,Core Switch,Network upgrade,No Conflict,Approved,,Jul-2023,Q3-2023
CHG0000375,2023-05-17 09:16:04,2023-06-14 09:16:04,2023-06-14 13:16:04,2023-06-14 08:48:04,2023-06-14 15:48:04,Normal,Low,4 - Low,Closed,Database,App Support,Anjali Singh,Hyderabad,Marketing,Active Directory,DR failover test,No Conflict,Approved,Testing required,May-2023,Q2-2023
CHG0000376,2023-09-24 18:00:43,2023-10-06 18:00:43,2023-10-06 21:00:43,2023-10-06 18:16:43,2023-10-07 00:16:43,Normal,High,2 - High,Implement,Access Management,Network Ops,Kavya Reddy,Bangalore,Operations,CRM Application,Storage expansion,No Conflict,Approved,Vendor dependency,Sep-2023,Q3-2023
CHG0000377,2023-05-23 17:36:33,2023-06-16 17:36:33,2023-06-16 21:36:33,2023-06-16 17:19:33,2023-06-16 21:19:33,Normal,High,4 - Low,Closed,Network,Infra Team,Amit Desai,Hyderabad,Operations,Oracle DB,DB migration,No Conflict,Rejected,Testing required,May-2023,Q2-2023
CHG0000378,2023-06-28 00:11:00,2023-07-17 00:11:00,2023-07-17 01:11:00,2023-07-16 23:58:00,2023-07-17 01:58:00,Emergency,High,1 - Critical,Implement,Email/Collaboration,L2 Support,Deepak Nair,Mumbai,Finance,Core Switch,OS patch deployment,No Conflict,Approved,Testing required,Jun-2023,Q2-2023
CHG0000379,2023-02-09 17:21:03,2023-02-24 17:21:03,2023-02-24 22:21:03,2023-02-24 17:48:03,2023-02-24 18:48:03,Normal,Medium,2 - High,Implement,Hardware,L1 Support,Kavya Reddy,Hyderabad,Legal,Load Balancer,Firewall rule update,No Conflict,Approved,Resource unavailable,Feb-2023,Q1-2023
CHG0000380,2023-11-29 07:45:33,2023-12-24 07:45:33,2023-12-24 15:45:33,,,Normal,Medium,1 - Critical,Review,Hardware,Infra Team,Rohan Verma,Hyderabad,Marketing,SAP Production,OS patch deployment,No Conflict,Rejected,Awaiting approval,Nov-2023,Q4-2023
CHG0000381,2023-05-29 07:43:39,2023-06-13 07:43:39,2023-06-13 13:43:39,,,Emergency,High,2 - High,Authorize,Database,L1 Support,Anjali Singh,Delhi NCR,Legal,Firewall-01,SSL certificate renewal,Conflict Detected,Approved,Awaiting approval,May-2023,Q2-2023
CHG0000382,2023-05-25 02:00:38,2023-06-01 02:00:38,2023-06-01 07:00:38,2023-06-01 02:22:38,2023-06-01 09:22:38,Standard,Low,2 - High,Implement,Email/Collaboration,Network Ops,Priya Menon,Bangalore,Operations,Core Switch,Middleware upgrade,No Conflict,Approved,Resource unavailable,May-2023,Q2-2023
CHG0000383,2023-10-17 17:00:49,2023-11-13 17:00:49,2023-11-14 00:00:49,2023-11-13 16:36:49,2023-11-13 21:36:49,Standard,Low,3 - Medium,Implement,Network,L2 Support,Rahul Sharma,Pune,Marketing,SAP Production,OS patch deployment,No Conflict,Approved,Vendor dependency,Oct-2023,Q4-2023
CHG0000384,2023-05-01 02:03:54,2023-05-11 02:03:54,2023-05-11 04:03:54,2023-05-11 01:36:54,2023-05-11 05:36:54,Emergency,High,1 - Critical,Implement,Application,DB Admins,Pooja Iyer,Chennai,HR,CRM Application,DB migration,No Conflict,Approved,Vendor dependency,May-2023,Q2-2023
CHG0000385,2023-05-13 02:11:38,2023-06-08 02:11:38,2023-06-08 09:11:38,,,Emergency,High,1 - Critical,Review,Security,Security Ops,Kavya Reddy,Mumbai,Sales,ERP Server,Load balancer config,No Conflict,Approved,Resource unavailable,May-2023,Q2-2023
CHG0000386,2023-05-13 15:41:23,2023-05-26 15:41:23,2023-05-26 17:41:23,2023-05-26 16:11:23,2023-05-26 18:11:23,Emergency,Low,1 - Critical,Closed,Network,L2 Support,Deepak Nair,Delhi NCR,Procurement,Load Balancer,Middleware upgrade,No Conflict,Approved,Resource unavailable,May-2023,Q2-2023
CHG0000387,2023-08-22 22:46:38,2023-09-11 22:46:38,2023-09-12 01:46:38,2023-09-11 23:15:38,2023-09-12 07:15:38,Emergency,Medium,1 - Critical,Closed,Email/Collaboration,Security Ops,Rahul Sharma,Delhi NCR,Legal,Core Switch,DR failover test,Conflict Detected,Approved,Awaiting approval,Aug-2023,Q3-2023
CHG0000388,2023-12-19 16:09:46,2024-01-14 16:09:46,2024-01-14 17:09:46,,,Standard,Medium,1 - Critical,Authorize,Email/Collaboration,App Support,Rohan Verma,Bangalore,Legal,Core Switch,Storage expansion,No Conflict,Approved,,Dec-2023,Q4-2023
CHG0000389,2023-10-10 11:59:17,2023-10-18 11:59:17,2023-10-18 13:59:17,2023-10-18 12:17:17,2023-10-18 20:17:17,Normal,High,2 - High,Closed,Database,DB Admins,Sneha Patil,Kolkata,Procurement,VPN Gateway,Network upgrade,Conflict Detected,Approved,Resource unavailable,Oct-2023,Q4-2023
CHG0000390,2023-02-18 22:05:59,2023-03-06 22:05:59,2023-03-06 23:05:59,2023-03-06 22:32:59,2023-03-07 00:32:59,Normal,Medium,4 - Low,Implement,Software,Network Ops,Anjali Singh,Mumbai,HR,Email Gateway,Storage expansion,No Conflict,Approved,Vendor dependency,Feb-2023,Q1-2023
CHG0000391,2023-08-09 12:38:56,2023-09-04 12:38:56,2023-09-04 16:38:56,2023-09-04 12:59:56,2023-09-04 20:59:56,Normal,Low,4 - Low,Closed,Application,DB Admins,Amit Desai,Kolkata,Sales,Firewall-01,OS patch deployment,No Conflict,Approved,Resource unavailable,Aug-2023,Q3-2023
CHG0000392,2023-07-16 02:38:53,2023-07-23 02:38:53,2023-07-23 03:38:53,2023-07-23 03:05:53,2023-07-23 04:05:53,Standard,Low,4 - Low,Closed,Email/Collaboration,App Support,Rohan Verma,Mumbai,Operations,Email Gateway,DR failover test,Conflict Detected,Approved,Awaiting approval,Jul-2023,Q3-2023
CHG0000393,2023-12-20 01:54:52,2024-01-15 01:54:52,2024-01-15 04:54:52,2024-01-15 01:45:52,2024-01-15 03:45:52,Standard,High,3 - Medium,Closed,Email/Collaboration,Network Ops,Deepak Nair,Chennai,Legal,Core Switch,Network upgrade,No Conflict,Approved,Awaiting approval,Dec-2023,Q4-2023
CHG0000394,2023-03-11 22:59:42,2023-04-08 22:59:42,2023-04-09 03:59:42,2023-04-08 22:49:42,2023-04-08 23:49:42,Emergency,Medium,2 - High,Closed,Application,L2 Support,Sneha Patil,Bangalore,Operations,ERP Server,Middleware upgrade,Conflict Detected,Approved,Awaiting approval,Mar-2023,Q1-2023
CHG0000395,2023-03-24 01:34:32,2023-03-31 01:34:32,2023-03-31 02:34:32,2023-03-31 01:06:32,2023-03-31 03:06:32,Standard,Medium,1 - Critical,Implement,Access Management,DB Admins,Rahul Sharma,Chennai,Sales,Load Balancer,Backup policy change,No Conflict,Approved,Vendor dependency,Mar-2023,Q1-2023
CHG0000396,2023-10-14 11:08:49,2023-10-28 11:08:49,2023-10-28 13:08:49,2023-10-28 11:22:49,2023-10-28 15:22:49,Emergency,High,1 - Critical,Implement,Application,Security Ops,Anjali Singh,Chennai,Operations,SAP Production,Storage expansion,Conflict Detected,Approved,Vendor dependency,Oct-2023,Q4-2023
CHG0000397,2023-11-15 00:08:18,2023-11-28 00:08:18,2023-11-28 02:08:18,2023-11-28 00:31:18,2023-11-28 08:31:18,Emergency,Low,3 - Medium,Closed,Security,Network Ops,Deepak Nair,Delhi NCR,Operations,Oracle DB,Network upgrade,No Conflict,Approved,Testing required,Nov-2023,Q4-2023
CHG0000398,2023-09-04 17:37:51,2023-09-15 17:37:51,2023-09-15 22:37:51,2023-09-15 17:50:51,2023-09-15 18:50:51,Standard,Low,3 - Medium,Closed,Network,App Support,Anjali Singh,Hyderabad,Procurement,Active Directory,OS patch deployment,No Conflict,Pending,Resource unavailable,Sep-2023,Q3-2023
CHG0000399,2023-05-23 21:54:06,2023-06-09 21:54:06,2023-06-10 05:54:06,,,Normal,Medium,3 - Medium,Review,Database,DB Admins,Vikram Joshi,Mumbai,Marketing,CRM Application,OS patch deployment,No Conflict,Approved,Resource unavailable,May-2023,Q2-2023
CHG0000400,2023-09-13 04:43:59,2023-10-11 04:43:59,2023-10-11 08:43:59,2023-10-11 04:15:59,2023-10-11 11:15:59,Standard,Medium,4 - Low,Closed,Network,L1 Support,Rohan Verma,Pune,Procurement,SAP Production,Backup policy change,No Conflict,Approved,Vendor dependency,Sep-2023,Q3-2023
CHG0000401,2023-01-28 04:20:27,2023-02-17 04:20:27,2023-02-17 12:20:27,2023-02-17 04:40:27,2023-02-17 05:40:27,Emergency,Medium,2 - High,Closed,Software,Network Ops,Sneha Patil,Bangalore,Finance,SAP Production,SSL certificate renewal,No Conflict,Approved,Awaiting approval,Jan-2023,Q1-2023
CHG0000402,2023-08-29 13:05:38,2023-09-11 13:05:38,2023-09-11 20:05:38,,,Emergency,High,4 - Low,Cancelled,Security,L2 Support,Vikram Joshi,Bangalore,Sales,CRM Application,Backup policy change,No Conflict,Approved,Awaiting approval,Aug-2023,Q3-2023
CHG0000403,2023-12-31 00:27:43,2024-01-18 00:27:43,2024-01-18 03:27:43,,,Normal,Low,4 - Low,Cancelled,Application,L2 Support,Pooja Iyer,Bangalore,Operations,Firewall-01,Middleware upgrade,No Conflict,Approved,Awaiting approval,Dec-2023,Q4-2023
CHG0000404,2023-03-25 21:52:29,2023-04-22 21:52:29,2023-04-23 00:52:29,2023-04-22 22:12:29,2023-04-22 23:12:29,Emergency,Medium,4 - Low,Implement,Database,L1 Support,Deepak Nair,Kolkata,HR,Core Switch,Load balancer config,No Conflict,Approved,Awaiting approval,Mar-2023,Q1-2023
CHG0000405,2023-05-27 02:47:51,2023-06-05 02:47:51,2023-06-05 10:47:51,2023-06-05 02:56:51,2023-06-05 05:56:51,Standard,Medium,4 - Low,Implement,Hardware,DB Admins,Anjali Singh,Chennai,Sales,Firewall-01,OS patch deployment,No Conflict,Approved,Testing required,May-2023,Q2-2023
CHG0000406,2023-02-05 10:50:35,2023-02-17 10:50:35,2023-02-17 16:50:35,,,Standard,Medium,4 - Low,Review,Access Management,L1 Support,Priya Menon,Delhi NCR,Sales,Firewall-01,DR failover test,No Conflict,Approved,Resource unavailable,Feb-2023,Q1-2023
CHG0000407,2023-03-29 07:56:38,2023-04-09 07:56:38,2023-04-09 10:56:38,,,Emergency,Low,3 - Medium,Review,Software,App Support,Anjali Singh,Chennai,IT,Firewall-01,SSL certificate renewal,No Conflict,Approved,Testing required,Mar-2023,Q1-2023
CHG0000408,2023-01-20 21:59:20,2023-02-03 21:59:20,2023-02-03 22:59:20,2023-02-03 22:21:20,2023-02-04 06:21:20,Normal,Medium,1 - Critical,Implement,Access Management,Network Ops,Anjali Singh,Chennai,Procurement,Firewall-01,Network upgrade,Conflict Detected,Approved,,Jan-2023,Q1-2023
CHG0000409,2023-12-05 16:46:27,2023-12-27 16:46:27,2023-12-27 21:46:27,,,Emergency,Low,4 - Low,Authorize,Application,Security Ops,Kavya Reddy,Chennai,IT,Active Directory,SSL certificate renewal,No Conflict,Approved,Resource unavailable,Dec-2023,Q4-2023
CHG0000410,2023-12-18 16:42:28,2024-01-06 16:42:28,2024-01-07 00:42:28,2024-01-06 16:58:28,2024-01-06 18:58:28,Normal,Low,2 - High,Closed,Software,App Support,Deepak Nair,Bangalore,HR,Email Gateway,Backup policy change,No Conflict,Pending,Testing required,Dec-2023,Q4-2023
CHG0000411,2023-02-22 03:49:11,2023-03-11 03:49:11,2023-03-11 09:49:11,,,Normal,High,1 - Critical,Authorize,Security,L1 Support,Pooja Iyer,Pune,Legal,Firewall-01,DB migration,No Conflict,Rejected,Resource unavailable,Feb-2023,Q1-2023
CHG0000412,2023-09-26 17:30:12,2023-10-10 17:30:12,2023-10-10 18:30:12,,,Normal,Medium,1 - Critical,Authorize,Network,Infra Team,Pooja Iyer,Mumbai,Finance,Oracle DB,SSL certificate renewal,No Conflict,Approved,Vendor dependency,Sep-2023,Q3-2023
CHG0000413,2023-06-10 20:00:53,2023-06-28 20:00:53,2023-06-29 02:00:53,2023-06-28 19:50:53,2023-06-29 03:50:53,Emergency,High,3 - Medium,Implement,Access Management,App Support,Sneha Patil,Kolkata,Operations,Core Switch,Backup policy change,Conflict Detected,Approved,Resource unavailable,Jun-2023,Q2-2023
CHG0000414,2023-01-01 19:43:35,2023-01-24 19:43:35,2023-01-24 22:43:35,,,Standard,High,4 - Low,Review,Network,DB Admins,Sneha Patil,Bangalore,Finance,Email Gateway,Middleware upgrade,No Conflict,Approved,Testing required,Jan-2023,Q1-2023
CHG0000415,2023-07-02 00:53:23,2023-07-26 00:53:23,2023-07-26 04:53:23,,,Standard,Medium,4 - Low,Review,Email/Collaboration,Security Ops,Anjali Singh,Bangalore,Procurement,VPN Gateway,Storage expansion,No Conflict,Approved,Resource unavailable,Jul-2023,Q3-2023
CHG0000416,2023-04-29 12:47:59,2023-05-08 12:47:59,2023-05-08 18:47:59,,,Normal,Medium,3 - Medium,Review,Application,Network Ops,Priya Menon,Chennai,Sales,Load Balancer,SSL certificate renewal,No Conflict,Approved,,Apr-2023,Q2-2023
CHG0000417,2023-02-21 06:25:59,2023-03-08 06:25:59,2023-03-08 09:25:59,2023-03-08 06:37:59,2023-03-08 11:37:59,Normal,Medium,4 - Low,Closed,Security,Network Ops,Deepak Nair,Kolkata,Finance,Load Balancer,Backup policy change,No Conflict,Pending,Vendor dependency,Feb-2023,Q1-2023
CHG0000418,2023-08-28 22:27:57,2023-09-06 22:27:57,2023-09-07 03:27:57,2023-09-06 22:27:57,2023-09-06 23:27:57,Emergency,Medium,3 - Medium,Closed,Application,L2 Support,Amit Desai,Pune,Legal,Load Balancer,Firewall rule update,No Conflict,Approved,,Aug-2023,Q3-2023
CHG0000419,2023-01-13 14:52:06,2023-01-23 14:52:06,2023-01-23 17:52:06,,,Standard,Medium,2 - High,Cancelled,Access Management,Network Ops,Vikram Joshi,Kolkata,IT,CRM Application,DR failover test,No Conflict,Pending,Awaiting approval,Jan-2023,Q1-2023
CHG0000420,2023-04-07 18:06:09,2023-04-26 18:06:09,2023-04-27 00:06:09,2023-04-26 17:37:09,2023-04-26 18:37:09,Standard,Medium,1 - Critical,Implement,Email/Collaboration,DB Admins,Vikram Joshi,Pune,Procurement,ERP Server,OS patch deployment,No Conflict,Approved,Resource unavailable,Apr-2023,Q2-2023
CHG0000421,2023-08-11 17:03:39,2023-08-19 17:03:39,2023-08-19 22:03:39,,,Normal,High,2 - High,Review,Application,L1 Support,Rohan Verma,Kolkata,Finance,CRM Application,Backup policy change,No Conflict,Approved,Resource unavailable,Aug-2023,Q3-2023
CHG0000422,2023-04-12 22:28:59,2023-05-02 22:28:59,2023-05-03 00:28:59,,,Standard,Low,1 - Critical,Cancelled,Email/Collaboration,Infra Team,Deepak Nair,Hyderabad,Procurement,ERP Server,OS patch deployment,No Conflict,Approved,Vendor dependency,Apr-2023,Q2-2023
CHG0000423,2023-11-09 23:28:02,2023-11-25 23:28:02,2023-11-26 07:28:02,2023-11-25 23:45:02,2023-11-26 03:45:02,Standard,Low,3 - Medium,Closed,Access Management,DB Admins,Amit Desai,Chennai,Procurement,Core Switch,DR failover test,No Conflict,Approved,Awaiting approval,Nov-2023,Q4-2023
CHG0000424,2023-08-18 00:17:16,2023-09-10 00:17:16,2023-09-10 01:17:16,2023-09-10 00:36:16,2023-09-10 05:36:16,Emergency,High,3 - Medium,Closed,Application,L2 Support,Anjali Singh,Mumbai,IT,Oracle DB,Network upgrade,No Conflict,Pending,,Aug-2023,Q3-2023
CHG0000425,2023-05-18 19:56:06,2023-06-10 19:56:06,2023-06-11 02:56:06,,,Standard,Medium,4 - Low,Cancelled,Database,L1 Support,Amit Desai,Bangalore,Finance,Email Gateway,Network upgrade,No Conflict,Approved,Resource unavailable,May-2023,Q2-2023
CHG0000426,2023-09-16 12:20:26,2023-09-24 12:20:26,2023-09-24 14:20:26,2023-09-24 11:55:26,2023-09-24 14:55:26,Standard,High,3 - Medium,Implement,Hardware,L2 Support,Vikram Joshi,Delhi NCR,Operations,Email Gateway,Network upgrade,Conflict Detected,Pending,,Sep-2023,Q3-2023
CHG0000427,2023-10-01 22:36:18,2023-10-21 22:36:18,2023-10-22 04:36:18,2023-10-21 22:30:18,2023-10-22 03:30:18,Standard,Medium,2 - High,Implement,Email/Collaboration,App Support,Rahul Sharma,Kolkata,HR,ERP Server,DB migration,No Conflict,Approved,Vendor dependency,Oct-2023,Q4-2023
CHG0000428,2023-05-18 10:13:13,2023-06-15 10:13:13,2023-06-15 11:13:13,,,Standard,High,4 - Low,Review,Email/Collaboration,App Support,Rohan Verma,Kolkata,IT,VPN Gateway,Backup policy change,No Conflict,Approved,Vendor dependency,May-2023,Q2-2023
CHG0000429,2023-12-20 12:24:44,2024-01-15 12:24:44,2024-01-15 15:24:44,2024-01-15 11:59:44,2024-01-15 13:59:44,Normal,Medium,1 - Critical,Implement,Security,Infra Team,Rahul Sharma,Chennai,Procurement,Active Directory,OS patch deployment,No Conflict,Pending,Testing required,Dec-2023,Q4-2023
CHG0000430,2023-02-01 10:59:06,2023-02-25 10:59:06,2023-02-25 16:59:06,2023-02-25 10:40:06,2023-02-25 15:40:06,Emergency,Medium,1 - Critical,Closed,Software,Infra Team,Kavya Reddy,Kolkata,Sales,ERP Server,Load balancer config,No Conflict,Approved,Vendor dependency,Feb-2023,Q1-2023
CHG0000431,2023-02-22 17:19:02,2023-03-01 17:19:02,2023-03-02 01:19:02,2023-03-01 17:29:02,2023-03-01 21:29:02,Normal,Low,4 - Low,Implement,Email/Collaboration,L1 Support,Sneha Patil,Mumbai,Operations,SAP Production,DB migration,No Conflict,Rejected,Testing required,Feb-2023,Q1-2023
CHG0000432,2023-10-16 19:01:05,2023-10-28 19:01:05,2023-10-28 22:01:05,,,Standard,Low,3 - Medium,Review,Application,Security Ops,Rahul Sharma,Kolkata,Marketing,Load Balancer,DR failover test,No Conflict,Approved,,Oct-2023,Q4-2023
CHG0000433,2023-04-23 02:24:57,2023-05-05 02:24:57,2023-05-05 06:24:57,2023-05-05 02:44:57,2023-05-05 04:44:57,Normal,Medium,3 - Medium,Implement,Email/Collaboration,Infra Team,Deepak Nair,Bangalore,HR,ERP Server,DR failover test,No Conflict,Approved,,Apr-2023,Q2-2023
CHG0000434,2023-12-10 12:19:15,2024-01-06 12:19:15,2024-01-06 15:19:15,2024-01-06 12:08:15,2024-01-06 14:08:15,Normal,High,3 - Medium,Implement,Application,Network Ops,Deepak Nair,Delhi NCR,Operations,VPN Gateway,OS patch deployment,Conflict Detected,Approved,Testing required,Dec-2023,Q4-2023
CHG0000435,2023-01-15 04:00:23,2023-02-05 04:00:23,2023-02-05 07:00:23,,,Normal,Low,4 - Low,Review,Access Management,Security Ops,Anjali Singh,Delhi NCR,IT,CRM Application,DR failover test,No Conflict,Approved,Vendor dependency,Jan-2023,Q1-2023
CHG0000436,2023-09-06 00:37:51,2023-09-16 00:37:51,2023-09-16 02:37:51,,,Normal,High,2 - High,Cancelled,Network,Network Ops,Rahul Sharma,Pune,IT,Core Switch,OS patch deployment,No Conflict,Approved,Testing required,Sep-2023,Q3-2023
CHG0000437,2023-04-08 18:32:42,2023-04-20 18:32:42,2023-04-20 21:32:42,,,Standard,Medium,1 - Critical,Review,Email/Collaboration,App Support,Priya Menon,Kolkata,IT,CRM Application,Network upgrade,No Conflict,Pending,,Apr-2023,Q2-2023
CHG0000438,2023-09-21 15:58:41,2023-10-13 15:58:41,2023-10-13 19:58:41,2023-10-13 16:16:41,2023-10-13 17:16:41,Emergency,Medium,2 - High,Implement,Application,L2 Support,Rahul Sharma,Pune,Sales,Active Directory,Load balancer config,No Conflict,Approved,Awaiting approval,Sep-2023,Q3-2023
CHG0000439,2023-06-30 03:31:14,2023-07-15 03:31:14,2023-07-15 09:31:14,2023-07-15 03:23:14,2023-07-15 10:23:14,Standard,Medium,3 - Medium,Implement,Access Management,App Support,Rahul Sharma,Hyderabad,Legal,Firewall-01,Firewall rule update,No Conflict,Approved,Vendor dependency,Jun-2023,Q2-2023
CHG0000440,2023-02-11 11:06:57,2023-03-04 11:06:57,2023-03-04 15:06:57,,,Emergency,Medium,4 - Low,Review,Application,App Support,Priya Menon,Delhi NCR,Sales,Load Balancer,Network upgrade,No Conflict,Approved,,Feb-2023,Q1-2023
CHG0000441,2023-05-24 05:31:39,2023-06-17 05:31:39,2023-06-17 11:31:39,2023-06-17 05:48:39,2023-06-17 13:48:39,Emergency,High,4 - Low,Closed,Application,App Support,Rohan Verma,Delhi NCR,Legal,ERP Server,DR failover test,No Conflict,Approved,Vendor dependency,May-2023,Q2-2023
CHG0000442,2023-12-06 04:45:15,2023-12-30 04:45:15,2023-12-30 06:45:15,,,Standard,Medium,2 - High,Authorize,Email/Collaboration,Infra Team,Amit Desai,Delhi NCR,IT,Load Balancer,DR failover test,No Conflict,Approved,Awaiting approval,Dec-2023,Q4-2023
CHG0000443,2023-06-06 20:32:10,2023-07-03 20:32:10,2023-07-04 04:32:10,,,Standard,Low,4 - Low,Review,Database,App Support,Deepak Nair,Bangalore,Procurement,VPN Gateway,OS patch deployment,No Conflict,Pending,Testing required,Jun-2023,Q2-2023
CHG0000444,2023-10-22 21:16:56,2023-11-19 21:16:56,2023-11-19 23:16:56,,,Standard,Low,4 - Low,Review,Database,Infra Team,Kavya Reddy,Mumbai,Operations,ERP Server,Load balancer config,No Conflict,Pending,Awaiting approval,Oct-2023,Q4-2023
CHG0000445,2023-08-16 03:58:47,2023-09-07 03:58:47,2023-09-07 07:58:47,,,Normal,Low,3 - Medium,Review,Network,L2 Support,Vikram Joshi,Mumbai,Sales,VPN Gateway,Firewall rule update,No Conflict,Approved,Resource unavailable,Aug-2023,Q3-2023
CHG0000446,2023-01-04 01:11:49,2023-01-29 01:11:49,2023-01-29 08:11:49,2023-01-29 01:35:49,2023-01-29 04:35:49,Normal,Low,3 - Medium,Closed,Application,DB Admins,Rahul Sharma,Pune,Marketing,Email Gateway,Firewall rule update,Conflict Detected,Pending,Testing required,Jan-2023,Q1-2023
CHG0000447,2023-08-26 07:06:41,2023-09-10 07:06:41,2023-09-10 10:06:41,2023-09-10 06:42:41,2023-09-10 09:42:41,Standard,Low,3 - Medium,Implement,Security,DB Admins,Amit Desai,Chennai,Finance,Active Directory,Storage expansion,Conflict Detected,Approved,Awaiting approval,Aug-2023,Q3-2023
CHG0000448,2023-01-18 19:51:29,2023-02-11 19:51:29,2023-02-12 00:51:29,,,Emergency,Low,1 - Critical,Authorize,Application,L2 Support,Kavya Reddy,Bangalore,Finance,Email Gateway,SSL certificate renewal,No Conflict,Approved,Testing required,Jan-2023,Q1-2023
CHG0000449,2023-06-27 21:35:20,2023-07-13 21:35:20,2023-07-14 00:35:20,,,Emergency,Low,2 - High,Authorize,Software,App Support,Deepak Nair,Hyderabad,HR,CRM Application,OS patch deployment,No Conflict,Pending,Testing required,Jun-2023,Q2-2023
CHG0000450,2023-03-20 00:20:08,2023-03-30 00:20:08,2023-03-30 05:20:08,2023-03-29 23:57:08,2023-03-30 07:57:08,Normal,Low,4 - Low,Implement,Security,Security Ops,Rohan Verma,Delhi NCR,Sales,Oracle DB,Middleware upgrade,No Conflict,Rejected,Resource unavailable,Mar-2023,Q1-2023
CHG0000451,2023-11-09 13:58:08,2023-11-19 13:58:08,2023-11-19 17:58:08,,,Standard,High,1 - Critical,Authorize,Network,L1 Support,Priya Menon,Kolkata,Operations,Email Gateway,SSL certificate renewal,Conflict Detected,Approved,Vendor dependency,Nov-2023,Q4-2023
CHG0000452,2023-12-19 01:40:52,2024-01-13 01:40:52,2024-01-13 06:40:52,2024-01-13 01:54:52,2024-01-13 03:54:52,Normal,Medium,4 - Low,Closed,Network,L1 Support,Amit Desai,Mumbai,Procurement,Load Balancer,Middleware upgrade,No Conflict,Approved,Vendor dependency,Dec-2023,Q4-2023
CHG0000453,2023-05-18 05:25:14,2023-06-02 05:25:14,2023-06-02 06:25:14,2023-06-02 05:30:14,2023-06-02 06:30:14,Standard,Medium,2 - High,Closed,Email/Collaboration,App Support,Pooja Iyer,Mumbai,Marketing,CRM Application,OS patch deployment,No Conflict,Approved,Awaiting approval,May-2023,Q2-2023
CHG0000454,2023-04-06 03:18:01,2023-04-17 03:18:01,2023-04-17 06:18:01,,,Emergency,High,3 - Medium,Authorize,Network,DB Admins,Sneha Patil,Kolkata,HR,VPN Gateway,Backup policy change,No Conflict,Rejected,Resource unavailable,Apr-2023,Q2-2023
CHG0000455,2023-06-28 01:08:21,2023-07-24 01:08:21,2023-07-24 03:08:21,,,Normal,Medium,4 - Low,Authorize,Network,L1 Support,Rohan Verma,Bangalore,Procurement,CRM Application,DR failover test,No Conflict,Approved,Resource unavailable,Jun-2023,Q2-2023
CHG0000456,2023-06-15 20:46:17,2023-07-07 20:46:17,2023-07-07 23:46:17,,,Emergency,High,3 - Medium,Review,Security,Network Ops,Kavya Reddy,Kolkata,Sales,Core Switch,Backup policy change,No Conflict,Pending,Testing required,Jun-2023,Q2-2023
CHG0000457,2023-12-21 11:35:27,2024-01-08 11:35:27,2024-01-08 17:35:27,2024-01-08 11:43:27,2024-01-08 13:43:27,Emergency,Low,2 - High,Closed,Access Management,Security Ops,Vikram Joshi,Hyderabad,Legal,Core Switch,Firewall rule update,No Conflict,Approved,Testing required,Dec-2023,Q4-2023
CHG0000458,2023-03-08 00:12:21,2023-03-24 00:12:21,2023-03-24 07:12:21,2023-03-24 00:35:21,2023-03-24 05:35:21,Normal,Low,1 - Critical,Closed,Network,Network Ops,Rahul Sharma,Bangalore,Sales,Firewall-01,SSL certificate renewal,No Conflict,Pending,Vendor dependency,Mar-2023,Q1-2023
CHG0000459,2023-08-24 17:31:37,2023-09-09 17:31:37,2023-09-09 23:31:37,2023-09-09 17:10:37,2023-09-10 00:10:37,Normal,High,2 - High,Implement,Hardware,Network Ops,Pooja Iyer,Bangalore,Marketing,CRM Application,Load balancer config,No Conflict,Approved,Awaiting approval,Aug-2023,Q3-2023
CHG0000460,2023-06-05 06:17:01,2023-06-21 06:17:01,2023-06-21 07:17:01,2023-06-21 06:37:01,2023-06-21 11:37:01,Standard,Low,1 - Critical,Implement,Hardware,DB Admins,Priya Menon,Kolkata,Sales,Oracle DB,Storage expansion,Conflict Detected,Approved,,Jun-2023,Q2-2023
CHG0000461,2023-01-10 10:47:29,2023-02-04 10:47:29,2023-02-04 13:47:29,2023-02-04 11:05:29,2023-02-04 18:05:29,Standard,High,1 - Critical,Implement,Database,Infra Team,Priya Menon,Pune,Procurement,Email Gateway,Middleware upgrade,No Conflict,Approved,,Jan-2023,Q1-2023
CHG0000462,2023-01-19 21:09:46,2023-01-28 21:09:46,2023-01-28 23:09:46,2023-01-28 20:45:46,2023-01-29 02:45:46,Normal,High,4 - Low,Closed,Email/Collaboration,Infra Team,Pooja Iyer,Delhi NCR,Legal,ERP Server,Backup policy change,No Conflict,Approved,Awaiting approval,Jan-2023,Q1-2023
CHG0000463,2023-09-22 22:19:20,2023-10-06 22:19:20,2023-10-07 01:19:20,2023-10-06 21:50:20,2023-10-07 05:50:20,Standard,Medium,4 - Low,Closed,Hardware,Security Ops,Rahul Sharma,Mumbai,Legal,Email Gateway,Middleware upgrade,No Conflict,Approved,Awaiting approval,Sep-2023,Q3-2023
CHG0000464,2023-01-17 09:14:43,2023-02-07 09:14:43,2023-02-07 14:14:43,2023-02-07 09:31:43,2023-02-07 11:31:43,Emergency,Low,2 - High,Closed,Access Management,L2 Support,Rahul Sharma,Bangalore,Marketing,SAP Production,Middleware upgrade,No Conflict,Approved,Resource unavailable,Jan-2023,Q1-2023
CHG0000465,2023-04-20 17:24:50,2023-04-27 17:24:50,2023-04-27 23:24:50,,,Emergency,Medium,1 - Critical,Review,Application,App Support,Anjali Singh,Kolkata,Sales,ERP Server,Backup policy change,No Conflict,Pending,,Apr-2023,Q2-2023
CHG0000466,2023-08-29 15:11:16,2023-09-13 15:11:16,2023-09-13 20:11:16,2023-09-13 15:16:16,2023-09-13 17:16:16,Standard,Low,4 - Low,Closed,Software,Network Ops,Amit Desai,Kolkata,HR,Core Switch,Middleware upgrade,Conflict Detected,Pending,,Aug-2023,Q3-2023
CHG0000467,2023-04-01 09:17:08,2023-04-09 09:17:08,2023-04-09 16:17:08,,,Normal,Medium,4 - Low,Review,Software,L1 Support,Rohan Verma,Delhi NCR,HR,CRM Application,OS patch deployment,Conflict Detected,Pending,Testing required,Apr-2023,Q2-2023
CHG0000468,2023-09-02 00:42:15,2023-09-18 00:42:15,2023-09-18 08:42:15,,,Emergency,Medium,2 - High,Review,Network,DB Admins,Vikram Joshi,Delhi NCR,IT,CRM Application,DR failover test,No Conflict,Approved,Awaiting approval,Sep-2023,Q3-2023
CHG0000469,2023-09-21 20:55:59,2023-10-18 20:55:59,2023-10-18 22:55:59,,,Standard,Medium,3 - Medium,Review,Security,Infra Team,Vikram Joshi,Delhi NCR,HR,ERP Server,SSL certificate renewal,Conflict Detected,Pending,Vendor dependency,Sep-2023,Q3-2023
CHG0000470,2023-03-18 04:07:31,2023-03-26 04:07:31,2023-03-26 12:07:31,2023-03-26 03:45:31,2023-03-26 07:45:31,Emergency,High,2 - High,Closed,Application,DB Admins,Vikram Joshi,Hyderabad,Operations,ERP Server,Backup policy change,No Conflict,Rejected,Awaiting approval,Mar-2023,Q1-2023
CHG0000471,2023-01-30 04:43:41,2023-02-23 04:43:41,2023-02-23 08:43:41,,,Emergency,High,3 - Medium,Review,Hardware,L1 Support,Deepak Nair,Bangalore,HR,VPN Gateway,Load balancer config,No Conflict,Approved,Resource unavailable,Jan-2023,Q1-2023
CHG0000472,2023-10-21 17:18:42,2023-11-17 17:18:42,2023-11-17 21:18:42,2023-11-17 17:07:42,2023-11-17 21:07:42,Standard,Medium,1 - Critical,Closed,Security,Infra Team,Amit Desai,Mumbai,Operations,Firewall-01,OS patch deployment,No Conflict,Approved,,Oct-2023,Q4-2023
CHG0000473,2023-08-24 10:54:29,2023-09-05 10:54:29,2023-09-05 14:54:29,2023-09-05 10:27:29,2023-09-05 14:27:29,Normal,Medium,2 - High,Implement,Access Management,L1 Support,Rohan Verma,Delhi NCR,Operations,Email Gateway,DB migration,No Conflict,Approved,Awaiting approval,Aug-2023,Q3-2023
CHG0000474,2023-08-08 14:35:12,2023-08-16 14:35:12,2023-08-16 15:35:12,,,Normal,Low,3 - Medium,Cancelled,Database,DB Admins,Priya Menon,Pune,HR,Core Switch,Firewall rule update,No Conflict,Rejected,,Aug-2023,Q3-2023
CHG0000475,2023-03-15 05:36:38,2023-03-31 05:36:38,2023-03-31 11:36:38,,,Emergency,Low,4 - Low,Cancelled,Security,Infra Team,Amit Desai,Chennai,HR,Oracle DB,Load balancer config,No Conflict,Approved,Vendor dependency,Mar-2023,Q1-2023
CHG0000476,2023-02-07 19:39:19,2023-02-15 19:39:19,2023-02-16 02:39:19,2023-02-15 19:37:19,2023-02-16 00:37:19,Standard,Low,4 - Low,Closed,Application,DB Admins,Rohan Verma,Mumbai,Finance,Firewall-01,DB migration,No Conflict,Pending,Resource unavailable,Feb-2023,Q1-2023
CHG0000477,2023-02-07 06:12:59,2023-02-14 06:12:59,2023-02-14 09:12:59,,,Standard,Low,2 - High,Cancelled,Database,Network Ops,Pooja Iyer,Bangalore,Operations,Firewall-01,Load balancer config,No Conflict,Approved,Testing required,Feb-2023,Q1-2023
CHG0000478,2023-12-03 23:43:58,2023-12-13 23:43:58,2023-12-14 03:43:58,2023-12-13 23:23:58,2023-12-14 00:23:58,Emergency,Medium,1 - Critical,Closed,Application,L2 Support,Amit Desai,Pune,Operations,Core Switch,SSL certificate renewal,No Conflict,Approved,,Dec-2023,Q4-2023
CHG0000479,2023-11-27 08:52:04,2023-12-17 08:52:04,2023-12-17 10:52:04,2023-12-17 08:31:04,2023-12-17 16:31:04,Emergency,Low,1 - Critical,Implement,Network,L1 Support,Amit Desai,Hyderabad,Legal,ERP Server,OS patch deployment,No Conflict,Approved,Awaiting approval,Nov-2023,Q4-2023
CHG0000480,2023-04-06 21:57:48,2023-04-22 21:57:48,2023-04-23 01:57:48,,,Emergency,Low,3 - Medium,Review,Email/Collaboration,App Support,Pooja Iyer,Delhi NCR,Marketing,CRM Application,Load balancer config,No Conflict,Approved,Awaiting approval,Apr-2023,Q2-2023
CHG0000481,2023-01-12 10:46:23,2023-01-23 10:46:23,2023-01-23 12:46:23,2023-01-23 10:48:23,2023-01-23 12:48:23,Standard,Medium,1 - Critical,Implement,Application,Infra Team,Pooja Iyer,Kolkata,Marketing,VPN Gateway,Network upgrade,Conflict Detected,Approved,Awaiting approval,Jan-2023,Q1-2023
CHG0000482,2023-07-24 04:44:14,2023-08-02 04:44:14,2023-08-02 10:44:14,2023-08-02 04:34:14,2023-08-02 05:34:14,Standard,Medium,4 - Low,Implement,Email/Collaboration,App Support,Kavya Reddy,Hyderabad,Marketing,ERP Server,Middleware upgrade,No Conflict,Approved,,Jul-2023,Q3-2023
CHG0000483,2023-02-10 00:44:23,2023-02-23 00:44:23,2023-02-23 02:44:23,2023-02-23 00:55:23,2023-02-23 06:55:23,Emergency,Medium,1 - Critical,Implement,Access Management,App Support,Rahul Sharma,Kolkata,Finance,ERP Server,Firewall rule update,Conflict Detected,Approved,Vendor dependency,Feb-2023,Q1-2023
CHG0000484,2023-08-31 15:16:11,2023-09-27 15:16:11,2023-09-27 18:16:11,2023-09-27 15:05:11,2023-09-27 22:05:11,Normal,Low,3 - Medium,Implement,Network,L2 Support,Anjali Singh,Mumbai,IT,ERP Server,OS patch deployment,No Conflict,Rejected,,Aug-2023,Q3-2023
CHG0000485,2023-10-02 14:11:41,2023-10-29 14:11:41,2023-10-29 19:11:41,2023-10-29 13:48:41,2023-10-29 18:48:41,Emergency,Low,4 - Low,Closed,Security,L1 Support,Amit Desai,Chennai,Marketing,Load Balancer,OS patch deployment,No Conflict,Approved,Testing required,Oct-2023,Q4-2023
CHG0000486,2023-08-27 04:34:20,2023-09-17 04:34:20,2023-09-17 11:34:20,,,Emergency,Low,4 - Low,Review,Software,Network Ops,Deepak Nair,Bangalore,Finance,Oracle DB,OS patch deployment,Conflict Detected,Rejected,Awaiting approval,Aug-2023,Q3-2023
CHG0000487,2023-02-02 15:49:47,2023-02-24 15:49:47,2023-02-24 19:49:47,,,Normal,High,1 - Critical,Review,Security,Security Ops,Pooja Iyer,Pune,Legal,CRM Application,Backup policy change,No Conflict,Approved,Testing required,Feb-2023,Q1-2023
CHG0000488,2023-01-10 18:26:06,2023-01-25 18:26:06,2023-01-25 21:26:06,2023-01-25 18:03:06,2023-01-25 21:03:06,Standard,Medium,3 - Medium,Implement,Access Management,App Support,Rahul Sharma,Bangalore,IT,SAP Production,Storage expansion,No Conflict,Approved,Awaiting approval,Jan-2023,Q1-2023
CHG0000489,2023-08-09 18:13:31,2023-08-22 18:13:31,2023-08-22 21:13:31,,,Standard,High,3 - Medium,Authorize,Application,Infra Team,Pooja Iyer,Bangalore,Legal,Email Gateway,DR failover test,No Conflict,Rejected,Resource unavailable,Aug-2023,Q3-2023
CHG0000490,2023-09-25 19:21:40,2023-10-04 19:21:40,2023-10-04 22:21:40,,,Normal,Medium,3 - Medium,Review,Software,L2 Support,Priya Menon,Pune,Finance,SAP Production,Network upgrade,No Conflict,Approved,Testing required,Sep-2023,Q3-2023
CHG0000491,2023-03-09 01:53:02,2023-03-20 01:53:02,2023-03-20 04:53:02,,,Emergency,Medium,1 - Critical,Review,Software,App Support,Priya Menon,Delhi NCR,Procurement,Core Switch,DR failover test,No Conflict,Pending,,Mar-2023,Q1-2023
CHG0000492,2023-12-05 22:39:09,2023-12-24 22:39:09,2023-12-25 05:39:09,2023-12-24 22:21:09,2023-12-25 04:21:09,Emergency,Low,4 - Low,Closed,Hardware,DB Admins,Pooja Iyer,Hyderabad,Operations,Firewall-01,Storage expansion,No Conflict,Pending,Vendor dependency,Dec-2023,Q4-2023
CHG0000493,2023-06-14 02:40:45,2023-06-22 02:40:45,2023-06-22 05:40:45,2023-06-22 02:48:45,2023-06-22 08:48:45,Normal,High,2 - High,Closed,Email/Collaboration,Infra Team,Pooja Iyer,Bangalore,Legal,Oracle DB,Middleware upgrade,Conflict Detected,Pending,Resource unavailable,Jun-2023,Q2-2023
CHG0000494,2023-02-17 00:27:05,2023-03-17 00:27:05,2023-03-17 03:27:05,,,Normal,Low,2 - High,Cancelled,Database,Security Ops,Rahul Sharma,Chennai,IT,Load Balancer,OS patch deployment,No Conflict,Pending,Testing required,Feb-2023,Q1-2023
CHG0000495,2023-07-07 14:08:32,2023-07-23 14:08:32,2023-07-23 17:08:32,2023-07-23 14:04:32,2023-07-23 19:04:32,Normal,High,1 - Critical,Closed,Application,Security Ops,Pooja Iyer,Chennai,HR,Email Gateway,Firewall rule update,No Conflict,Approved,Vendor dependency,Jul-2023,Q3-2023
CHG0000496,2023-07-09 07:43:08,2023-07-17 07:43:08,2023-07-17 13:43:08,,,Standard,High,3 - Medium,Cancelled,Software,L1 Support,Rohan Verma,Hyderabad,Procurement,Firewall-01,Firewall rule update,No Conflict,Approved,Resource unavailable,Jul-2023,Q3-2023
CHG0000497,2023-02-19 11:26:21,2023-03-01 11:26:21,2023-03-01 13:26:21,,,Standard,Medium,1 - Critical,Review,Software,Network Ops,Priya Menon,Pune,Marketing,ERP Server,DB migration,No Conflict,Approved,Testing required,Feb-2023,Q1-2023
CHG0000498,2023-03-19 01:08:30,2023-04-08 01:08:30,2023-04-08 07:08:30,2023-04-08 00:46:30,2023-04-08 04:46:30,Normal,Low,2 - High,Implement,Access Management,Infra Team,Priya Menon,Hyderabad,Sales,ERP Server,DB migration,No Conflict,Approved,Awaiting approval,Mar-2023,Q1-2023
CHG0000499,2023-06-24 01:25:14,2023-07-17 01:25:14,2023-07-17 03:25:14,2023-07-17 01:45:14,2023-07-17 06:45:14,Normal,High,3 - Medium,Implement,Access Management,Network Ops,Priya Menon,Chennai,Operations,Firewall-01,Network upgrade,No Conflict,Pending,Resource unavailable,Jun-2023,Q2-2023
CHG0000500,2023-03-07 13:13:16,2023-03-30 13:13:16,2023-03-30 19:13:16,2023-03-30 13:31:16,2023-03-30 21:31:16,Emergency,Low,1 - Critical,Implement,Email/Collaboration,Security Ops,Priya Menon,Hyderabad,HR,Firewall-01,Network upgrade,Conflict Detected,Approved,Resource unavailable,Mar-2023,Q1-2023
CHG0000501,2023-12-02 10:13:58,2023-12-09 10:13:58,2023-12-09 14:13:58,,,Emergency,Low,4 - Low,Cancelled,Application,Security Ops,Vikram Joshi,Bangalore,HR,Firewall-01,Storage expansion,No Conflict,Rejected,Vendor dependency,Dec-2023,Q4-2023
CHG0000502,2023-07-01 11:26:52,2023-07-27 11:26:52,2023-07-27 16:26:52,2023-07-27 11:27:52,2023-07-27 14:27:52,Emergency,Low,2 - High,Implement,Software,Network Ops,Sneha Patil,Kolkata,Marketing,Load Balancer,Storage expansion,No Conflict,Approved,Resource unavailable,Jul-2023,Q3-2023
CHG0000503,2023-04-25 09:24:21,2023-05-04 09:24:21,2023-05-04 17:24:21,2023-05-04 09:45:21,2023-05-04 15:45:21,Emergency,High,2 - High,Implement,Application,L1 Support,Kavya Reddy,Pune,IT,Firewall-01,Backup policy change,No Conflict,Pending,,Apr-2023,Q2-2023
CHG0000504,2023-03-11 08:00:50,2023-04-02 08:00:50,2023-04-02 16:00:50,2023-04-02 07:51:50,2023-04-02 09:51:50,Normal,High,2 - High,Implement,Security,Security Ops,Vikram Joshi,Delhi NCR,Marketing,VPN Gateway,DB migration,No Conflict,Rejected,Vendor dependency,Mar-2023,Q1-2023
CHG0000505,2023-12-13 12:12:52,2023-12-20 12:12:52,2023-12-20 19:12:52,2023-12-20 11:45:52,2023-12-20 13:45:52,Normal,High,1 - Critical,Implement,Access Management,App Support,Priya Menon,Pune,Legal,Oracle DB,OS patch deployment,No Conflict,Approved,Vendor dependency,Dec-2023,Q4-2023
CHG0000506,2023-06-04 13:41:11,2023-06-26 13:41:11,2023-06-26 17:41:11,2023-06-26 13:22:11,2023-06-26 21:22:11,Standard,Medium,1 - Critical,Implement,Database,L1 Support,Pooja Iyer,Chennai,Sales,ERP Server,Backup policy change,No Conflict,Rejected,Resource unavailable,Jun-2023,Q2-2023
CHG0000507,2023-11-30 05:22:43,2023-12-20 05:22:43,2023-12-20 07:22:43,,,Normal,High,4 - Low,Review,Access Management,Network Ops,Rohan Verma,Pune,Operations,Oracle DB,Middleware upgrade,No Conflict,Approved,Vendor dependency,Nov-2023,Q4-2023
CHG0000508,2023-05-11 00:53:33,2023-05-18 00:53:33,2023-05-18 05:53:33,2023-05-18 01:01:33,2023-05-18 07:01:33,Normal,High,4 - Low,Closed,Access Management,L2 Support,Deepak Nair,Chennai,IT,SAP Production,Load balancer config,No Conflict,Pending,Testing required,May-2023,Q2-2023
CHG0000509,2023-01-07 08:03:55,2023-01-29 08:03:55,2023-01-29 15:03:55,,,Emergency,Low,3 - Medium,Cancelled,Software,Network Ops,Kavya Reddy,Pune,HR,Oracle DB,Storage expansion,No Conflict,Rejected,Awaiting approval,Jan-2023,Q1-2023
CHG0000510,2023-09-19 08:57:32,2023-10-02 08:57:32,2023-10-02 16:57:32,2023-10-02 08:31:32,2023-10-02 15:31:32,Emergency,Low,1 - Critical,Implement,Email/Collaboration,L1 Support,Anjali Singh,Kolkata,Finance,CRM Application,DR failover test,No Conflict,Rejected,Testing required,Sep-2023,Q3-2023
CHG0000511,2023-05-11 11:37:07,2023-06-04 11:37:07,2023-06-04 19:37:07,,,Standard,High,4 - Low,Review,Application,L2 Support,Pooja Iyer,Hyderabad,Operations,Active Directory,Network upgrade,No Conflict,Approved,Resource unavailable,May-2023,Q2-2023
CHG0000512,2023-01-02 19:07:37,2023-01-19 19:07:37,2023-01-19 21:07:37,,,Normal,Medium,3 - Medium,Authorize,Application,Network Ops,Pooja Iyer,Bangalore,Operations,VPN Gateway,Storage expansion,No Conflict,Approved,Awaiting approval,Jan-2023,Q1-2023
CHG0000513,2023-10-01 12:20:14,2023-10-13 12:20:14,2023-10-13 13:20:14,,,Emergency,High,3 - Medium,Review,Email/Collaboration,Infra Team,Vikram Joshi,Pune,HR,Load Balancer,SSL certificate renewal,No Conflict,Approved,Testing required,Oct-2023,Q4-2023
CHG0000514,2023-08-23 18:05:17,2023-09-04 18:05:17,2023-09-05 00:05:17,,,Standard,High,2 - High,Review,Software,App Support,Vikram Joshi,Mumbai,IT,SAP Production,DR failover test,Conflict Detected,Approved,Awaiting approval,Aug-2023,Q3-2023
CHG0000515,2023-10-04 09:30:44,2023-11-01 09:30:44,2023-11-01 11:30:44,2023-11-01 09:00:44,2023-11-01 15:00:44,Normal,High,2 - High,Closed,Application,L1 Support,Rohan Verma,Kolkata,Sales,Core Switch,Storage expansion,Conflict Detected,Approved,Testing required,Oct-2023,Q4-2023
CHG0000516,2023-05-16 18:55:46,2023-05-29 18:55:46,2023-05-29 21:55:46,2023-05-29 18:28:46,2023-05-29 20:28:46,Normal,Medium,1 - Critical,Closed,Security,Infra Team,Amit Desai,Mumbai,Marketing,VPN Gateway,DB migration,No Conflict,Approved,Awaiting approval,May-2023,Q2-2023
CHG0000517,2023-05-29 12:43:49,2023-06-09 12:43:49,2023-06-09 14:43:49,2023-06-09 12:50:49,2023-06-09 18:50:49,Standard,Medium,4 - Low,Implement,Software,L2 Support,Amit Desai,Mumbai,Marketing,CRM Application,DB migration,No Conflict,Pending,Resource unavailable,May-2023,Q2-2023
CHG0000518,2023-09-04 16:30:02,2023-09-30 16:30:02,2023-09-30 20:30:02,2023-09-30 16:48:02,2023-09-30 17:48:02,Emergency,High,1 - Critical,Implement,Security,L2 Support,Deepak Nair,Hyderabad,HR,Email Gateway,Firewall rule update,No Conflict,Approved,Awaiting approval,Sep-2023,Q3-2023
CHG0000519,2023-10-19 15:25:46,2023-11-04 15:25:46,2023-11-04 20:25:46,2023-11-04 15:36:46,2023-11-04 20:36:46,Normal,Medium,2 - High,Closed,Security,Infra Team,Rahul Sharma,Pune,Procurement,Email Gateway,OS patch deployment,No Conflict,Pending,Vendor dependency,Oct-2023,Q4-2023
CHG0000520,2023-05-27 20:11:35,2023-06-23 20:11:35,2023-06-24 03:11:35,2023-06-23 19:46:35,2023-06-24 02:46:35,Normal,Low,2 - High,Implement,Email/Collaboration,Security Ops,Sneha Patil,Delhi NCR,Finance,Load Balancer,DB migration,No Conflict,Approved,Resource unavailable,May-2023,Q2-2023
CHG0000521,2023-09-12 04:51:22,2023-09-19 04:51:22,2023-09-19 08:51:22,,,Standard,High,4 - Low,Review,Security,DB Admins,Sneha Patil,Bangalore,Procurement,Oracle DB,Storage expansion,Conflict Detected,Approved,Testing required,Sep-2023,Q3-2023
CHG0000522,2023-09-18 07:38:06,2023-10-06 07:38:06,2023-10-06 14:38:06,2023-10-06 07:51:06,2023-10-06 13:51:06,Standard,High,4 - Low,Closed,Application,DB Admins,Pooja Iyer,Delhi NCR,HR,SAP Production,DR failover test,No Conflict,Pending,Awaiting approval,Sep-2023,Q3-2023
CHG0000523,2023-05-05 11:29:31,2023-05-24 11:29:31,2023-05-24 19:29:31,,,Standard,Low,3 - Medium,Authorize,Email/Collaboration,DB Admins,Pooja Iyer,Pune,Operations,Active Directory,SSL certificate renewal,Conflict Detected,Rejected,Awaiting approval,May-2023,Q2-2023
CHG0000524,2023-05-11 09:23:51,2023-05-19 09:23:51,2023-05-19 13:23:51,2023-05-19 09:42:51,2023-05-19 14:42:51,Emergency,High,3 - Medium,Closed,Email/Collaboration,L2 Support,Rahul Sharma,Kolkata,Operations,VPN Gateway,Middleware upgrade,No Conflict,Pending,,May-2023,Q2-2023
CHG0000525,2023-09-25 18:31:47,2023-10-02 18:31:47,2023-10-02 21:31:47,,,Emergency,Low,4 - Low,Authorize,Email/Collaboration,Security Ops,Rohan Verma,Hyderabad,Finance,Core Switch,DR failover test,No Conflict,Approved,Vendor dependency,Sep-2023,Q3-2023
CHG0000526,2023-05-03 11:07:47,2023-05-21 11:07:47,2023-05-21 13:07:47,,,Normal,Low,4 - Low,Review,Security,L1 Support,Rohan Verma,Delhi NCR,Operations,Email Gateway,Backup policy change,Conflict Detected,Pending,Vendor dependency,May-2023,Q2-2023
CHG0000527,2023-10-24 16:40:45,2023-11-15 16:40:45,2023-11-15 18:40:45,,,Emergency,Medium,4 - Low,Cancelled,Database,L1 Support,Deepak Nair,Bangalore,Marketing,Firewall-01,Load balancer config,Conflict Detected,Approved,Resource unavailable,Oct-2023,Q4-2023
CHG0000528,2023-12-15 00:38:35,2024-01-10 00:38:35,2024-01-10 01:38:35,,,Emergency,High,2 - High,Review,Application,Network Ops,Pooja Iyer,Hyderabad,Sales,Core Switch,Middleware upgrade,No Conflict,Approved,,Dec-2023,Q4-2023
CHG0000529,2023-11-25 04:58:00,2023-12-12 04:58:00,2023-12-12 09:58:00,2023-12-12 04:30:00,2023-12-12 11:30:00,Emergency,Medium,1 - Critical,Closed,Database,Security Ops,Pooja Iyer,Pune,Legal,Active Directory,DR failover test,No Conflict,Rejected,Vendor dependency,Nov-2023,Q4-2023
CHG0000530,2023-04-28 11:51:44,2023-05-19 11:51:44,2023-05-19 15:51:44,,,Standard,Medium,2 - High,Review,Database,Network Ops,Vikram Joshi,Kolkata,HR,Load Balancer,OS patch deployment,No Conflict,Approved,Testing required,Apr-2023,Q2-2023
CHG0000531,2023-09-27 13:45:17,2023-10-09 13:45:17,2023-10-09 14:45:17,2023-10-09 14:14:17,2023-10-09 22:14:17,Standard,High,3 - Medium,Implement,Security,L2 Support,Kavya Reddy,Mumbai,Finance,Load Balancer,Backup policy change,Conflict Detected,Approved,Resource unavailable,Sep-2023,Q3-2023
CHG0000532,2023-12-02 20:04:54,2023-12-22 20:04:54,2023-12-23 04:04:54,2023-12-22 19:55:54,2023-12-23 03:55:54,Standard,Low,4 - Low,Implement,Security,L2 Support,Priya Menon,Hyderabad,Procurement,Oracle DB,Middleware upgrade,No Conflict,Approved,Resource unavailable,Dec-2023,Q4-2023
CHG0000533,2023-11-15 07:03:35,2023-11-30 07:03:35,2023-11-30 11:03:35,2023-11-30 06:46:35,2023-11-30 08:46:35,Standard,High,4 - Low,Closed,Access Management,Security Ops,Pooja Iyer,Delhi NCR,Legal,Active Directory,SSL certificate renewal,Conflict Detected,Approved,Vendor dependency,Nov-2023,Q4-2023
CHG0000534,2023-01-17 05:01:56,2023-02-02 05:01:56,2023-02-02 06:01:56,2023-02-02 04:57:56,2023-02-02 10:57:56,Standard,High,1 - Critical,Closed,Hardware,App Support,Sneha Patil,Bangalore,Marketing,CRM Application,Storage expansion,No Conflict,Approved,Resource unavailable,Jan-2023,Q1-2023
CHG0000535,2023-06-20 04:05:24,2023-07-10 04:05:24,2023-07-10 08:05:24,,,Standard,Medium,4 - Low,Cancelled,Email/Collaboration,App Support,Rahul Sharma,Hyderabad,Marketing,CRM Application,Backup policy change,No Conflict,Approved,Vendor dependency,Jun-2023,Q2-2023
CHG0000536,2023-03-28 00:50:58,2023-04-21 00:50:58,2023-04-21 01:50:58,,,Standard,Low,1 - Critical,Review,Application,L1 Support,Deepak Nair,Chennai,Sales,Firewall-01,Load balancer config,No Conflict,Approved,Resource unavailable,Mar-2023,Q1-2023
CHG0000537,2023-02-02 01:13:57,2023-02-09 01:13:57,2023-02-09 05:13:57,2023-02-09 00:54:57,2023-02-09 08:54:57,Standard,Medium,4 - Low,Implement,Hardware,Security Ops,Pooja Iyer,Bangalore,Finance,SAP Production,Network upgrade,No Conflict,Approved,,Feb-2023,Q1-2023
CHG0000538,2023-07-07 05:38:05,2023-07-27 05:38:05,2023-07-27 12:38:05,,,Emergency,Medium,2 - High,Authorize,Application,Network Ops,Vikram Joshi,Hyderabad,HR,Active Directory,Backup policy change,No Conflict,Approved,Testing required,Jul-2023,Q3-2023
CHG0000539,2023-04-15 01:49:15,2023-05-08 01:49:15,2023-05-08 08:49:15,2023-05-08 01:39:15,2023-05-08 06:39:15,Normal,Low,2 - High,Implement,Security,App Support,Kavya Reddy,Hyderabad,Finance,Oracle DB,DB migration,No Conflict,Rejected,Resource unavailable,Apr-2023,Q2-2023
CHG0000540,2023-04-08 02:54:40,2023-04-18 02:54:40,2023-04-18 09:54:40,2023-04-18 03:16:40,2023-04-18 04:16:40,Emergency,Medium,4 - Low,Implement,Email/Collaboration,Security Ops,Sneha Patil,Chennai,Sales,Firewall-01,Network upgrade,No Conflict,Approved,Awaiting approval,Apr-2023,Q2-2023
CHG0000541,2023-11-26 01:32:54,2023-12-03 01:32:54,2023-12-03 05:32:54,,,Standard,Low,3 - Medium,Authorize,Software,App Support,Pooja Iyer,Chennai,Marketing,Email Gateway,DR failover test,No Conflict,Approved,Resource unavailable,Nov-2023,Q4-2023
CHG0000542,2023-12-12 11:44:02,2023-12-21 11:44:02,2023-12-21 18:44:02,2023-12-21 11:46:02,2023-12-21 13:46:02,Standard,Medium,3 - Medium,Closed,Security,Network Ops,Vikram Joshi,Bangalore,Operations,ERP Server,OS patch deployment,No Conflict,Approved,Vendor dependency,Dec-2023,Q4-2023
CHG0000543,2023-10-04 02:29:20,2023-10-21 02:29:20,2023-10-21 04:29:20,,,Normal,Medium,4 - Low,Review,Application,DB Admins,Priya Menon,Kolkata,Operations,Load Balancer,Backup policy change,No Conflict,Rejected,Vendor dependency,Oct-2023,Q4-2023
CHG0000544,2023-04-16 01:08:09,2023-04-28 01:08:09,2023-04-28 05:08:09,2023-04-28 01:11:09,2023-04-28 08:11:09,Standard,High,2 - High,Closed,Access Management,Security Ops,Kavya Reddy,Kolkata,Finance,Oracle DB,DB migration,No Conflict,Approved,Resource unavailable,Apr-2023,Q2-2023
CHG0000545,2023-02-15 09:10:10,2023-02-28 09:10:10,2023-02-28 14:10:10,,,Standard,Low,1 - Critical,Authorize,Email/Collaboration,DB Admins,Rahul Sharma,Bangalore,Marketing,VPN Gateway,Storage expansion,No Conflict,Approved,Resource unavailable,Feb-2023,Q1-2023
CHG0000546,2023-11-03 13:56:09,2023-11-13 13:56:09,2023-11-13 16:56:09,2023-11-13 14:05:09,2023-11-13 18:05:09,Normal,Low,4 - Low,Implement,Application,DB Admins,Rohan Verma,Pune,Finance,Load Balancer,Load balancer config,No Conflict,Approved,,Nov-2023,Q4-2023
CHG0000547,2023-09-30 01:29:02,2023-10-24 01:29:02,2023-10-24 08:29:02,,,Emergency,Low,4 - Low,Cancelled,Security,DB Admins,Pooja Iyer,Pune,Operations,Load Balancer,SSL certificate renewal,No Conflict,Pending,Awaiting approval,Sep-2023,Q3-2023
CHG0000548,2023-02-11 13:36:56,2023-03-03 13:36:56,2023-03-03 14:36:56,2023-03-03 13:27:56,2023-03-03 21:27:56,Standard,Medium,2 - High,Closed,Security,L2 Support,Anjali Singh,Pune,Procurement,CRM Application,Backup policy change,Conflict Detected,Approved,Vendor dependency,Feb-2023,Q1-2023
CHG0000549,2023-02-20 04:26:40,2023-03-18 04:26:40,2023-03-18 07:26:40,,,Emergency,Medium,3 - Medium,Authorize,Software,L1 Support,Deepak Nair,Mumbai,HR,Core Switch,Network upgrade,No Conflict,Approved,Resource unavailable,Feb-2023,Q1-2023
CHG0000550,2023-02-16 15:28:53,2023-02-24 15:28:53,2023-02-24 22:28:53,2023-02-24 14:59:53,2023-02-24 22:59:53,Normal,Low,3 - Medium,Implement,Network,DB Admins,Priya Menon,Delhi NCR,Sales,VPN Gateway,OS patch deployment,No Conflict,Approved,Awaiting approval,Feb-2023,Q1-2023
CHG0000551,2023-02-09 08:34:22,2023-02-21 08:34:22,2023-02-21 14:34:22,,,Standard,Medium,2 - High,Review,Application,DB Admins,Rahul Sharma,Bangalore,Legal,VPN Gateway,SSL certificate renewal,No Conflict,Pending,Vendor dependency,Feb-2023,Q1-2023
CHG0000552,2023-01-20 13:34:06,2023-02-10 13:34:06,2023-02-10 17:34:06,,,Normal,Low,3 - Medium,Authorize,Hardware,App Support,Kavya Reddy,Mumbai,Legal,Firewall-01,SSL certificate renewal,No Conflict,Approved,Testing required,Jan-2023,Q1-2023
CHG0000553,2023-03-08 14:48:21,2023-03-16 14:48:21,2023-03-16 18:48:21,2023-03-16 14:51:21,2023-03-16 21:51:21,Normal,Low,3 - Medium,Implement,Email/Collaboration,L1 Support,Deepak Nair,Mumbai,Marketing,Core Switch,Backup policy change,No Conflict,Approved,Awaiting approval,Mar-2023,Q1-2023
CHG0000554,2023-03-30 10:55:11,2023-04-13 10:55:11,2023-04-13 17:55:11,2023-04-13 10:30:11,2023-04-13 16:30:11,Standard,High,1 - Critical,Implement,Network,DB Admins,Deepak Nair,Mumbai,Sales,Firewall-01,OS patch deployment,No Conflict,Approved,Testing required,Mar-2023,Q1-2023
CHG0000555,2023-02-26 19:34:14,2023-03-18 19:34:14,2023-03-18 21:34:14,,,Standard,High,4 - Low,Review,Network,App Support,Rahul Sharma,Kolkata,Marketing,Core Switch,SSL certificate renewal,No Conflict,Approved,Awaiting approval,Feb-2023,Q1-2023
CHG0000556,2023-01-31 22:10:38,2023-02-16 22:10:38,2023-02-17 03:10:38,2023-02-16 22:32:38,2023-02-17 01:32:38,Standard,Low,4 - Low,Closed,Hardware,L1 Support,Pooja Iyer,Mumbai,HR,SAP Production,DR failover test,No Conflict,Approved,,Jan-2023,Q1-2023
CHG0000557,2023-11-03 07:02:50,2023-11-14 07:02:50,2023-11-14 13:02:50,,,Standard,High,1 - Critical,Review,Hardware,L1 Support,Sneha Patil,Delhi NCR,IT,ERP Server,DR failover test,No Conflict,Rejected,Vendor dependency,Nov-2023,Q4-2023
CHG0000558,2023-07-01 04:37:15,2023-07-21 04:37:15,2023-07-21 08:37:15,,,Emergency,Medium,3 - Medium,Cancelled,Network,L1 Support,Amit Desai,Chennai,Operations,VPN Gateway,Storage expansion,No Conflict,Approved,,Jul-2023,Q3-2023
CHG0000559,2023-12-12 11:28:23,2023-12-23 11:28:23,2023-12-23 13:28:23,2023-12-23 11:44:23,2023-12-23 17:44:23,Standard,Medium,4 - Low,Implement,Security,App Support,Anjali Singh,Bangalore,Operations,Active Directory,Firewall rule update,Conflict Detected,Approved,Testing required,Dec-2023,Q4-2023
CHG0000560,2023-03-24 08:22:11,2023-04-01 08:22:11,2023-04-01 11:22:11,,,Standard,Medium,4 - Low,Review,Network,DB Admins,Anjali Singh,Bangalore,HR,SAP Production,Firewall rule update,No Conflict,Rejected,Resource unavailable,Mar-2023,Q1-2023
CHG0000561,2023-10-15 21:45:13,2023-10-25 21:45:13,2023-10-26 02:45:13,,,Emergency,High,2 - High,Authorize,Network,Security Ops,Pooja Iyer,Mumbai,Procurement,SAP Production,Firewall rule update,No Conflict,Approved,Resource unavailable,Oct-2023,Q4-2023
CHG0000562,2023-01-01 08:50:16,2023-01-21 08:50:16,2023-01-21 11:50:16,2023-01-21 08:23:16,2023-01-21 15:23:16,Standard,High,3 - Medium,Closed,Software,App Support,Sneha Patil,Chennai,Marketing,SAP Production,Middleware upgrade,No Conflict,Pending,Awaiting approval,Jan-2023,Q1-2023
CHG0000563,2023-12-03 04:01:57,2023-12-21 04:01:57,2023-12-21 11:01:57,2023-12-21 04:17:57,2023-12-21 05:17:57,Emergency,Medium,1 - Critical,Implement,Hardware,L1 Support,Sneha Patil,Hyderabad,Procurement,VPN Gateway,Middleware upgrade,No Conflict,Pending,Vendor dependency,Dec-2023,Q4-2023
CHG0000564,2023-12-30 17:33:53,2024-01-06 17:33:53,2024-01-06 20:33:53,2024-01-06 18:00:53,2024-01-06 20:00:53,Normal,Medium,1 - Critical,Closed,Email/Collaboration,App Support,Priya Menon,Chennai,IT,Firewall-01,Firewall rule update,Conflict Detected,Pending,,Dec-2023,Q4-2023
CHG0000565,2023-01-26 04:45:36,2023-02-21 04:45:36,2023-02-21 05:45:36,2023-02-21 04:33:36,2023-02-21 05:33:36,Standard,Medium,1 - Critical,Closed,Access Management,DB Admins,Rahul Sharma,Bangalore,Sales,VPN Gateway,Backup policy change,No Conflict,Pending,Resource unavailable,Jan-2023,Q1-2023
CHG0000566,2023-03-27 15:10:58,2023-04-05 15:10:58,2023-04-05 18:10:58,2023-04-05 15:16:58,2023-04-05 19:16:58,Emergency,High,4 - Low,Closed,Email/Collaboration,L2 Support,Rohan Verma,Bangalore,Operations,Oracle DB,Storage expansion,No Conflict,Approved,Resource unavailable,Mar-2023,Q1-2023
CHG0000567,2023-05-07 01:58:44,2023-05-26 01:58:44,2023-05-26 06:58:44,,,Normal,Medium,2 - High,Review,Network,Infra Team,Deepak Nair,Delhi NCR,IT,Firewall-01,SSL certificate renewal,No Conflict,Approved,,May-2023,Q2-2023
CHG0000568,2023-02-05 07:09:31,2023-03-05 07:09:31,2023-03-05 15:09:31,,,Normal,Medium,3 - Medium,Review,Application,Infra Team,Vikram Joshi,Hyderabad,IT,SAP Production,Network upgrade,Conflict Detected,Approved,Vendor dependency,Feb-2023,Q1-2023
CHG0000569,2023-05-07 20:41:45,2023-05-15 20:41:45,2023-05-16 04:41:45,,,Standard,Low,3 - Medium,Review,Access Management,Security Ops,Rohan Verma,Chennai,Procurement,Firewall-01,Storage expansion,No Conflict,Approved,Testing required,May-2023,Q2-2023
CHG0000570,2023-04-24 16:00:55,2023-05-04 16:00:55,2023-05-04 22:00:55,2023-05-04 16:01:55,2023-05-04 23:01:55,Standard,Low,2 - High,Closed,Email/Collaboration,Network Ops,Kavya Reddy,Bangalore,Procurement,ERP Server,Load balancer config,No Conflict,Approved,,Apr-2023,Q2-2023
CHG0000571,2023-11-14 14:21:59,2023-12-04 14:21:59,2023-12-04 16:21:59,2023-12-04 13:57:59,2023-12-04 20:57:59,Emergency,Medium,3 - Medium,Implement,Software,Network Ops,Rahul Sharma,Delhi NCR,Operations,VPN Gateway,OS patch deployment,No Conflict,Approved,Vendor dependency,Nov-2023,Q4-2023
CHG0000572,2023-02-22 03:45:59,2023-03-13 03:45:59,2023-03-13 05:45:59,,,Standard,Low,1 - Critical,Review,Database,Network Ops,Deepak Nair,Bangalore,Procurement,Oracle DB,SSL certificate renewal,No Conflict,Approved,Testing required,Feb-2023,Q1-2023
CHG0000573,2023-01-27 08:30:23,2023-02-10 08:30:23,2023-02-10 13:30:23,,,Normal,Medium,2 - High,Authorize,Email/Collaboration,DB Admins,Amit Desai,Chennai,Sales,Firewall-01,Backup policy change,No Conflict,Pending,Awaiting approval,Jan-2023,Q1-2023
CHG0000574,2023-08-27 17:43:58,2023-09-15 17:43:58,2023-09-16 01:43:58,2023-09-15 17:57:58,2023-09-16 00:57:58,Emergency,Medium,3 - Medium,Closed,Security,App Support,Priya Menon,Bangalore,Sales,CRM Application,DR failover test,No Conflict,Approved,Awaiting approval,Aug-2023,Q3-2023
CHG0000575,2023-06-01 18:16:36,2023-06-19 18:16:36,2023-06-20 02:16:36,2023-06-19 18:21:36,2023-06-20 02:21:36,Normal,Medium,1 - Critical,Closed,Software,Infra Team,Anjali Singh,Mumbai,Legal,VPN Gateway,DB migration,No Conflict,Pending,,Jun-2023,Q2-2023
CHG0000576,2023-05-09 17:42:35,2023-05-25 17:42:35,2023-05-25 18:42:35,,,Normal,High,3 - Medium,Review,Application,Network Ops,Sneha Patil,Mumbai,HR,ERP Server,DB migration,No Conflict,Rejected,Vendor dependency,May-2023,Q2-2023
CHG0000577,2023-08-07 03:17:23,2023-08-16 03:17:23,2023-08-16 07:17:23,2023-08-16 03:19:23,2023-08-16 11:19:23,Normal,Medium,3 - Medium,Implement,Application,Network Ops,Vikram Joshi,Kolkata,Marketing,Oracle DB,Backup policy change,No Conflict,Approved,Testing required,Aug-2023,Q3-2023
CHG0000578,2023-11-13 21:16:25,2023-11-30 21:16:25,2023-11-30 22:16:25,2023-11-30 20:51:25,2023-12-01 04:51:25,Normal,High,3 - Medium,Implement,Network,Security Ops,Amit Desai,Delhi NCR,Legal,ERP Server,Load balancer config,No Conflict,Approved,Vendor dependency,Nov-2023,Q4-2023
CHG0000579,2023-01-18 11:03:23,2023-02-02 11:03:23,2023-02-02 18:03:23,2023-02-02 11:02:23,2023-02-02 18:02:23,Standard,Low,4 - Low,Closed,Access Management,DB Admins,Sneha Patil,Delhi NCR,IT,Core Switch,Firewall rule update,No Conflict,Pending,Vendor dependency,Jan-2023,Q1-2023
CHG0000580,2023-04-15 09:05:32,2023-05-07 09:05:32,2023-05-07 10:05:32,2023-05-07 08:45:32,2023-05-07 10:45:32,Normal,Medium,3 - Medium,Implement,Database,Security Ops,Priya Menon,Hyderabad,Sales,Active Directory,DR failover test,No Conflict,Pending,Testing required,Apr-2023,Q2-2023
CHG0000581,2023-10-18 23:27:21,2023-10-31 23:27:21,2023-11-01 03:27:21,,,Standard,Low,1 - Critical,Review,Access Management,L1 Support,Anjali Singh,Kolkata,Operations,ERP Server,SSL certificate renewal,No Conflict,Approved,Vendor dependency,Oct-2023,Q4-2023
CHG0000582,2023-02-09 10:28:54,2023-03-01 10:28:54,2023-03-01 16:28:54,2023-03-01 10:08:54,2023-03-01 17:08:54,Emergency,Low,4 - Low,Closed,Software,Infra Team,Deepak Nair,Bangalore,Marketing,SAP Production,Storage expansion,No Conflict,Pending,,Feb-2023,Q1-2023
CHG0000583,2023-05-27 04:56:45,2023-06-03 04:56:45,2023-06-03 10:56:45,2023-06-03 05:04:45,2023-06-03 13:04:45,Normal,High,1 - Critical,Closed,Application,DB Admins,Vikram Joshi,Pune,Legal,Oracle DB,DR failover test,Conflict Detected,Approved,Vendor dependency,May-2023,Q2-2023
CHG0000584,2023-01-02 06:07:20,2023-01-14 06:07:20,2023-01-14 10:07:20,,,Standard,High,1 - Critical,Cancelled,Access Management,App Support,Sneha Patil,Mumbai,Procurement,SAP Production,Load balancer config,No Conflict,Pending,Resource unavailable,Jan-2023,Q1-2023
CHG0000585,2023-02-17 22:11:43,2023-03-15 22:11:43,2023-03-16 03:11:43,2023-03-15 22:24:43,2023-03-16 04:24:43,Standard,Medium,3 - Medium,Closed,Security,App Support,Anjali Singh,Mumbai,Legal,Core Switch,Middleware upgrade,No Conflict,Approved,Testing required,Feb-2023,Q1-2023
CHG0000586,2023-08-19 10:33:10,2023-08-27 10:33:10,2023-08-27 13:33:10,,,Normal,Low,2 - High,Authorize,Hardware,L2 Support,Pooja Iyer,Bangalore,Operations,CRM Application,SSL certificate renewal,No Conflict,Approved,Resource unavailable,Aug-2023,Q3-2023
CHG0000587,2023-04-14 08:29:12,2023-04-28 08:29:12,2023-04-28 13:29:12,2023-04-28 08:05:12,2023-04-28 15:05:12,Emergency,Low,1 - Critical,Implement,Security,L1 Support,Kavya Reddy,Kolkata,Legal,VPN Gateway,Middleware upgrade,Conflict Detected,Pending,Awaiting approval,Apr-2023,Q2-2023
CHG0000588,2023-11-30 08:14:28,2023-12-18 08:14:28,2023-12-18 16:14:28,2023-12-18 07:59:28,2023-12-18 08:59:28,Emergency,Low,3 - Medium,Closed,Database,Infra Team,Rohan Verma,Delhi NCR,Marketing,ERP Server,OS patch deployment,No Conflict,Approved,Resource unavailable,Nov-2023,Q4-2023
CHG0000589,2023-03-26 17:11:08,2023-04-13 17:11:08,2023-04-13 23:11:08,2023-04-13 16:58:08,2023-04-14 00:58:08,Emergency,High,3 - Medium,Closed,Application,Security Ops,Vikram Joshi,Delhi NCR,Procurement,Oracle DB,Network upgrade,No Conflict,Pending,Vendor dependency,Mar-2023,Q1-2023
CHG0000590,2023-06-07 10:38:34,2023-07-04 10:38:34,2023-07-04 13:38:34,,,Normal,High,2 - High,Cancelled,Hardware,Network Ops,Rohan Verma,Delhi NCR,Marketing,SAP Production,Firewall rule update,No Conflict,Approved,Resource unavailable,Jun-2023,Q2-2023
CHG0000591,2023-02-10 10:05:35,2023-03-08 10:05:35,2023-03-08 16:05:35,2023-03-08 10:35:35,2023-03-08 15:35:35,Emergency,High,1 - Critical,Closed,Hardware,App Support,Deepak Nair,Mumbai,Operations,ERP Server,Storage expansion,No Conflict,Approved,Vendor dependency,Feb-2023,Q1-2023
CHG0000592,2023-04-13 09:01:39,2023-04-22 09:01:39,2023-04-22 12:01:39,2023-04-22 09:28:39,2023-04-22 15:28:39,Emergency,High,4 - Low,Closed,Access Management,App Support,Rahul Sharma,Bangalore,Sales,CRM Application,SSL certificate renewal,No Conflict,Approved,Awaiting approval,Apr-2023,Q2-2023
CHG0000593,2023-07-20 03:01:03,2023-08-01 03:01:03,2023-08-01 07:01:03,2023-08-01 03:12:03,2023-08-01 07:12:03,Emergency,Low,4 - Low,Implement,Security,L1 Support,Vikram Joshi,Kolkata,Operations,CRM Application,DR failover test,No Conflict,Approved,Awaiting approval,Jul-2023,Q3-2023
CHG0000594,2023-04-10 12:46:59,2023-05-03 12:46:59,2023-05-03 14:46:59,,,Emergency,Low,4 - Low,Authorize,Network,L2 Support,Priya Menon,Delhi NCR,Procurement,VPN Gateway,SSL certificate renewal,No Conflict,Approved,Vendor dependency,Apr-2023,Q2-2023
CHG0000595,2023-11-15 10:49:49,2023-12-03 10:49:49,2023-12-03 17:49:49,,,Emergency,High,3 - Medium,Review,Database,DB Admins,Deepak Nair,Mumbai,Finance,CRM Application,Storage expansion,No Conflict,Approved,,Nov-2023,Q4-2023
CHG0000596,2023-03-07 01:16:50,2023-03-19 01:16:50,2023-03-19 02:16:50,2023-03-19 01:03:50,2023-03-19 06:03:50,Standard,High,1 - Critical,Closed,Security,Network Ops,Anjali Singh,Hyderabad,Legal,Oracle DB,Storage expansion,No Conflict,Pending,Testing required,Mar-2023,Q1-2023
CHG0000597,2023-08-12 19:27:55,2023-08-22 19:27:55,2023-08-22 20:27:55,2023-08-22 19:02:55,2023-08-22 22:02:55,Emergency,High,4 - Low,Closed,Application,L1 Support,Deepak Nair,Mumbai,Marketing,SAP Production,Firewall rule update,No Conflict,Approved,Resource unavailable,Aug-2023,Q3-2023
CHG0000598,2023-01-07 13:36:36,2023-01-15 13:36:36,2023-01-15 19:36:36,,,Standard,Medium,4 - Low,Review,Network,Network Ops,Deepak Nair,Chennai,Procurement,ERP Server,Backup policy change,Conflict Detected,Approved,,Jan-2023,Q1-2023
CHG0000599,2023-08-02 15:23:45,2023-08-23 15:23:45,2023-08-23 22:23:45,,,Normal,Low,2 - High,Review,Software,Security Ops,Kavya Reddy,Chennai,Legal,Load Balancer,DB migration,No Conflict,Rejected,Testing required,Aug-2023,Q3-2023
CHG0000600,2023-10-16 11:23:28,2023-11-06 11:23:28,2023-11-06 15:23:28,2023-11-06 11:40:28,2023-11-06 16:40:28,Emergency,High,3 - Medium,Implement,Access Management,Security Ops,Pooja Iyer,Mumbai,Legal,Email Gateway,SSL certificate renewal,No Conflict,Pending,,Oct-2023,Q4-2023
CHG0000601,2023-03-21 07:05:42,2023-04-14 07:05:42,2023-04-14 10:05:42,,,Standard,High,3 - Medium,Cancelled,Access Management,Infra Team,Sneha Patil,Pune,Procurement,Active Directory,Backup policy change,No Conflict,Approved,Awaiting approval,Mar-2023,Q1-2023
CHG0000602,2023-02-10 00:26:02,2023-02-18 00:26:02,2023-02-18 07:26:02,,,Emergency,Low,3 - Medium,Authorize,Hardware,Network Ops,Priya Menon,Hyderabad,Procurement,Core Switch,Network upgrade,Conflict Detected,Rejected,Resource unavailable,Feb-2023,Q1-2023
CHG0000603,2023-07-11 17:51:03,2023-07-21 17:51:03,2023-07-21 22:51:03,,,Standard,Low,4 - Low,Review,Application,DB Admins,Anjali Singh,Kolkata,Marketing,Oracle DB,DR failover test,No Conflict,Rejected,Awaiting approval,Jul-2023,Q3-2023
CHG0000604,2023-03-12 13:00:52,2023-03-19 13:00:52,2023-03-19 17:00:52,2023-03-19 12:41:52,2023-03-19 17:41:52,Normal,High,4 - Low,Closed,Database,Security Ops,Sneha Patil,Bangalore,Sales,CRM Application,DR failover test,No Conflict,Approved,,Mar-2023,Q1-2023
CHG0000605,2023-12-21 16:23:49,2024-01-04 16:23:49,2024-01-04 17:23:49,2024-01-04 15:56:49,2024-01-04 17:56:49,Emergency,High,1 - Critical,Closed,Software,L1 Support,Priya Menon,Bangalore,Legal,ERP Server,Load balancer config,No Conflict,Approved,Testing required,Dec-2023,Q4-2023
CHG0000606,2023-01-10 01:31:56,2023-01-25 01:31:56,2023-01-25 03:31:56,,,Standard,Low,2 - High,Review,Software,Security Ops,Priya Menon,Pune,Procurement,Load Balancer,Storage expansion,No Conflict,Approved,Awaiting approval,Jan-2023,Q1-2023
CHG0000607,2023-11-07 00:34:40,2023-11-24 00:34:40,2023-11-24 05:34:40,,,Normal,High,2 - High,Review,Hardware,App Support,Deepak Nair,Hyderabad,Sales,Firewall-01,DR failover test,No Conflict,Approved,,Nov-2023,Q4-2023
CHG0000608,2023-11-23 13:27:34,2023-12-06 13:27:34,2023-12-06 14:27:34,2023-12-06 13:33:34,2023-12-06 19:33:34,Standard,High,1 - Critical,Closed,Access Management,Network Ops,Anjali Singh,Pune,Marketing,Load Balancer,Backup policy change,No Conflict,Approved,Testing required,Nov-2023,Q4-2023
CHG0000609,2023-02-15 04:43:50,2023-02-28 04:43:50,2023-02-28 10:43:50,,,Normal,Low,4 - Low,Review,Email/Collaboration,Infra Team,Amit Desai,Kolkata,Operations,SAP Production,Middleware upgrade,No Conflict,Approved,,Feb-2023,Q1-2023
CHG0000610,2023-07-23 06:15:53,2023-08-05 06:15:53,2023-08-05 07:15:53,,,Standard,High,3 - Medium,Cancelled,Database,Network Ops,Deepak Nair,Mumbai,Operations,Load Balancer,Storage expansion,Conflict Detected,Approved,Resource unavailable,Jul-2023,Q3-2023
CHG0000611,2023-03-11 09:14:33,2023-04-01 09:14:33,2023-04-01 12:14:33,,,Normal,Low,4 - Low,Authorize,Network,L2 Support,Anjali Singh,Bangalore,IT,Firewall-01,SSL certificate renewal,No Conflict,Approved,Awaiting approval,Mar-2023,Q1-2023
CHG0000612,2023-12-22 08:32:19,2024-01-18 08:32:19,2024-01-18 09:32:19,,,Emergency,Medium,3 - Medium,Review,Access Management,App Support,Rahul Sharma,Kolkata,HR,Email Gateway,Firewall rule update,No Conflict,Approved,,Dec-2023,Q4-2023
CHG0000613,2023-01-09 03:25:40,2023-01-30 03:25:40,2023-01-30 09:25:40,2023-01-30 03:43:40,2023-01-30 10:43:40,Standard,High,2 - High,Implement,Security,App Support,Pooja Iyer,Delhi NCR,IT,Email Gateway,Firewall rule update,No Conflict,Approved,Vendor dependency,Jan-2023,Q1-2023
CHG0000614,2023-03-25 19:55:56,2023-04-01 19:55:56,2023-04-01 22:55:56,2023-04-01 20:11:56,2023-04-02 01:11:56,Standard,High,2 - High,Closed,Email/Collaboration,App Support,Kavya Reddy,Delhi NCR,Finance,Firewall-01,DB migration,Conflict Detected,Pending,Awaiting approval,Mar-2023,Q1-2023
CHG0000615,2023-04-30 14:49:04,2023-05-16 14:49:04,2023-05-16 17:49:04,2023-05-16 14:59:04,2023-05-16 21:59:04,Emergency,High,3 - Medium,Implement,Software,Security Ops,Amit Desai,Bangalore,Finance,Load Balancer,OS patch deployment,No Conflict,Pending,Resource unavailable,Apr-2023,Q2-2023
CHG0000616,2023-07-04 19:10:52,2023-07-14 19:10:52,2023-07-14 20:10:52,2023-07-14 18:51:52,2023-07-14 21:51:52,Emergency,Medium,1 - Critical,Implement,Software,App Support,Priya Menon,Kolkata,Legal,CRM Application,OS patch deployment,No Conflict,Pending,Resource unavailable,Jul-2023,Q3-2023
CHG0000617,2023-03-14 13:00:01,2023-03-26 13:00:01,2023-03-26 17:00:01,,,Normal,Low,4 - Low,Review,Network,Security Ops,Deepak Nair,Pune,Finance,Firewall-01,Network upgrade,No Conflict,Approved,Resource unavailable,Mar-2023,Q1-2023
CHG0000618,2023-06-01 03:59:29,2023-06-23 03:59:29,2023-06-23 08:59:29,2023-06-23 03:46:29,2023-06-23 07:46:29,Emergency,Low,2 - High,Closed,Network,L2 Support,Pooja Iyer,Kolkata,Legal,Core Switch,Backup policy change,No Conflict,Approved,Vendor dependency,Jun-2023,Q2-2023
CHG0000619,2023-10-18 20:16:21,2023-11-13 20:16:21,2023-11-13 22:16:21,,,Normal,High,4 - Low,Review,Database,L2 Support,Anjali Singh,Hyderabad,IT,CRM Application,OS patch deployment,No Conflict,Approved,Awaiting approval,Oct-2023,Q4-2023
CHG0000620,2023-03-19 22:19:18,2023-04-08 22:19:18,2023-04-09 03:19:18,,,Emergency,Low,4 - Low,Review,Database,DB Admins,Deepak Nair,Delhi NCR,Finance,Active Directory,SSL certificate renewal,Conflict Detected,Approved,Vendor dependency,Mar-2023,Q1-2023
CHG0000621,2024-10-06 05:57:19,2024-11-02 05:57:19,2024-11-02 12:57:19,2024-11-02 06:06:19,2024-11-02 14:06:19,Normal,Low,2 - High,Closed,Email/Collaboration,L1 Support,Anjali Singh,Bangalore,HR,CRM Application,Middleware upgrade,No Conflict,Approved,Vendor dependency,Oct-2024,Q4-2024
CHG0000622,2024-04-18 13:15:00,2024-05-07 13:15:00,2024-05-07 19:15:00,,,Normal,High,2 - High,Cancelled,Hardware,L2 Support,Sneha Patil,Pune,Finance,Email Gateway,Firewall rule update,No Conflict,Approved,Testing required,Apr-2024,Q2-2024
CHG0000623,2024-04-13 19:39:13,2024-04-29 19:39:13,2024-04-30 03:39:13,2024-04-29 19:15:13,2024-04-30 00:15:13,Emergency,High,4 - Low,Closed,Application,L2 Support,Vikram Joshi,Chennai,HR,Firewall-01,Backup policy change,No Conflict,Pending,Vendor dependency,Apr-2024,Q2-2024
CHG0000624,2024-02-16 21:36:49,2024-03-02 21:36:49,2024-03-02 23:36:49,2024-03-02 21:48:49,2024-03-03 01:48:49,Standard,Medium,4 - Low,Closed,Email/Collaboration,App Support,Priya Menon,Pune,HR,SAP Production,Network upgrade,Conflict Detected,Pending,Testing required,Feb-2024,Q1-2024
CHG0000625,2024-01-22 13:59:12,2024-02-15 13:59:12,2024-02-15 15:59:12,,,Normal,High,1 - Critical,Review,Application,L2 Support,Rahul Sharma,Bangalore,HR,Oracle DB,DB migration,No Conflict,Approved,,Jan-2024,Q1-2024
CHG0000626,2024-12-22 15:46:29,2024-12-30 15:46:29,2024-12-30 19:46:29,2024-12-30 15:20:29,2024-12-30 20:20:29,Emergency,Low,2 - High,Closed,Hardware,DB Admins,Kavya Reddy,Delhi NCR,Procurement,VPN Gateway,OS patch deployment,No Conflict,Approved,Testing required,Dec-2024,Q4-2024
CHG0000627,2024-11-03 07:18:46,2024-11-24 07:18:46,2024-11-24 10:18:46,2024-11-24 07:01:46,2024-11-24 11:01:46,Normal,Medium,1 - Critical,Closed,Software,App Support,Deepak Nair,Bangalore,Marketing,VPN Gateway,DR failover test,No Conflict,Pending,Testing required,Nov-2024,Q4-2024
CHG0000628,2024-11-05 18:09:00,2024-12-02 18:09:00,2024-12-02 19:09:00,,,Standard,High,3 - Medium,Authorize,Database,Network Ops,Kavya Reddy,Mumbai,Procurement,CRM Application,OS patch deployment,Conflict Detected,Approved,,Nov-2024,Q4-2024
CHG0000629,2024-05-21 17:48:20,2024-06-10 17:48:20,2024-06-10 22:48:20,,,Standard,Medium,1 - Critical,Review,Network,App Support,Pooja Iyer,Hyderabad,IT,VPN Gateway,OS patch deployment,Conflict Detected,Approved,Resource unavailable,May-2024,Q2-2024
CHG0000630,2024-02-04 11:56:50,2024-02-23 11:56:50,2024-02-23 19:56:50,2024-02-23 12:12:50,2024-02-23 14:12:50,Normal,Low,3 - Medium,Closed,Application,L1 Support,Pooja Iyer,Bangalore,HR,SAP Production,Backup policy change,No Conflict,Approved,Vendor dependency,Feb-2024,Q1-2024
CHG0000631,2024-05-17 06:14:21,2024-06-02 06:14:21,2024-06-02 13:14:21,2024-06-02 06:15:21,2024-06-02 13:15:21,Standard,High,4 - Low,Implement,Security,App Support,Rohan Verma,Hyderabad,Finance,Active Directory,Backup policy change,Conflict Detected,Approved,Vendor dependency,May-2024,Q2-2024
CHG0000632,2024-11-14 02:44:44,2024-11-25 02:44:44,2024-11-25 06:44:44,,,Emergency,Low,2 - High,Authorize,Email/Collaboration,Infra Team,Anjali Singh,Hyderabad,Sales,Core Switch,Backup policy change,No Conflict,Approved,Vendor dependency,Nov-2024,Q4-2024
CHG0000633,2024-08-07 20:51:11,2024-08-20 20:51:11,2024-08-21 01:51:11,2024-08-20 20:44:11,2024-08-21 01:44:11,Emergency,High,4 - Low,Closed,Software,L2 Support,Vikram Joshi,Pune,Sales,CRM Application,Middleware upgrade,No Conflict,Approved,,Aug-2024,Q3-2024
CHG0000634,2024-08-17 22:00:16,2024-09-09 22:00:16,2024-09-10 00:00:16,2024-09-09 22:02:16,2024-09-10 05:02:16,Normal,Medium,2 - High,Closed,Network,App Support,Pooja Iyer,Kolkata,Finance,Email Gateway,Backup policy change,No Conflict,Approved,Testing required,Aug-2024,Q3-2024
CHG0000635,2024-01-23 07:14:01,2024-02-09 07:14:01,2024-02-09 10:14:01,2024-02-09 07:36:01,2024-02-09 11:36:01,Standard,Medium,3 - Medium,Implement,Network,Security Ops,Priya Menon,Mumbai,Finance,ERP Server,DR failover test,No Conflict,Approved,,Jan-2024,Q1-2024
CHG0000636,2024-10-01 04:59:27,2024-10-11 04:59:27,2024-10-11 10:59:27,2024-10-11 04:40:27,2024-10-11 06:40:27,Standard,High,4 - Low,Implement,Hardware,Infra Team,Anjali Singh,Pune,Marketing,Load Balancer,Storage expansion,Conflict Detected,Approved,,Oct-2024,Q4-2024
CHG0000637,2024-06-24 03:17:21,2024-07-08 03:17:21,2024-07-08 06:17:21,,,Normal,Low,4 - Low,Authorize,Hardware,L1 Support,Amit Desai,Chennai,Procurement,Email Gateway,DB migration,No Conflict,Approved,Testing required,Jun-2024,Q2-2024
CHG0000638,2024-02-24 21:27:38,2024-03-21 21:27:38,2024-03-22 02:27:38,,,Emergency,Low,3 - Medium,Review,Access Management,Infra Team,Sneha Patil,Kolkata,Legal,ERP Server,DR failover test,No Conflict,Rejected,Awaiting approval,Feb-2024,Q1-2024
CHG0000639,2024-07-24 13:40:21,2024-08-13 13:40:21,2024-08-13 18:40:21,2024-08-13 13:31:21,2024-08-13 18:31:21,Standard,Low,4 - Low,Closed,Security,L1 Support,Rahul Sharma,Mumbai,Legal,Oracle DB,Middleware upgrade,No Conflict,Approved,,Jul-2024,Q3-2024
CHG0000640,2024-10-20 17:30:38,2024-11-14 17:30:38,2024-11-14 18:30:38,2024-11-14 17:11:38,2024-11-14 20:11:38,Standard,High,2 - High,Implement,Database,Infra Team,Kavya Reddy,Pune,Finance,Email Gateway,Storage expansion,No Conflict,Approved,Resource unavailable,Oct-2024,Q4-2024
CHG0000641,2024-04-22 15:11:55,2024-04-30 15:11:55,2024-04-30 17:11:55,2024-04-30 15:35:55,2024-04-30 20:35:55,Emergency,Medium,3 - Medium,Implement,Network,L1 Support,Anjali Singh,Chennai,Sales,Oracle DB,Backup policy change,No Conflict,Rejected,Awaiting approval,Apr-2024,Q2-2024
CHG0000642,2024-03-14 10:23:09,2024-04-08 10:23:09,2024-04-08 13:23:09,,,Standard,High,3 - Medium,Review,Database,L2 Support,Anjali Singh,Kolkata,Procurement,Email Gateway,DB migration,No Conflict,Pending,,Mar-2024,Q1-2024
CHG0000643,2024-09-15 00:07:46,2024-10-02 00:07:46,2024-10-02 06:07:46,2024-10-01 23:46:46,2024-10-02 00:46:46,Normal,Medium,2 - High,Implement,Software,L1 Support,Anjali Singh,Pune,IT,Firewall-01,DR failover test,No Conflict,Pending,,Sep-2024,Q3-2024
CHG0000644,2024-09-13 00:40:38,2024-10-03 00:40:38,2024-10-03 01:40:38,2024-10-03 00:48:38,2024-10-03 05:48:38,Emergency,Low,1 - Critical,Implement,Security,Infra Team,Deepak Nair,Delhi NCR,Finance,CRM Application,SSL certificate renewal,No Conflict,Approved,Testing required,Sep-2024,Q3-2024
CHG0000645,2024-01-18 12:07:52,2024-01-26 12:07:52,2024-01-26 13:07:52,,,Standard,High,2 - High,Authorize,Access Management,Network Ops,Vikram Joshi,Delhi NCR,HR,Active Directory,SSL certificate renewal,No Conflict,Approved,Awaiting approval,Jan-2024,Q1-2024
CHG0000646,2024-02-21 09:36:36,2024-03-01 09:36:36,2024-03-01 17:36:36,,,Emergency,Medium,2 - High,Review,Hardware,DB Admins,Sneha Patil,Mumbai,Marketing,Core Switch,Load balancer config,No Conflict,Approved,,Feb-2024,Q1-2024
CHG0000647,2024-04-17 04:48:33,2024-05-08 04:48:33,2024-05-08 12:48:33,2024-05-08 04:48:33,2024-05-08 09:48:33,Emergency,Medium,3 - Medium,Closed,Application,DB Admins,Deepak Nair,Pune,Operations,VPN Gateway,Firewall rule update,No Conflict,Pending,,Apr-2024,Q2-2024
CHG0000648,2024-04-08 13:53:18,2024-04-29 13:53:18,2024-04-29 20:53:18,,,Standard,High,2 - High,Review,Database,App Support,Rahul Sharma,Kolkata,Procurement,Oracle DB,DB migration,No Conflict,Approved,Resource unavailable,Apr-2024,Q2-2024
CHG0000649,2024-07-01 17:06:31,2024-07-14 17:06:31,2024-07-14 20:06:31,,,Normal,Medium,1 - Critical,Cancelled,Hardware,DB Admins,Priya Menon,Hyderabad,Finance,Firewall-01,Backup policy change,No Conflict,Rejected,,Jul-2024,Q3-2024
CHG0000650,2024-11-11 09:16:27,2024-11-18 09:16:27,2024-11-18 13:16:27,2024-11-18 08:52:27,2024-11-18 13:52:27,Standard,High,3 - Medium,Implement,Software,Infra Team,Rahul Sharma,Kolkata,Sales,Load Balancer,DR failover test,No Conflict,Pending,Awaiting approval,Nov-2024,Q4-2024
CHG0000651,2024-10-09 04:11:50,2024-11-03 04:11:50,2024-11-03 12:11:50,2024-11-03 04:30:50,2024-11-03 11:30:50,Normal,Low,1 - Critical,Closed,Software,L2 Support,Rahul Sharma,Hyderabad,Procurement,Load Balancer,Load balancer config,Conflict Detected,Approved,Vendor dependency,Oct-2024,Q4-2024
CHG0000652,2024-01-30 12:59:22,2024-02-15 12:59:22,2024-02-15 16:59:22,,,Emergency,High,1 - Critical,Cancelled,Email/Collaboration,Security Ops,Kavya Reddy,Hyderabad,Sales,Firewall-01,Backup policy change,No Conflict,Approved,Resource unavailable,Jan-2024,Q1-2024
CHG0000653,2024-04-15 17:59:32,2024-05-12 17:59:32,2024-05-12 23:59:32,2024-05-12 18:14:32,2024-05-12 22:14:32,Standard,High,2 - High,Implement,Network,DB Admins,Sneha Patil,Delhi NCR,Finance,Oracle DB,OS patch deployment,No Conflict,Approved,Resource unavailable,Apr-2024,Q2-2024
CHG0000654,2024-09-03 04:37:42,2024-09-10 04:37:42,2024-09-10 06:37:42,,,Emergency,Medium,1 - Critical,Cancelled,Network,L1 Support,Kavya Reddy,Mumbai,Legal,SAP Production,DB migration,No Conflict,Rejected,Testing required,Sep-2024,Q3-2024
CHG0000655,2024-04-02 02:04:35,2024-04-26 02:04:35,2024-04-26 03:04:35,2024-04-26 02:34:35,2024-04-26 04:34:35,Normal,High,1 - Critical,Closed,Application,L2 Support,Deepak Nair,Hyderabad,Finance,SAP Production,Firewall rule update,No Conflict,Approved,Testing required,Apr-2024,Q2-2024
CHG0000656,2024-10-24 06:08:08,2024-11-01 06:08:08,2024-11-01 07:08:08,,,Standard,Low,3 - Medium,Review,Network,DB Admins,Kavya Reddy,Bangalore,Operations,Oracle DB,Load balancer config,No Conflict,Pending,Testing required,Oct-2024,Q4-2024
CHG0000657,2024-09-07 01:45:31,2024-09-19 01:45:31,2024-09-19 04:45:31,2024-09-19 01:31:31,2024-09-19 03:31:31,Emergency,Low,2 - High,Implement,Software,L1 Support,Kavya Reddy,Kolkata,Legal,Load Balancer,Backup policy change,Conflict Detected,Approved,Vendor dependency,Sep-2024,Q3-2024
CHG0000658,2024-02-22 10:09:03,2024-02-29 10:09:03,2024-02-29 16:09:03,2024-02-29 10:16:03,2024-02-29 17:16:03,Normal,Low,4 - Low,Implement,Network,App Support,Pooja Iyer,Chennai,Legal,CRM Application,Storage expansion,No Conflict,Approved,Awaiting approval,Feb-2024,Q1-2024
CHG0000659,2024-07-08 04:15:40,2024-08-01 04:15:40,2024-08-01 06:15:40,2024-08-01 04:25:40,2024-08-01 08:25:40,Standard,Low,2 - High,Closed,Access Management,DB Admins,Amit Desai,Mumbai,IT,Oracle DB,Load balancer config,No Conflict,Approved,Vendor dependency,Jul-2024,Q3-2024
CHG0000660,2024-12-24 18:43:40,2025-01-16 18:43:40,2025-01-17 02:43:40,2025-01-16 18:57:40,2025-01-16 20:57:40,Standard,High,4 - Low,Implement,Email/Collaboration,App Support,Anjali Singh,Delhi NCR,Marketing,Oracle DB,DB migration,No Conflict,Approved,Vendor dependency,Dec-2024,Q4-2024
CHG0000661,2024-12-17 08:03:56,2024-12-28 08:03:56,2024-12-28 15:03:56,,,Standard,High,1 - Critical,Authorize,Hardware,DB Admins,Kavya Reddy,Hyderabad,HR,Load Balancer,Load balancer config,No Conflict,Approved,Vendor dependency,Dec-2024,Q4-2024
CHG0000662,2024-07-07 20:12:32,2024-07-20 20:12:32,2024-07-20 23:12:32,2024-07-20 19:45:32,2024-07-21 01:45:32,Emergency,Low,3 - Medium,Implement,Network,Security Ops,Priya Menon,Mumbai,Operations,SAP Production,DR failover test,No Conflict,Approved,,Jul-2024,Q3-2024
CHG0000663,2024-02-27 14:57:44,2024-03-13 14:57:44,2024-03-13 21:57:44,,,Emergency,Low,1 - Critical,Review,Software,Infra Team,Kavya Reddy,Kolkata,Finance,VPN Gateway,Load balancer config,No Conflict,Approved,,Feb-2024,Q1-2024
CHG0000664,2024-06-28 03:12:13,2024-07-16 03:12:13,2024-07-16 08:12:13,,,Standard,Medium,2 - High,Authorize,Software,Infra Team,Amit Desai,Bangalore,Finance,Core Switch,Backup policy change,No Conflict,Pending,Vendor dependency,Jun-2024,Q2-2024
CHG0000665,2024-10-21 12:00:04,2024-11-06 12:00:04,2024-11-06 19:00:04,,,Standard,Low,1 - Critical,Cancelled,Hardware,L1 Support,Deepak Nair,Delhi NCR,Operations,Firewall-01,Middleware upgrade,No Conflict,Approved,Awaiting approval,Oct-2024,Q4-2024
CHG0000666,2024-10-05 18:21:18,2024-10-25 18:21:18,2024-10-25 20:21:18,,,Emergency,High,1 - Critical,Review,Network,L1 Support,Vikram Joshi,Delhi NCR,Sales,Email Gateway,OS patch deployment,No Conflict,Approved,Awaiting approval,Oct-2024,Q4-2024
CHG0000667,2024-02-26 05:32:32,2024-03-20 05:32:32,2024-03-20 08:32:32,2024-03-20 05:55:32,2024-03-20 09:55:32,Emergency,High,3 - Medium,Closed,Email/Collaboration,L1 Support,Rohan Verma,Kolkata,Legal,Active Directory,OS patch deployment,No Conflict,Pending,Vendor dependency,Feb-2024,Q1-2024
CHG0000668,2024-04-30 19:27:48,2024-05-07 19:27:48,2024-05-07 22:27:48,2024-05-07 19:35:48,2024-05-07 23:35:48,Standard,Medium,3 - Medium,Closed,Database,App Support,Amit Desai,Delhi NCR,Operations,SAP Production,SSL certificate renewal,No Conflict,Rejected,Resource unavailable,Apr-2024,Q2-2024
CHG0000669,2024-10-28 23:57:24,2024-11-07 23:57:24,2024-11-08 06:57:24,2024-11-08 00:18:24,2024-11-08 05:18:24,Standard,Low,1 - Critical,Closed,Access Management,Infra Team,Pooja Iyer,Mumbai,Marketing,SAP Production,Firewall rule update,No Conflict,Approved,Vendor dependency,Oct-2024,Q4-2024
CHG0000670,2024-09-04 10:56:33,2024-09-14 10:56:33,2024-09-14 14:56:33,,,Standard,Low,2 - High,Review,Database,Infra Team,Anjali Singh,Delhi NCR,Operations,ERP Server,OS patch deployment,No Conflict,Pending,Awaiting approval,Sep-2024,Q3-2024
CHG0000671,2024-06-02 09:16:24,2024-06-19 09:16:24,2024-06-19 17:16:24,2024-06-19 09:35:24,2024-06-19 11:35:24,Normal,Low,2 - High,Implement,Software,Network Ops,Priya Menon,Bangalore,Finance,Active Directory,Storage expansion,No Conflict,Approved,Testing required,Jun-2024,Q2-2024
CHG0000672,2024-12-21 19:44:08,2025-01-09 19:44:08,2025-01-10 02:44:08,2025-01-09 19:34:08,2025-01-09 21:34:08,Normal,Medium,1 - Critical,Implement,Email/Collaboration,App Support,Deepak Nair,Kolkata,Operations,CRM Application,Network upgrade,No Conflict,Approved,Vendor dependency,Dec-2024,Q4-2024
CHG0000673,2024-09-26 21:43:23,2024-10-04 21:43:23,2024-10-04 22:43:23,2024-10-04 21:19:23,2024-10-05 00:19:23,Emergency,Medium,1 - Critical,Implement,Network,L1 Support,Kavya Reddy,Bangalore,Procurement,Firewall-01,SSL certificate renewal,No Conflict,Rejected,Vendor dependency,Sep-2024,Q3-2024
CHG0000674,2024-08-31 21:53:17,2024-09-09 21:53:17,2024-09-09 22:53:17,2024-09-09 21:42:17,2024-09-10 00:42:17,Normal,High,3 - Medium,Closed,Email/Collaboration,Security Ops,Amit Desai,Bangalore,Finance,Oracle DB,SSL certificate renewal,No Conflict,Rejected,Resource unavailable,Aug-2024,Q3-2024
CHG0000675,2024-03-05 16:42:20,2024-03-21 16:42:20,2024-03-21 22:42:20,,,Emergency,Medium,2 - High,Authorize,Database,L1 Support,Pooja Iyer,Pune,Sales,Core Switch,Backup policy change,No Conflict,Approved,Awaiting approval,Mar-2024,Q1-2024
CHG0000676,2024-11-22 22:26:39,2024-12-04 22:26:39,2024-12-05 02:26:39,2024-12-04 22:56:39,2024-12-05 01:56:39,Emergency,Low,2 - High,Implement,Database,Security Ops,Vikram Joshi,Chennai,IT,CRM Application,Backup policy change,No Conflict,Approved,Resource unavailable,Nov-2024,Q4-2024
CHG0000677,2024-07-30 08:32:07,2024-08-23 08:32:07,2024-08-23 16:32:07,2024-08-23 08:06:07,2024-08-23 11:06:07,Emergency,High,4 - Low,Closed,Application,Infra Team,Deepak Nair,Bangalore,IT,VPN Gateway,Storage expansion,No Conflict,Pending,,Jul-2024,Q3-2024
CHG0000678,2024-06-21 19:31:52,2024-07-04 19:31:52,2024-07-04 20:31:52,,,Standard,Low,1 - Critical,Authorize,Email/Collaboration,Network Ops,Kavya Reddy,Mumbai,IT,Active Directory,OS patch deployment,No Conflict,Approved,Awaiting approval,Jun-2024,Q2-2024
CHG0000679,2024-09-03 13:28:36,2024-09-28 13:28:36,2024-09-28 17:28:36,2024-09-28 13:20:36,2024-09-28 20:20:36,Emergency,Medium,1 - Critical,Implement,Security,Infra Team,Amit Desai,Pune,Finance,VPN Gateway,Middleware upgrade,No Conflict,Approved,Resource unavailable,Sep-2024,Q3-2024
CHG0000680,2024-05-07 00:08:32,2024-06-03 00:08:32,2024-06-03 02:08:32,2024-06-03 00:35:32,2024-06-03 06:35:32,Emergency,Medium,1 - Critical,Closed,Hardware,DB Admins,Amit Desai,Pune,Marketing,CRM Application,SSL certificate renewal,No Conflict,Approved,,May-2024,Q2-2024
CHG0000681,2024-07-06 16:09:14,2024-08-02 16:09:14,2024-08-02 17:09:14,2024-08-02 15:49:14,2024-08-02 16:49:14,Standard,Low,3 - Medium,Implement,Email/Collaboration,App Support,Deepak Nair,Bangalore,Operations,ERP Server,Middleware upgrade,No Conflict,Approved,Vendor dependency,Jul-2024,Q3-2024
CHG0000682,2024-10-17 12:26:54,2024-10-31 12:26:54,2024-10-31 17:26:54,,,Standard,High,3 - Medium,Review,Application,Infra Team,Sneha Patil,Hyderabad,Operations,Firewall-01,Backup policy change,No Conflict,Approved,Awaiting approval,Oct-2024,Q4-2024
CHG0000683,2024-10-12 19:38:50,2024-11-03 19:38:50,2024-11-04 02:38:50,,,Standard,Low,4 - Low,Review,Security,Network Ops,Anjali Singh,Pune,IT,SAP Production,Middleware upgrade,No Conflict,Pending,,Oct-2024,Q4-2024
CHG0000684,2024-05-01 05:00:20,2024-05-10 05:00:20,2024-05-10 08:00:20,2024-05-10 04:47:20,2024-05-10 09:47:20,Normal,Low,3 - Medium,Closed,Database,DB Admins,Sneha Patil,Kolkata,Finance,Active Directory,DB migration,No Conflict,Approved,Awaiting approval,May-2024,Q2-2024
CHG0000685,2024-04-26 08:19:33,2024-05-14 08:19:33,2024-05-14 13:19:33,2024-05-14 08:15:33,2024-05-14 12:15:33,Normal,Medium,3 - Medium,Closed,Network,L2 Support,Vikram Joshi,Hyderabad,Finance,Email Gateway,Network upgrade,No Conflict,Pending,Awaiting approval,Apr-2024,Q2-2024
CHG0000686,2024-10-06 03:29:11,2024-11-02 03:29:11,2024-11-02 06:29:11,2024-11-02 03:32:11,2024-11-02 06:32:11,Normal,Low,4 - Low,Closed,Email/Collaboration,DB Admins,Rohan Verma,Bangalore,Finance,Firewall-01,Storage expansion,No Conflict,Approved,Testing required,Oct-2024,Q4-2024
CHG0000687,2024-03-12 14:29:43,2024-04-09 14:29:43,2024-04-09 19:29:43,2024-04-09 14:05:43,2024-04-09 16:05:43,Standard,Low,1 - Critical,Implement,Email/Collaboration,L1 Support,Priya Menon,Kolkata,Procurement,VPN Gateway,OS patch deployment,No Conflict,Approved,Vendor dependency,Mar-2024,Q1-2024
CHG0000688,2024-04-01 17:16:28,2024-04-14 17:16:28,2024-04-15 01:16:28,,,Normal,Low,4 - Low,Cancelled,Network,Network Ops,Deepak Nair,Pune,Finance,Email Gateway,SSL certificate renewal,No Conflict,Approved,Testing required,Apr-2024,Q2-2024
CHG0000689,2024-10-25 09:19:01,2024-11-09 09:19:01,2024-11-09 14:19:01,2024-11-09 09:08:01,2024-11-09 14:08:01,Standard,High,1 - Critical,Implement,Email/Collaboration,Network Ops,Priya Menon,Mumbai,Sales,VPN Gateway,Firewall rule update,No Conflict,Approved,,Oct-2024,Q4-2024
CHG0000690,2024-12-22 04:31:50,2025-01-12 04:31:50,2025-01-12 08:31:50,2025-01-12 04:55:50,2025-01-12 06:55:50,Standard,High,3 - Medium,Implement,Application,Network Ops,Vikram Joshi,Hyderabad,Legal,Core Switch,DB migration,No Conflict,Pending,,Dec-2024,Q4-2024
CHG0000691,2024-09-15 11:53:54,2024-09-28 11:53:54,2024-09-28 12:53:54,2024-09-28 12:16:54,2024-09-28 13:16:54,Standard,Medium,2 - High,Closed,Hardware,DB Admins,Kavya Reddy,Kolkata,Sales,Active Directory,Backup policy change,No Conflict,Approved,Testing required,Sep-2024,Q3-2024
CHG0000692,2024-04-06 18:26:58,2024-05-04 18:26:58,2024-05-04 23:26:58,2024-05-04 18:29:58,2024-05-05 01:29:58,Standard,High,2 - High,Implement,Database,L2 Support,Priya Menon,Kolkata,IT,VPN Gateway,Firewall rule update,No Conflict,Approved,,Apr-2024,Q2-2024
CHG0000693,2024-02-26 23:21:10,2024-03-25 23:21:10,2024-03-26 02:21:10,,,Emergency,High,1 - Critical,Review,Application,L1 Support,Kavya Reddy,Mumbai,Operations,Active Directory,Load balancer config,No Conflict,Approved,Awaiting approval,Feb-2024,Q1-2024
CHG0000694,2024-11-27 16:10:00,2024-12-10 16:10:00,2024-12-10 20:10:00,,,Emergency,Low,2 - High,Review,Email/Collaboration,L2 Support,Amit Desai,Chennai,Operations,Load Balancer,Network upgrade,Conflict Detected,Approved,Vendor dependency,Nov-2024,Q4-2024
CHG0000695,2024-04-28 00:47:15,2024-05-11 00:47:15,2024-05-11 03:47:15,,,Standard,Low,2 - High,Authorize,Network,DB Admins,Kavya Reddy,Chennai,Finance,CRM Application,SSL certificate renewal,No Conflict,Rejected,Testing required,Apr-2024,Q2-2024
CHG0000696,2024-08-25 04:44:33,2024-09-03 04:44:33,2024-09-03 06:44:33,,,Standard,Low,3 - Medium,Cancelled,Database,L1 Support,Rahul Sharma,Kolkata,HR,Oracle DB,DR failover test,No Conflict,Pending,Awaiting approval,Aug-2024,Q3-2024
CHG0000697,2024-01-24 23:17:20,2024-02-17 23:17:20,2024-02-18 07:17:20,,,Standard,Low,3 - Medium,Review,Application,Security Ops,Priya Menon,Pune,Legal,CRM Application,Load balancer config,No Conflict,Approved,Testing required,Jan-2024,Q1-2024
CHG0000698,2024-10-30 22:18:39,2024-11-11 22:18:39,2024-11-12 04:18:39,2024-11-11 22:27:39,2024-11-12 05:27:39,Standard,Medium,3 - Medium,Implement,Network,L1 Support,Priya Menon,Delhi NCR,Operations,SAP Production,SSL certificate renewal,No Conflict,Approved,Testing required,Oct-2024,Q4-2024
CHG0000699,2024-02-27 15:07:17,2024-03-09 15:07:17,2024-03-09 23:07:17,,,Normal,Medium,4 - Low,Review,Network,L2 Support,Rohan Verma,Hyderabad,Finance,CRM Application,Load balancer config,No Conflict,Pending,Vendor dependency,Feb-2024,Q1-2024
CHG0000700,2024-08-10 19:13:50,2024-08-27 19:13:50,2024-08-27 21:13:50,2024-08-27 19:26:50,2024-08-27 23:26:50,Standard,Medium,4 - Low,Implement,Database,Security Ops,Sneha Patil,Pune,HR,VPN Gateway,Backup policy change,No Conflict,Pending,Awaiting approval,Aug-2024,Q3-2024
CHG0000701,2024-01-27 10:28:24,2024-02-18 10:28:24,2024-02-18 15:28:24,2024-02-18 10:17:24,2024-02-18 13:17:24,Standard,Medium,1 - Critical,Implement,Hardware,L1 Support,Amit Desai,Bangalore,Legal,Load Balancer,Storage expansion,No Conflict,Rejected,,Jan-2024,Q1-2024
CHG0000702,2024-08-16 20:28:33,2024-08-28 20:28:33,2024-08-29 00:28:33,2024-08-28 20:52:33,2024-08-28 22:52:33,Normal,High,1 - Critical,Closed,Email/Collaboration,Infra Team,Anjali Singh,Hyderabad,HR,Email Gateway,Firewall rule update,No Conflict,Approved,Testing required,Aug-2024,Q3-2024
CHG0000703,2024-02-07 19:32:03,2024-02-25 19:32:03,2024-02-26 00:32:03,,,Emergency,Low,3 - Medium,Authorize,Hardware,Infra Team,Rohan Verma,Delhi NCR,Finance,Firewall-01,Load balancer config,No Conflict,Pending,Awaiting approval,Feb-2024,Q1-2024
CHG0000704,2024-04-18 01:04:06,2024-05-10 01:04:06,2024-05-10 08:04:06,2024-05-10 01:16:06,2024-05-10 03:16:06,Emergency,Medium,1 - Critical,Closed,Hardware,Security Ops,Sneha Patil,Mumbai,Marketing,Email Gateway,DB migration,No Conflict,Approved,Testing required,Apr-2024,Q2-2024
CHG0000705,2024-03-10 04:50:32,2024-03-30 04:50:32,2024-03-30 06:50:32,,,Normal,Low,1 - Critical,Review,Access Management,Infra Team,Pooja Iyer,Hyderabad,Operations,Active Directory,Backup policy change,No Conflict,Approved,Resource unavailable,Mar-2024,Q1-2024
CHG0000706,2024-10-05 06:05:22,2024-11-02 06:05:22,2024-11-02 08:05:22,2024-11-02 06:06:22,2024-11-02 14:06:22,Normal,High,1 - Critical,Implement,Software,L2 Support,Deepak Nair,Kolkata,HR,Email Gateway,SSL certificate renewal,Conflict Detected,Approved,Resource unavailable,Oct-2024,Q4-2024
CHG0000707,2024-09-12 08:21:17,2024-10-02 08:21:17,2024-10-02 13:21:17,2024-10-02 08:38:17,2024-10-02 10:38:17,Standard,High,2 - High,Closed,Hardware,L1 Support,Priya Menon,Chennai,Marketing,Oracle DB,Network upgrade,No Conflict,Approved,Vendor dependency,Sep-2024,Q3-2024
CHG0000708,2024-01-10 23:45:28,2024-01-19 23:45:28,2024-01-20 06:45:28,2024-01-19 23:21:28,2024-01-20 04:21:28,Normal,Low,3 - Medium,Closed,Network,App Support,Rahul Sharma,Bangalore,Procurement,Firewall-01,SSL certificate renewal,No Conflict,Approved,,Jan-2024,Q1-2024
CHG0000709,2024-06-29 22:47:24,2024-07-23 22:47:24,2024-07-24 04:47:24,2024-07-23 22:23:24,2024-07-24 03:23:24,Normal,High,1 - Critical,Implement,Security,Security Ops,Rohan Verma,Delhi NCR,Procurement,Email Gateway,Middleware upgrade,No Conflict,Approved,Testing required,Jun-2024,Q2-2024
CHG0000710,2024-06-25 01:38:21,2024-07-03 01:38:21,2024-07-03 09:38:21,2024-07-03 01:45:21,2024-07-03 06:45:21,Normal,High,2 - High,Closed,Access Management,DB Admins,Deepak Nair,Mumbai,Sales,ERP Server,OS patch deployment,No Conflict,Approved,,Jun-2024,Q2-2024
CHG0000711,2024-02-13 03:24:25,2024-03-03 03:24:25,2024-03-03 06:24:25,2024-03-03 03:53:25,2024-03-03 10:53:25,Normal,Medium,4 - Low,Implement,Software,Security Ops,Pooja Iyer,Hyderabad,Sales,Load Balancer,Middleware upgrade,No Conflict,Approved,Vendor dependency,Feb-2024,Q1-2024
CHG0000712,2024-04-23 07:17:08,2024-05-05 07:17:08,2024-05-05 15:17:08,2024-05-05 07:34:08,2024-05-05 08:34:08,Standard,High,3 - Medium,Closed,Application,Infra Team,Sneha Patil,Pune,Sales,Active Directory,Middleware upgrade,No Conflict,Approved,,Apr-2024,Q2-2024
CHG0000713,2024-10-03 09:12:20,2024-10-11 09:12:20,2024-10-11 16:12:20,,,Normal,Medium,1 - Critical,Review,Software,L1 Support,Rohan Verma,Mumbai,HR,Oracle DB,Network upgrade,No Conflict,Pending,Resource unavailable,Oct-2024,Q4-2024
CHG0000714,2024-01-12 12:42:29,2024-02-08 12:42:29,2024-02-08 14:42:29,,,Standard,High,2 - High,Review,Network,Network Ops,Rahul Sharma,Kolkata,Marketing,CRM Application,OS patch deployment,No Conflict,Approved,Resource unavailable,Jan-2024,Q1-2024
CHG0000715,2024-11-11 07:07:16,2024-11-21 07:07:16,2024-11-21 09:07:16,,,Emergency,High,2 - High,Authorize,Security,App Support,Vikram Joshi,Hyderabad,HR,Oracle DB,OS patch deployment,No Conflict,Approved,,Nov-2024,Q4-2024
CHG0000716,2024-07-16 00:21:21,2024-08-07 00:21:21,2024-08-07 07:21:21,,,Emergency,Medium,3 - Medium,Review,Email/Collaboration,Security Ops,Vikram Joshi,Bangalore,Sales,Email Gateway,SSL certificate renewal,Conflict Detected,Approved,,Jul-2024,Q3-2024
CHG0000717,2024-07-06 20:53:53,2024-07-22 20:53:53,2024-07-22 21:53:53,,,Normal,High,2 - High,Review,Access Management,Security Ops,Vikram Joshi,Delhi NCR,Operations,VPN Gateway,SSL certificate renewal,Conflict Detected,Rejected,Testing required,Jul-2024,Q3-2024
CHG0000718,2024-02-04 03:29:34,2024-02-23 03:29:34,2024-02-23 11:29:34,,,Emergency,High,3 - Medium,Authorize,Hardware,Infra Team,Kavya Reddy,Pune,Operations,Email Gateway,Storage expansion,No Conflict,Approved,Vendor dependency,Feb-2024,Q1-2024
CHG0000719,2024-02-13 23:17:35,2024-03-03 23:17:35,2024-03-04 06:17:35,2024-03-03 23:38:35,2024-03-04 03:38:35,Normal,Low,4 - Low,Implement,Application,L2 Support,Vikram Joshi,Hyderabad,Procurement,SAP Production,Firewall rule update,Conflict Detected,Approved,Resource unavailable,Feb-2024,Q1-2024
CHG0000720,2024-08-22 20:08:12,2024-09-09 20:08:12,2024-09-10 00:08:12,,,Normal,Medium,4 - Low,Review,Network,DB Admins,Rahul Sharma,Pune,Marketing,SAP Production,Network upgrade,No Conflict,Pending,Resource unavailable,Aug-2024,Q3-2024
CHG0000721,2024-10-26 23:12:40,2024-11-15 23:12:40,2024-11-16 06:12:40,2024-11-15 23:17:40,2024-11-16 07:17:40,Normal,High,2 - High,Closed,Network,Security Ops,Deepak Nair,Pune,Finance,Email Gateway,Middleware upgrade,No Conflict,Rejected,,Oct-2024,Q4-2024
CHG0000722,2024-12-11 11:06:05,2025-01-02 11:06:05,2025-01-02 16:06:05,,,Normal,Medium,3 - Medium,Review,Security,Security Ops,Anjali Singh,Pune,Marketing,CRM Application,Backup policy change,No Conflict,Approved,Resource unavailable,Dec-2024,Q4-2024
CHG0000723,2024-10-14 16:38:49,2024-11-05 16:38:49,2024-11-05 21:38:49,,,Emergency,Medium,4 - Low,Review,Network,Infra Team,Deepak Nair,Pune,HR,Oracle DB,SSL certificate renewal,No Conflict,Approved,Resource unavailable,Oct-2024,Q4-2024
CHG0000724,2024-11-25 07:36:58,2024-12-05 07:36:58,2024-12-05 09:36:58,2024-12-05 07:56:58,2024-12-05 12:56:58,Standard,Medium,4 - Low,Closed,Database,L2 Support,Kavya Reddy,Kolkata,HR,Firewall-01,Load balancer config,No Conflict,Approved,Testing required,Nov-2024,Q4-2024
CHG0000725,2024-04-23 09:17:26,2024-05-01 09:17:26,2024-05-01 15:17:26,2024-05-01 09:40:26,2024-05-01 12:40:26,Normal,Low,4 - Low,Closed,Security,Network Ops,Kavya Reddy,Kolkata,Sales,Email Gateway,DB migration,No Conflict,Approved,,Apr-2024,Q2-2024
CHG0000726,2024-03-10 13:59:35,2024-04-06 13:59:35,2024-04-06 15:59:35,,,Normal,High,1 - Critical,Authorize,Hardware,Infra Team,Rohan Verma,Pune,Finance,Active Directory,Load balancer config,No Conflict,Approved,Testing required,Mar-2024,Q1-2024
CHG0000727,2024-10-12 14:23:48,2024-10-22 14:23:48,2024-10-22 21:23:48,,,Standard,High,1 - Critical,Review,Hardware,Network Ops,Deepak Nair,Bangalore,HR,VPN Gateway,SSL certificate renewal,No Conflict,Approved,Vendor dependency,Oct-2024,Q4-2024
CHG0000728,2024-12-12 02:51:02,2025-01-07 02:51:02,2025-01-07 03:51:02,2025-01-07 02:52:02,2025-01-07 04:52:02,Normal,Medium,2 - High,Implement,Email/Collaboration,App Support,Deepak Nair,Bangalore,Operations,Core Switch,OS patch deployment,No Conflict,Approved,Awaiting approval,Dec-2024,Q4-2024
CHG0000729,2024-03-25 19:42:53,2024-04-05 19:42:53,2024-04-05 23:42:53,,,Standard,Low,4 - Low,Cancelled,Network,DB Admins,Vikram Joshi,Mumbai,Marketing,Load Balancer,Backup policy change,No Conflict,Approved,Testing required,Mar-2024,Q1-2024
CHG0000730,2024-08-01 23:14:20,2024-08-25 23:14:20,2024-08-26 02:14:20,,,Standard,Medium,3 - Medium,Authorize,Network,L2 Support,Deepak Nair,Hyderabad,Legal,Active Directory,Backup policy change,No Conflict,Approved,Vendor dependency,Aug-2024,Q3-2024
CHG0000731,2024-03-07 16:17:11,2024-03-17 16:17:11,2024-03-17 19:17:11,,,Standard,Medium,1 - Critical,Review,Access Management,L2 Support,Amit Desai,Kolkata,Finance,VPN Gateway,Storage expansion,No Conflict,Approved,Resource unavailable,Mar-2024,Q1-2024
CHG0000732,2024-10-14 05:04:03,2024-10-22 05:04:03,2024-10-22 10:04:03,2024-10-22 04:37:03,2024-10-22 08:37:03,Emergency,Medium,3 - Medium,Implement,Email/Collaboration,Infra Team,Vikram Joshi,Delhi NCR,Finance,ERP Server,Middleware upgrade,No Conflict,Approved,,Oct-2024,Q4-2024
CHG0000733,2024-11-01 04:40:46,2024-11-23 04:40:46,2024-11-23 08:40:46,2024-11-23 04:54:46,2024-11-23 12:54:46,Standard,Medium,3 - Medium,Closed,Hardware,DB Admins,Rohan Verma,Delhi NCR,HR,Active Directory,SSL certificate renewal,No Conflict,Approved,Testing required,Nov-2024,Q4-2024
CHG0000734,2024-10-20 01:14:37,2024-11-17 01:14:37,2024-11-17 05:14:37,2024-11-17 01:07:37,2024-11-17 08:07:37,Standard,High,4 - Low,Closed,Application,L1 Support,Pooja Iyer,Kolkata,Procurement,SAP Production,OS patch deployment,Conflict Detected,Approved,Vendor dependency,Oct-2024,Q4-2024
CHG0000735,2024-11-20 11:04:26,2024-12-12 11:04:26,2024-12-12 13:04:26,,,Emergency,Medium,4 - Low,Cancelled,Application,App Support,Kavya Reddy,Kolkata,HR,Core Switch,Load balancer config,No Conflict,Rejected,Vendor dependency,Nov-2024,Q4-2024
CHG0000736,2024-02-18 20:38:17,2024-03-14 20:38:17,2024-03-14 21:38:17,,,Standard,High,3 - Medium,Review,Network,Infra Team,Anjali Singh,Mumbai,HR,VPN Gateway,DB migration,No Conflict,Rejected,,Feb-2024,Q1-2024
CHG0000737,2024-05-01 14:02:47,2024-05-18 14:02:47,2024-05-18 22:02:47,2024-05-18 14:23:47,2024-05-18 22:23:47,Emergency,Medium,2 - High,Closed,Software,Network Ops,Sneha Patil,Mumbai,Sales,Email Gateway,Firewall rule update,No Conflict,Approved,Vendor dependency,May-2024,Q2-2024
CHG0000738,2024-10-04 08:54:45,2024-10-20 08:54:45,2024-10-20 12:54:45,,,Emergency,High,2 - High,Authorize,Security,App Support,Kavya Reddy,Bangalore,Legal,SAP Production,DR failover test,Conflict Detected,Pending,Testing required,Oct-2024,Q4-2024
CHG0000739,2024-09-13 05:51:06,2024-09-24 05:51:06,2024-09-24 11:51:06,2024-09-24 05:45:06,2024-09-24 13:45:06,Emergency,Low,1 - Critical,Closed,Database,Security Ops,Sneha Patil,Kolkata,Marketing,Load Balancer,DR failover test,No Conflict,Pending,Resource unavailable,Sep-2024,Q3-2024
CHG0000740,2024-04-05 09:41:34,2024-04-30 09:41:34,2024-04-30 17:41:34,,,Standard,Medium,1 - Critical,Review,Network,Infra Team,Rahul Sharma,Kolkata,Procurement,Firewall-01,OS patch deployment,No Conflict,Approved,,Apr-2024,Q2-2024
CHG0000741,2024-10-24 16:29:23,2024-11-04 16:29:23,2024-11-04 19:29:23,2024-11-04 16:59:23,2024-11-04 22:59:23,Emergency,Low,2 - High,Closed,Application,DB Admins,Sneha Patil,Pune,Procurement,Email Gateway,Middleware upgrade,No Conflict,Pending,Testing required,Oct-2024,Q4-2024
CHG0000742,2024-10-16 23:54:51,2024-11-07 23:54:51,2024-11-08 05:54:51,2024-11-07 23:45:51,2024-11-08 00:45:51,Emergency,Medium,1 - Critical,Closed,Email/Collaboration,Security Ops,Pooja Iyer,Pune,Sales,Email Gateway,Load balancer config,No Conflict,Approved,Awaiting approval,Oct-2024,Q4-2024
CHG0000743,2024-11-20 15:25:00,2024-12-07 15:25:00,2024-12-07 23:25:00,2024-12-07 15:04:00,2024-12-07 22:04:00,Standard,Medium,3 - Medium,Closed,Database,Security Ops,Priya Menon,Mumbai,HR,Active Directory,SSL certificate renewal,No Conflict,Approved,,Nov-2024,Q4-2024
CHG0000744,2024-05-12 05:12:38,2024-06-09 05:12:38,2024-06-09 06:12:38,,,Normal,High,1 - Critical,Review,Access Management,Network Ops,Anjali Singh,Mumbai,Legal,CRM Application,DR failover test,Conflict Detected,Pending,,May-2024,Q2-2024
CHG0000745,2024-04-08 23:35:20,2024-04-29 23:35:20,2024-04-30 01:35:20,,,Standard,Medium,2 - High,Authorize,Security,App Support,Rahul Sharma,Delhi NCR,Legal,SAP Production,Firewall rule update,No Conflict,Approved,Awaiting approval,Apr-2024,Q2-2024
CHG0000746,2024-06-09 15:05:42,2024-06-23 15:05:42,2024-06-23 23:05:42,2024-06-23 14:43:42,2024-06-23 16:43:42,Standard,High,4 - Low,Closed,Network,L2 Support,Priya Menon,Mumbai,Sales,Active Directory,OS patch deployment,No Conflict,Approved,Vendor dependency,Jun-2024,Q2-2024
CHG0000747,2024-05-08 04:05:32,2024-05-25 04:05:32,2024-05-25 11:05:32,2024-05-25 04:15:32,2024-05-25 06:15:32,Normal,Low,2 - High,Closed,Application,Network Ops,Vikram Joshi,Mumbai,IT,Email Gateway,Middleware upgrade,Conflict Detected,Approved,Testing required,May-2024,Q2-2024
CHG0000748,2024-01-10 03:45:59,2024-01-31 03:45:59,2024-01-31 11:45:59,2024-01-31 04:08:59,2024-01-31 11:08:59,Standard,Low,1 - Critical,Closed,Security,Infra Team,Rohan Verma,Delhi NCR,Marketing,VPN Gateway,Load balancer config,No Conflict,Approved,Resource unavailable,Jan-2024,Q1-2024
CHG0000749,2024-05-31 12:17:12,2024-06-14 12:17:12,2024-06-14 16:17:12,2024-06-14 11:56:12,2024-06-14 14:56:12,Standard,Low,4 - Low,Closed,Email/Collaboration,Network Ops,Anjali Singh,Delhi NCR,Marketing,CRM Application,DR failover test,No Conflict,Approved,Vendor dependency,May-2024,Q2-2024
CHG0000750,2024-12-19 06:47:22,2025-01-10 06:47:22,2025-01-10 12:47:22,,,Normal,High,1 - Critical,Review,Network,Infra Team,Amit Desai,Mumbai,Sales,Email Gateway,Middleware upgrade,No Conflict,Pending,Vendor dependency,Dec-2024,Q4-2024
CHG0000751,2024-10-02 23:10:36,2024-10-11 23:10:36,2024-10-12 03:10:36,2024-10-11 23:08:36,2024-10-12 01:08:36,Standard,Medium,1 - Critical,Implement,Software,Network Ops,Anjali Singh,Hyderabad,HR,Email Gateway,OS patch deployment,No Conflict,Approved,Vendor dependency,Oct-2024,Q4-2024
CHG0000752,2024-01-17 19:45:44,2024-02-03 19:45:44,2024-02-04 01:45:44,2024-02-03 19:56:44,2024-02-04 01:56:44,Normal,Low,1 - Critical,Implement,Software,Network Ops,Sneha Patil,Chennai,Legal,VPN Gateway,Middleware upgrade,No Conflict,Approved,Awaiting approval,Jan-2024,Q1-2024
CHG0000753,2024-04-20 12:03:17,2024-05-10 12:03:17,2024-05-10 18:03:17,,,Normal,High,1 - Critical,Authorize,Network,App Support,Priya Menon,Bangalore,Procurement,Firewall-01,Middleware upgrade,Conflict Detected,Approved,Testing required,Apr-2024,Q2-2024
CHG0000754,2024-05-23 03:29:57,2024-06-09 03:29:57,2024-06-09 07:29:57,2024-06-09 03:17:57,2024-06-09 06:17:57,Standard,Low,3 - Medium,Closed,Application,Network Ops,Rohan Verma,Bangalore,Sales,Email Gateway,DR failover test,No Conflict,Approved,Awaiting approval,May-2024,Q2-2024
CHG0000755,2024-09-02 04:07:28,2024-09-09 04:07:28,2024-09-09 10:07:28,,,Normal,High,1 - Critical,Review,Network,Infra Team,Pooja Iyer,Pune,Finance,SAP Production,SSL certificate renewal,No Conflict,Pending,Awaiting approval,Sep-2024,Q3-2024
CHG0000756,2024-09-01 20:19:02,2024-09-08 20:19:02,2024-09-09 04:19:02,2024-09-08 20:09:02,2024-09-09 04:09:02,Standard,High,4 - Low,Implement,Network,Network Ops,Rohan Verma,Chennai,IT,Oracle DB,Firewall rule update,No Conflict,Approved,Resource unavailable,Sep-2024,Q3-2024
CHG0000757,2024-09-22 17:31:55,2024-10-09 17:31:55,2024-10-09 21:31:55,,,Normal,Low,3 - Medium,Review,Hardware,Infra Team,Kavya Reddy,Pune,Legal,Core Switch,Network upgrade,No Conflict,Approved,Testing required,Sep-2024,Q3-2024
CHG0000758,2024-03-27 13:22:43,2024-04-18 13:22:43,2024-04-18 21:22:43,2024-04-18 13:11:43,2024-04-18 15:11:43,Standard,Low,4 - Low,Implement,Hardware,DB Admins,Deepak Nair,Delhi NCR,Procurement,SAP Production,OS patch deployment,No Conflict,Pending,,Mar-2024,Q1-2024
CHG0000759,2024-06-24 02:23:22,2024-07-06 02:23:22,2024-07-06 05:23:22,2024-07-06 02:45:22,2024-07-06 04:45:22,Standard,Low,4 - Low,Closed,Software,Security Ops,Sneha Patil,Pune,IT,ERP Server,Load balancer config,No Conflict,Approved,Resource unavailable,Jun-2024,Q2-2024
CHG0000760,2024-08-10 15:29:27,2024-09-01 15:29:27,2024-09-01 21:29:27,,,Normal,Medium,4 - Low,Review,Access Management,Network Ops,Rahul Sharma,Mumbai,IT,Email Gateway,Network upgrade,Conflict Detected,Pending,Resource unavailable,Aug-2024,Q3-2024
CHG0000761,2024-02-09 18:23:22,2024-03-07 18:23:22,2024-03-07 20:23:22,,,Normal,High,3 - Medium,Cancelled,Access Management,App Support,Anjali Singh,Kolkata,Procurement,ERP Server,Storage expansion,No Conflict,Approved,Testing required,Feb-2024,Q1-2024
CHG0000762,2024-08-21 09:57:45,2024-09-07 09:57:45,2024-09-07 15:57:45,2024-09-07 09:35:45,2024-09-07 16:35:45,Normal,Low,4 - Low,Closed,Network,L1 Support,Anjali Singh,Delhi NCR,Operations,Oracle DB,Middleware upgrade,Conflict Detected,Approved,Vendor dependency,Aug-2024,Q3-2024
CHG0000763,2024-03-15 23:14:54,2024-03-27 23:14:54,2024-03-28 01:14:54,2024-03-27 23:13:54,2024-03-28 00:13:54,Emergency,High,2 - High,Closed,Application,Security Ops,Sneha Patil,Delhi NCR,Operations,SAP Production,Load balancer config,No Conflict,Approved,Resource unavailable,Mar-2024,Q1-2024
CHG0000764,2024-06-21 14:20:57,2024-07-07 14:20:57,2024-07-07 20:20:57,2024-07-07 14:40:57,2024-07-07 19:40:57,Standard,Low,2 - High,Implement,Network,Network Ops,Vikram Joshi,Delhi NCR,Finance,Firewall-01,Load balancer config,No Conflict,Approved,Testing required,Jun-2024,Q2-2024
CHG0000765,2024-05-28 12:24:25,2024-06-20 12:24:25,2024-06-20 15:24:25,,,Normal,High,3 - Medium,Review,Security,L2 Support,Anjali Singh,Pune,Procurement,ERP Server,OS patch deployment,No Conflict,Approved,Vendor dependency,May-2024,Q2-2024
CHG0000766,2024-09-04 23:58:38,2024-09-23 23:58:38,2024-09-24 03:58:38,,,Normal,High,1 - Critical,Authorize,Application,L2 Support,Kavya Reddy,Pune,Operations,Core Switch,Firewall rule update,Conflict Detected,Approved,,Sep-2024,Q3-2024
CHG0000767,2024-05-19 07:38:47,2024-06-03 07:38:47,2024-06-03 15:38:47,2024-06-03 07:28:47,2024-06-03 14:28:47,Standard,High,3 - Medium,Implement,Network,Infra Team,Vikram Joshi,Pune,IT,ERP Server,Storage expansion,Conflict Detected,Approved,,May-2024,Q2-2024
CHG0000768,2024-08-10 21:49:01,2024-08-18 21:49:01,2024-08-18 22:49:01,2024-08-18 21:34:01,2024-08-19 00:34:01,Normal,High,1 - Critical,Closed,Software,Network Ops,Sneha Patil,Delhi NCR,Marketing,Active Directory,DR failover test,No Conflict,Approved,Vendor dependency,Aug-2024,Q3-2024
CHG0000769,2024-10-12 02:57:46,2024-10-29 02:57:46,2024-10-29 04:57:46,,,Standard,Medium,2 - High,Cancelled,Access Management,L1 Support,Priya Menon,Hyderabad,Sales,Email Gateway,DB migration,Conflict Detected,Approved,Testing required,Oct-2024,Q4-2024
CHG0000770,2024-11-01 04:11:12,2024-11-08 04:11:12,2024-11-08 09:11:12,2024-11-08 04:30:12,2024-11-08 11:30:12,Normal,Medium,3 - Medium,Closed,Software,Security Ops,Priya Menon,Mumbai,Procurement,Firewall-01,Storage expansion,No Conflict,Approved,Awaiting approval,Nov-2024,Q4-2024
CHG0000771,2024-06-20 02:36:32,2024-07-15 02:36:32,2024-07-15 04:36:32,,,Normal,High,1 - Critical,Authorize,Access Management,Infra Team,Rahul Sharma,Mumbai,Legal,SAP Production,Load balancer config,No Conflict,Approved,Resource unavailable,Jun-2024,Q2-2024
CHG0000772,2024-06-03 21:48:23,2024-07-01 21:48:23,2024-07-02 02:48:23,2024-07-01 21:46:23,2024-07-02 01:46:23,Emergency,Medium,4 - Low,Closed,Application,Security Ops,Rahul Sharma,Delhi NCR,HR,Email Gateway,Network upgrade,No Conflict,Approved,Awaiting approval,Jun-2024,Q2-2024
CHG0000773,2024-08-23 03:32:38,2024-09-10 03:32:38,2024-09-10 07:32:38,2024-09-10 03:43:38,2024-09-10 08:43:38,Emergency,High,2 - High,Implement,Database,Infra Team,Amit Desai,Chennai,IT,VPN Gateway,Backup policy change,No Conflict,Pending,Testing required,Aug-2024,Q3-2024
CHG0000774,2024-12-16 01:47:35,2024-12-31 01:47:35,2024-12-31 07:47:35,,,Emergency,Medium,2 - High,Review,Software,DB Admins,Amit Desai,Chennai,Procurement,VPN Gateway,OS patch deployment,No Conflict,Rejected,Resource unavailable,Dec-2024,Q4-2024
CHG0000775,2024-07-05 12:12:48,2024-07-31 12:12:48,2024-07-31 18:12:48,2024-07-31 12:27:48,2024-07-31 14:27:48,Normal,Low,1 - Critical,Closed,Access Management,L1 Support,Kavya Reddy,Chennai,Operations,Firewall-01,Firewall rule update,No Conflict,Approved,Testing required,Jul-2024,Q3-2024
CHG0000776,2024-03-08 09:54:51,2024-04-04 09:54:51,2024-04-04 17:54:51,2024-04-04 09:30:51,2024-04-04 14:30:51,Normal,Medium,2 - High,Implement,Hardware,L2 Support,Rohan Verma,Chennai,IT,CRM Application,Storage expansion,No Conflict,Approved,Testing required,Mar-2024,Q1-2024
CHG0000777,2024-04-12 14:10:19,2024-05-09 14:10:19,2024-05-09 20:10:19,2024-05-09 13:45:19,2024-05-09 19:45:19,Emergency,High,4 - Low,Implement,Access Management,L2 Support,Pooja Iyer,Delhi NCR,Procurement,Core Switch,DB migration,No Conflict,Approved,Awaiting approval,Apr-2024,Q2-2024
CHG0000778,2024-09-23 23:52:54,2024-10-10 23:52:54,2024-10-11 05:52:54,2024-10-10 23:49:54,2024-10-11 03:49:54,Normal,High,3 - Medium,Implement,Hardware,L2 Support,Deepak Nair,Delhi NCR,Legal,Email Gateway,Load balancer config,No Conflict,Approved,Resource unavailable,Sep-2024,Q3-2024
CHG0000779,2024-05-31 21:55:33,2024-06-18 21:55:33,2024-06-18 22:55:33,2024-06-18 22:08:33,2024-06-19 03:08:33,Normal,High,4 - Low,Implement,Email/Collaboration,L2 Support,Priya Menon,Pune,Operations,SAP Production,Storage expansion,No Conflict,Approved,,May-2024,Q2-2024
CHG0000780,2024-11-10 05:13:45,2024-11-21 05:13:45,2024-11-21 09:13:45,2024-11-21 05:06:45,2024-11-21 10:06:45,Normal,Medium,4 - Low,Closed,Hardware,Network Ops,Deepak Nair,Chennai,Sales,Firewall-01,Storage expansion,No Conflict,Approved,Testing required,Nov-2024,Q4-2024
CHG0000781,2024-05-03 10:55:20,2024-05-30 10:55:20,2024-05-30 11:55:20,,,Normal,Medium,3 - Medium,Review,Software,Network Ops,Vikram Joshi,Bangalore,HR,Oracle DB,Backup policy change,No Conflict,Approved,Awaiting approval,May-2024,Q2-2024
CHG0000782,2024-11-23 04:19:41,2024-12-17 04:19:41,2024-12-17 11:19:41,2024-12-17 03:53:41,2024-12-17 05:53:41,Standard,Medium,4 - Low,Implement,Network,App Support,Pooja Iyer,Bangalore,HR,Oracle DB,DB migration,No Conflict,Pending,Vendor dependency,Nov-2024,Q4-2024
CHG0000783,2024-08-18 19:30:34,2024-08-31 19:30:34,2024-08-31 20:30:34,,,Emergency,Medium,1 - Critical,Review,Email/Collaboration,Network Ops,Kavya Reddy,Delhi NCR,Operations,Oracle DB,DB migration,Conflict Detected,Rejected,Testing required,Aug-2024,Q3-2024
CHG0000784,2024-12-31 15:24:34,2025-01-13 15:24:34,2025-01-13 22:24:34,2025-01-13 15:05:34,2025-01-13 17:05:34,Standard,Medium,1 - Critical,Closed,Security,DB Admins,Pooja Iyer,Kolkata,Operations,VPN Gateway,OS patch deployment,No Conflict,Approved,Resource unavailable,Dec-2024,Q4-2024
CHG0000785,2024-11-14 10:52:58,2024-11-23 10:52:58,2024-11-23 15:52:58,2024-11-23 10:24:58,2024-11-23 15:24:58,Normal,High,4 - Low,Implement,Database,L1 Support,Rahul Sharma,Kolkata,Legal,Email Gateway,Load balancer config,No Conflict,Approved,Vendor dependency,Nov-2024,Q4-2024
CHG0000786,2024-07-07 10:35:49,2024-08-04 10:35:49,2024-08-04 16:35:49,2024-08-04 10:17:49,2024-08-04 13:17:49,Normal,High,1 - Critical,Implement,Email/Collaboration,Infra Team,Sneha Patil,Bangalore,Legal,VPN Gateway,SSL certificate renewal,Conflict Detected,Approved,,Jul-2024,Q3-2024
CHG0000787,2024-10-27 21:05:35,2024-11-18 21:05:35,2024-11-19 00:05:35,2024-11-18 21:35:35,2024-11-19 00:35:35,Normal,High,2 - High,Closed,Software,Network Ops,Anjali Singh,Delhi NCR,Finance,VPN Gateway,Middleware upgrade,No Conflict,Pending,Testing required,Oct-2024,Q4-2024
CHG0000788,2024-01-10 03:49:24,2024-01-27 03:49:24,2024-01-27 06:49:24,2024-01-27 03:40:24,2024-01-27 06:40:24,Normal,Medium,2 - High,Implement,Email/Collaboration,DB Admins,Sneha Patil,Pune,Procurement,ERP Server,Firewall rule update,Conflict Detected,Approved,Awaiting approval,Jan-2024,Q1-2024
CHG0000789,2024-12-26 04:02:42,2025-01-13 04:02:42,2025-01-13 12:02:42,2025-01-13 04:25:42,2025-01-13 06:25:42,Standard,Medium,3 - Medium,Implement,Hardware,Security Ops,Rahul Sharma,Bangalore,Procurement,Active Directory,DR failover test,No Conflict,Approved,Resource unavailable,Dec-2024,Q4-2024
CHG0000790,2024-12-17 15:46:44,2024-12-27 15:46:44,2024-12-27 17:46:44,,,Emergency,Medium,2 - High,Review,Database,DB Admins,Rohan Verma,Mumbai,Sales,VPN Gateway,Storage expansion,No Conflict,Pending,Resource unavailable,Dec-2024,Q4-2024
CHG0000791,2024-04-08 05:30:52,2024-04-24 05:30:52,2024-04-24 11:30:52,,,Normal,Low,3 - Medium,Authorize,Database,Infra Team,Rohan Verma,Chennai,IT,Firewall-01,OS patch deployment,No Conflict,Approved,Awaiting approval,Apr-2024,Q2-2024
CHG0000792,2024-08-04 03:20:16,2024-08-18 03:20:16,2024-08-18 07:20:16,,,Normal,Medium,2 - High,Authorize,Email/Collaboration,Infra Team,Pooja Iyer,Delhi NCR,Marketing,Active Directory,Storage expansion,No Conflict,Approved,,Aug-2024,Q3-2024
CHG0000793,2024-11-11 06:13:24,2024-12-04 06:13:24,2024-12-04 12:13:24,,,Normal,Low,4 - Low,Authorize,Email/Collaboration,Network Ops,Vikram Joshi,Chennai,Sales,Firewall-01,Network upgrade,No Conflict,Approved,Resource unavailable,Nov-2024,Q4-2024
CHG0000794,2024-12-10 01:26:32,2025-01-06 01:26:32,2025-01-06 07:26:32,,,Standard,Low,4 - Low,Review,Access Management,App Support,Anjali Singh,Hyderabad,HR,Core Switch,OS patch deployment,No Conflict,Pending,Vendor dependency,Dec-2024,Q4-2024
CHG0000795,2024-05-13 18:13:12,2024-05-27 18:13:12,2024-05-28 02:13:12,,,Emergency,High,4 - Low,Cancelled,Security,DB Admins,Sneha Patil,Kolkata,Finance,Load Balancer,Firewall rule update,No Conflict,Rejected,Resource unavailable,May-2024,Q2-2024
CHG0000796,2024-03-20 20:09:35,2024-04-11 20:09:35,2024-04-11 21:09:35,2024-04-11 20:33:35,2024-04-11 21:33:35,Emergency,Low,1 - Critical,Closed,Security,L1 Support,Rahul Sharma,Chennai,IT,CRM Application,Backup policy change,No Conflict,Approved,Awaiting approval,Mar-2024,Q1-2024
CHG0000797,2024-04-09 23:05:31,2024-04-25 23:05:31,2024-04-26 02:05:31,2024-04-25 23:29:31,2024-04-26 07:29:31,Standard,High,2 - High,Implement,Access Management,Infra Team,Vikram Joshi,Bangalore,Finance,Email Gateway,Middleware upgrade,No Conflict,Approved,,Apr-2024,Q2-2024
CHG0000798,2024-07-20 14:05:38,2024-08-13 14:05:38,2024-08-13 19:05:38,2024-08-13 14:24:38,2024-08-13 21:24:38,Normal,Medium,3 - Medium,Implement,Database,Infra Team,Amit Desai,Hyderabad,Operations,Firewall-01,Load balancer config,No Conflict,Pending,Vendor dependency,Jul-2024,Q3-2024
CHG0000799,2024-07-11 06:57:38,2024-08-01 06:57:38,2024-08-01 07:57:38,,,Standard,High,2 - High,Cancelled,Security,DB Admins,Pooja Iyer,Mumbai,Operations,Email Gateway,Firewall rule update,No Conflict,Approved,Resource unavailable,Jul-2024,Q3-2024
CHG0000800,2024-04-18 09:03:58,2024-05-09 09:03:58,2024-05-09 16:03:58,,,Standard,Low,4 - Low,Review,Hardware,DB Admins,Deepak Nair,Mumbai,Procurement,Active Directory,Middleware upgrade,No Conflict,Approved,Resource unavailable,Apr-2024,Q2-2024
CHG0000801,2024-03-21 02:40:27,2024-04-06 02:40:27,2024-04-06 06:40:27,,,Standard,Low,1 - Critical,Review,Database,Infra Team,Deepak Nair,Delhi NCR,HR,CRM Application,Network upgrade,Conflict Detected,Approved,Awaiting approval,Mar-2024,Q1-2024
CHG0000802,2024-07-26 07:39:38,2024-08-18 07:39:38,2024-08-18 14:39:38,2024-08-18 07:43:38,2024-08-18 11:43:38,Normal,Medium,4 - Low,Implement,Access Management,Security Ops,Deepak Nair,Hyderabad,Marketing,SAP Production,DR failover test,No Conflict,Approved,Vendor dependency,Jul-2024,Q3-2024
CHG0000803,2024-02-12 19:46:04,2024-03-01 19:46:04,2024-03-02 00:46:04,2024-03-01 19:39:04,2024-03-02 00:39:04,Emergency,Low,3 - Medium,Implement,Network,Infra Team,Rahul Sharma,Chennai,Sales,Firewall-01,SSL certificate renewal,No Conflict,Approved,Awaiting approval,Feb-2024,Q1-2024
CHG0000804,2024-04-15 10:44:51,2024-05-05 10:44:51,2024-05-05 12:44:51,2024-05-05 10:57:51,2024-05-05 17:57:51,Emergency,Low,4 - Low,Implement,Application,Infra Team,Sneha Patil,Chennai,HR,ERP Server,OS patch deployment,No Conflict,Approved,Testing required,Apr-2024,Q2-2024
CHG0000805,2024-09-09 03:55:56,2024-10-01 03:55:56,2024-10-01 05:55:56,,,Standard,High,1 - Critical,Authorize,Access Management,Security Ops,Rohan Verma,Hyderabad,Sales,VPN Gateway,Backup policy change,No Conflict,Approved,Awaiting approval,Sep-2024,Q3-2024
CHG0000806,2024-02-27 02:37:19,2024-03-11 02:37:19,2024-03-11 05:37:19,2024-03-11 02:51:19,2024-03-11 04:51:19,Normal,Low,3 - Medium,Closed,Network,Infra Team,Kavya Reddy,Bangalore,Legal,Core Switch,SSL certificate renewal,Conflict Detected,Pending,Vendor dependency,Feb-2024,Q1-2024
CHG0000807,2024-06-04 14:12:25,2024-06-19 14:12:25,2024-06-19 20:12:25,,,Standard,Medium,4 - Low,Review,Network,App Support,Priya Menon,Hyderabad,HR,VPN Gateway,Load balancer config,No Conflict,Approved,Vendor dependency,Jun-2024,Q2-2024
CHG0000808,2024-04-11 12:17:27,2024-04-30 12:17:27,2024-04-30 16:17:27,,,Normal,Low,2 - High,Authorize,Access Management,Infra Team,Vikram Joshi,Bangalore,IT,VPN Gateway,DR failover test,No Conflict,Approved,Vendor dependency,Apr-2024,Q2-2024
CHG0000809,2024-04-09 15:11:55,2024-05-06 15:11:55,2024-05-06 18:11:55,,,Emergency,Medium,3 - Medium,Authorize,Security,DB Admins,Priya Menon,Mumbai,Sales,ERP Server,DB migration,No Conflict,Pending,Awaiting approval,Apr-2024,Q2-2024
CHG0000810,2024-08-10 12:56:59,2024-09-03 12:56:59,2024-09-03 13:56:59,,,Emergency,High,3 - Medium,Cancelled,Software,Network Ops,Deepak Nair,Kolkata,Procurement,VPN Gateway,Firewall rule update,No Conflict,Approved,Resource unavailable,Aug-2024,Q3-2024
CHG0000811,2024-11-21 22:18:00,2024-12-04 22:18:00,2024-12-05 01:18:00,,,Normal,Medium,4 - Low,Review,Database,App Support,Priya Menon,Delhi NCR,Marketing,SAP Production,Backup policy change,No Conflict,Rejected,Testing required,Nov-2024,Q4-2024
CHG0000812,2024-11-14 15:03:18,2024-12-07 15:03:18,2024-12-07 19:03:18,,,Normal,Low,4 - Low,Review,Software,Security Ops,Priya Menon,Kolkata,Procurement,VPN Gateway,OS patch deployment,No Conflict,Approved,Resource unavailable,Nov-2024,Q4-2024
CHG0000813,2024-11-28 04:18:21,2024-12-26 04:18:21,2024-12-26 11:18:21,,,Emergency,Medium,3 - Medium,Authorize,Application,L1 Support,Priya Menon,Delhi NCR,HR,ERP Server,DR failover test,No Conflict,Approved,Testing required,Nov-2024,Q4-2024
CHG0000814,2024-11-23 08:39:51,2024-12-09 08:39:51,2024-12-09 14:39:51,,,Standard,High,4 - Low,Authorize,Database,L1 Support,Kavya Reddy,Mumbai,HR,SAP Production,SSL certificate renewal,No Conflict,Approved,Testing required,Nov-2024,Q4-2024
CHG0000815,2024-01-22 16:53:47,2024-02-02 16:53:47,2024-02-02 19:53:47,2024-02-02 16:51:47,2024-02-02 19:51:47,Standard,High,3 - Medium,Implement,Access Management,App Support,Priya Menon,Hyderabad,Operations,ERP Server,DR failover test,No Conflict,Approved,Vendor dependency,Jan-2024,Q1-2024
CHG0000816,2024-12-20 15:46:05,2025-01-08 15:46:05,2025-01-08 20:46:05,,,Emergency,Low,4 - Low,Review,Software,Infra Team,Priya Menon,Bangalore,Procurement,ERP Server,Middleware upgrade,No Conflict,Rejected,Awaiting approval,Dec-2024,Q4-2024
CHG0000817,2024-01-05 13:07:06,2024-01-12 13:07:06,2024-01-12 21:07:06,,,Emergency,Low,2 - High,Review,Network,App Support,Kavya Reddy,Mumbai,IT,Email Gateway,Backup policy change,No Conflict,Approved,,Jan-2024,Q1-2024
CHG0000818,2024-11-16 10:39:39,2024-11-23 10:39:39,2024-11-23 17:39:39,2024-11-23 10:13:39,2024-11-23 17:13:39,Standard,Low,2 - High,Implement,Software,DB Admins,Rahul Sharma,Chennai,Sales,Firewall-01,Firewall rule update,No Conflict,Approved,,Nov-2024,Q4-2024
CHG0000819,2024-02-11 15:09:17,2024-02-21 15:09:17,2024-02-21 17:09:17,,,Standard,Medium,1 - Critical,Authorize,Access Management,L1 Support,Deepak Nair,Hyderabad,Sales,Oracle DB,SSL certificate renewal,No Conflict,Rejected,Vendor dependency,Feb-2024,Q1-2024
CHG0000820,2024-10-02 23:52:27,2024-10-09 23:52:27,2024-10-10 00:52:27,2024-10-09 23:25:27,2024-10-10 06:25:27,Normal,Low,1 - Critical,Implement,Network,L1 Support,Pooja Iyer,Pune,HR,CRM Application,Network upgrade,No Conflict,Approved,Vendor dependency,Oct-2024,Q4-2024
CHG0000821,2024-06-04 13:53:49,2024-06-20 13:53:49,2024-06-20 21:53:49,2024-06-20 14:17:49,2024-06-20 16:17:49,Normal,Medium,1 - Critical,Implement,Network,Security Ops,Sneha Patil,Pune,Marketing,Load Balancer,DR failover test,No Conflict,Rejected,Vendor dependency,Jun-2024,Q2-2024
CHG0000822,2024-06-10 20:50:23,2024-07-07 20:50:23,2024-07-07 23:50:23,2024-07-07 21:04:23,2024-07-08 00:04:23,Emergency,High,4 - Low,Implement,Application,Infra Team,Kavya Reddy,Delhi NCR,Procurement,Load Balancer,SSL certificate renewal,No Conflict,Approved,,Jun-2024,Q2-2024
CHG0000823,2024-05-13 16:18:14,2024-05-29 16:18:14,2024-05-29 22:18:14,,,Emergency,Medium,3 - Medium,Cancelled,Email/Collaboration,Network Ops,Sneha Patil,Kolkata,Legal,VPN Gateway,OS patch deployment,No Conflict,Approved,Resource unavailable,May-2024,Q2-2024
CHG0000824,2024-04-19 08:08:19,2024-05-08 08:08:19,2024-05-08 14:08:19,,,Standard,Low,4 - Low,Review,Network,App Support,Sneha Patil,Bangalore,IT,SAP Production,DB migration,Conflict Detected,Approved,Awaiting approval,Apr-2024,Q2-2024
CHG0000825,2024-12-15 02:59:18,2025-01-02 02:59:18,2025-01-02 09:59:18,2025-01-02 03:29:18,2025-01-02 05:29:18,Emergency,High,2 - High,Implement,Software,App Support,Rahul Sharma,Pune,Sales,Active Directory,Firewall rule update,No Conflict,Approved,Resource unavailable,Dec-2024,Q4-2024
CHG0000826,2024-06-14 03:11:41,2024-07-08 03:11:41,2024-07-08 05:11:41,,,Emergency,High,4 - Low,Review,Access Management,Network Ops,Rohan Verma,Kolkata,Finance,Email Gateway,DB migration,No Conflict,Pending,,Jun-2024,Q2-2024
CHG0000827,2024-06-06 01:49:34,2024-07-01 01:49:34,2024-07-01 06:49:34,2024-07-01 02:16:34,2024-07-01 04:16:34,Emergency,High,4 - Low,Implement,Email/Collaboration,L1 Support,Vikram Joshi,Delhi NCR,Legal,Active Directory,Middleware upgrade,No Conflict,Approved,Vendor dependency,Jun-2024,Q2-2024
CHG0000828,2024-02-16 01:01:08,2024-03-13 01:01:08,2024-03-13 09:01:08,2024-03-13 01:21:08,2024-03-13 08:21:08,Standard,Low,2 - High,Implement,Hardware,Infra Team,Kavya Reddy,Bangalore,Operations,ERP Server,Middleware upgrade,No Conflict,Approved,Testing required,Feb-2024,Q1-2024
CHG0000829,2024-08-25 15:38:26,2024-09-02 15:38:26,2024-09-02 22:38:26,,,Normal,High,2 - High,Cancelled,Database,L2 Support,Rohan Verma,Delhi NCR,Marketing,Firewall-01,Network upgrade,No Conflict,Pending,Resource unavailable,Aug-2024,Q3-2024
CHG0000830,2024-06-29 18:37:11,2024-07-22 18:37:11,2024-07-22 22:37:11,,,Normal,Low,2 - High,Authorize,Hardware,Network Ops,Pooja Iyer,Bangalore,Procurement,SAP Production,DB migration,No Conflict,Approved,Resource unavailable,Jun-2024,Q2-2024
CHG0000831,2024-04-03 12:51:22,2024-04-22 12:51:22,2024-04-22 13:51:22,2024-04-22 12:47:22,2024-04-22 16:47:22,Emergency,High,3 - Medium,Implement,Hardware,Security Ops,Rohan Verma,Chennai,Operations,Email Gateway,OS patch deployment,No Conflict,Approved,Resource unavailable,Apr-2024,Q2-2024
CHG0000832,2024-08-04 03:20:26,2024-08-31 03:20:26,2024-08-31 08:20:26,2024-08-31 03:38:26,2024-08-31 04:38:26,Emergency,Low,3 - Medium,Implement,Access Management,Security Ops,Rahul Sharma,Bangalore,Sales,Core Switch,SSL certificate renewal,Conflict Detected,Approved,Testing required,Aug-2024,Q3-2024
CHG0000833,2024-04-11 12:09:46,2024-04-19 12:09:46,2024-04-19 16:09:46,2024-04-19 12:39:46,2024-04-19 16:39:46,Emergency,Medium,1 - Critical,Implement,Network,L2 Support,Sneha Patil,Pune,Marketing,Firewall-01,Load balancer config,Conflict Detected,Approved,Awaiting approval,Apr-2024,Q2-2024
CHG0000834,2024-08-27 19:21:32,2024-09-09 19:21:32,2024-09-09 22:21:32,2024-09-09 19:26:32,2024-09-09 20:26:32,Emergency,Medium,2 - High,Implement,Access Management,L1 Support,Vikram Joshi,Mumbai,IT,SAP Production,SSL certificate renewal,No Conflict,Rejected,Vendor dependency,Aug-2024,Q3-2024
CHG0000835,2024-05-11 08:07:09,2024-05-20 08:07:09,2024-05-20 14:07:09,2024-05-20 08:16:09,2024-05-20 11:16:09,Emergency,Low,3 - Medium,Implement,Email/Collaboration,L1 Support,Priya Menon,Bangalore,Operations,CRM Application,Backup policy change,No Conflict,Approved,Testing required,May-2024,Q2-2024
CHG0000836,2024-04-11 06:10:44,2024-04-20 06:10:44,2024-04-20 10:10:44,2024-04-20 06:12:44,2024-04-20 07:12:44,Normal,Medium,3 - Medium,Implement,Access Management,Infra Team,Anjali Singh,Mumbai,Finance,VPN Gateway,DR failover test,No Conflict,Rejected,Awaiting approval,Apr-2024,Q2-2024
CHG0000837,2024-02-11 03:29:56,2024-03-01 03:29:56,2024-03-01 08:29:56,2024-03-01 03:18:56,2024-03-01 07:18:56,Emergency,Low,1 - Critical,Closed,Database,DB Admins,Rahul Sharma,Mumbai,Finance,Email Gateway,Middleware upgrade,No Conflict,Approved,Testing required,Feb-2024,Q1-2024
CHG0000838,2024-11-25 16:13:40,2024-12-21 16:13:40,2024-12-21 23:13:40,2024-12-21 15:55:40,2024-12-21 20:55:40,Emergency,Medium,2 - High,Closed,Access Management,L2 Support,Pooja Iyer,Pune,Finance,ERP Server,Backup policy change,No Conflict,Pending,Resource unavailable,Nov-2024,Q4-2024
CHG0000839,2024-09-17 07:27:21,2024-10-15 07:27:21,2024-10-15 11:27:21,2024-10-15 07:19:21,2024-10-15 12:19:21,Emergency,High,3 - Medium,Implement,Email/Collaboration,App Support,Amit Desai,Delhi NCR,Marketing,Email Gateway,Firewall rule update,No Conflict,Approved,Vendor dependency,Sep-2024,Q3-2024
CHG0000840,2024-03-06 12:56:04,2024-03-28 12:56:04,2024-03-28 14:56:04,2024-03-28 13:01:04,2024-03-28 16:01:04,Standard,Medium,2 - High,Closed,Software,Security Ops,Kavya Reddy,Mumbai,Sales,Firewall-01,OS patch deployment,No Conflict,Approved,Awaiting approval,Mar-2024,Q1-2024
CHG0000841,2024-01-25 02:24:15,2024-02-10 02:24:15,2024-02-10 08:24:15,,,Standard,Medium,3 - Medium,Review,Security,Security Ops,Anjali Singh,Kolkata,Procurement,Load Balancer,Firewall rule update,No Conflict,Approved,Vendor dependency,Jan-2024,Q1-2024
CHG0000842,2024-01-08 14:50:47,2024-01-16 14:50:47,2024-01-16 21:50:47,2024-01-16 15:06:47,2024-01-16 18:06:47,Emergency,Low,1 - Critical,Implement,Access Management,Infra Team,Anjali Singh,Hyderabad,Procurement,Oracle DB,Load balancer config,No Conflict,Pending,,Jan-2024,Q1-2024
CHG0000843,2024-01-16 05:07:47,2024-02-06 05:07:47,2024-02-06 11:07:47,2024-02-06 05:15:47,2024-02-06 12:15:47,Standard,Low,2 - High,Implement,Hardware,DB Admins,Deepak Nair,Chennai,Sales,ERP Server,OS patch deployment,No Conflict,Approved,Awaiting approval,Jan-2024,Q1-2024
CHG0000844,2024-09-27 03:27:28,2024-10-06 03:27:28,2024-10-06 04:27:28,2024-10-06 03:00:28,2024-10-06 05:00:28,Standard,Low,4 - Low,Closed,Hardware,DB Admins,Sneha Patil,Pune,Legal,VPN Gateway,DR failover test,No Conflict,Approved,Awaiting approval,Sep-2024,Q3-2024
CHG0000845,2024-01-18 00:37:41,2024-02-11 00:37:41,2024-02-11 03:37:41,2024-02-11 01:04:41,2024-02-11 08:04:41,Emergency,Low,3 - Medium,Implement,Access Management,Infra Team,Anjali Singh,Mumbai,Sales,Email Gateway,Storage expansion,No Conflict,Rejected,Testing required,Jan-2024,Q1-2024
CHG0000846,2024-09-15 04:49:57,2024-09-27 04:49:57,2024-09-27 05:49:57,,,Normal,Medium,1 - Critical,Authorize,Email/Collaboration,L2 Support,Sneha Patil,Pune,IT,Active Directory,Load balancer config,Conflict Detected,Approved,,Sep-2024,Q3-2024
CHG0000847,2024-12-09 17:11:30,2025-01-02 17:11:30,2025-01-02 19:11:30,2025-01-02 17:04:30,2025-01-02 19:04:30,Normal,Low,4 - Low,Implement,Application,Network Ops,Rahul Sharma,Pune,Marketing,Core Switch,Load balancer config,No Conflict,Pending,Awaiting approval,Dec-2024,Q4-2024
CHG0000848,2024-09-23 06:49:53,2024-10-04 06:49:53,2024-10-04 07:49:53,,,Emergency,Low,4 - Low,Cancelled,Security,Infra Team,Rohan Verma,Bangalore,IT,SAP Production,Middleware upgrade,Conflict Detected,Rejected,Awaiting approval,Sep-2024,Q3-2024
CHG0000849,2024-02-23 22:30:18,2024-03-21 22:30:18,2024-03-22 00:30:18,2024-03-21 22:08:18,2024-03-22 02:08:18,Emergency,Low,3 - Medium,Implement,Software,L2 Support,Vikram Joshi,Hyderabad,Sales,Active Directory,Load balancer config,No Conflict,Approved,Testing required,Feb-2024,Q1-2024
CHG0000850,2024-07-04 12:40:29,2024-07-15 12:40:29,2024-07-15 16:40:29,2024-07-15 12:25:29,2024-07-15 14:25:29,Standard,Low,2 - High,Implement,Software,Security Ops,Rohan Verma,Chennai,Procurement,Active Directory,DB migration,No Conflict,Approved,Resource unavailable,Jul-2024,Q3-2024
CHG0000851,2024-12-04 18:13:45,2024-12-11 18:13:45,2024-12-11 19:13:45,2024-12-11 17:46:45,2024-12-11 21:46:45,Normal,Medium,1 - Critical,Implement,Database,DB Admins,Anjali Singh,Kolkata,Legal,CRM Application,OS patch deployment,No Conflict,Rejected,,Dec-2024,Q4-2024
CHG0000852,2024-08-08 12:16:44,2024-08-24 12:16:44,2024-08-24 17:16:44,2024-08-24 12:26:44,2024-08-24 14:26:44,Emergency,High,4 - Low,Closed,Software,DB Admins,Priya Menon,Pune,HR,ERP Server,Middleware upgrade,No Conflict,Approved,Vendor dependency,Aug-2024,Q3-2024
CHG0000853,2024-12-29 14:02:16,2025-01-19 14:02:16,2025-01-19 21:02:16,2025-01-19 13:39:16,2025-01-19 15:39:16,Standard,Low,2 - High,Implement,Security,App Support,Anjali Singh,Pune,Operations,ERP Server,Network upgrade,No Conflict,Pending,Awaiting approval,Dec-2024,Q4-2024
CHG0000854,2024-11-09 11:50:18,2024-11-21 11:50:18,2024-11-21 19:50:18,,,Normal,High,3 - Medium,Review,Database,DB Admins,Rohan Verma,Bangalore,Procurement,Load Balancer,Middleware upgrade,No Conflict,Approved,Awaiting approval,Nov-2024,Q4-2024
CHG0000855,2024-06-27 13:47:29,2024-07-25 13:47:29,2024-07-25 17:47:29,,,Emergency,Medium,1 - Critical,Review,Email/Collaboration,L2 Support,Priya Menon,Delhi NCR,Procurement,Oracle DB,Backup policy change,No Conflict,Approved,,Jun-2024,Q2-2024
CHG0000856,2024-12-26 15:26:49,2025-01-08 15:26:49,2025-01-08 22:26:49,,,Standard,Low,1 - Critical,Authorize,Security,L2 Support,Priya Menon,Hyderabad,Procurement,ERP Server,Network upgrade,No Conflict,Approved,,Dec-2024,Q4-2024
CHG0000857,2024-10-12 05:50:05,2024-11-06 05:50:05,2024-11-06 12:50:05,2024-11-06 05:39:05,2024-11-06 10:39:05,Standard,High,4 - Low,Closed,Access Management,App Support,Priya Menon,Mumbai,Finance,VPN Gateway,DB migration,No Conflict,Pending,,Oct-2024,Q4-2024
CHG0000858,2024-12-31 12:40:01,2025-01-09 12:40:01,2025-01-09 18:40:01,2025-01-09 12:27:01,2025-01-09 14:27:01,Normal,High,4 - Low,Implement,Security,DB Admins,Vikram Joshi,Hyderabad,Legal,Load Balancer,Backup policy change,No Conflict,Approved,Testing required,Dec-2024,Q4-2024
CHG0000859,2024-11-27 03:09:03,2024-12-15 03:09:03,2024-12-15 11:09:03,2024-12-15 03:06:03,2024-12-15 04:06:03,Normal,Medium,3 - Medium,Closed,Email/Collaboration,L2 Support,Amit Desai,Mumbai,Finance,Oracle DB,Firewall rule update,No Conflict,Approved,,Nov-2024,Q4-2024
CHG0000860,2024-06-09 13:00:32,2024-06-21 13:00:32,2024-06-21 14:00:32,,,Emergency,High,4 - Low,Authorize,Access Management,L1 Support,Amit Desai,Kolkata,Marketing,Active Directory,Middleware upgrade,Conflict Detected,Approved,Awaiting approval,Jun-2024,Q2-2024
CHG0000861,2024-11-04 03:46:42,2024-11-25 03:46:42,2024-11-25 08:46:42,,,Normal,High,1 - Critical,Authorize,Network,Security Ops,Amit Desai,Mumbai,Legal,VPN Gateway,SSL certificate renewal,No Conflict,Approved,Awaiting approval,Nov-2024,Q4-2024
CHG0000862,2024-04-08 15:13:14,2024-04-21 15:13:14,2024-04-21 22:13:14,,,Standard,Medium,4 - Low,Authorize,Application,Infra Team,Deepak Nair,Chennai,Finance,Active Directory,DB migration,No Conflict,Approved,Vendor dependency,Apr-2024,Q2-2024
CHG0000863,2024-03-23 02:53:03,2024-04-20 02:53:03,2024-04-20 05:53:03,,,Normal,High,3 - Medium,Review,Application,App Support,Pooja Iyer,Pune,Operations,Active Directory,Backup policy change,No Conflict,Pending,Resource unavailable,Mar-2024,Q1-2024
CHG0000864,2024-06-13 14:21:54,2024-07-04 14:21:54,2024-07-04 22:21:54,2024-07-04 14:24:54,2024-07-04 21:24:54,Emergency,High,2 - High,Closed,Network,App Support,Kavya Reddy,Hyderabad,Operations,Oracle DB,Firewall rule update,Conflict Detected,Approved,Awaiting approval,Jun-2024,Q2-2024
CHG0000865,2024-10-12 16:21:02,2024-10-31 16:21:02,2024-10-31 23:21:02,2024-10-31 16:08:02,2024-10-31 20:08:02,Standard,High,3 - Medium,Closed,Application,L2 Support,Rahul Sharma,Chennai,Operations,VPN Gateway,Firewall rule update,No Conflict,Approved,,Oct-2024,Q4-2024
CHG0000866,2024-10-31 07:19:23,2024-11-25 07:19:23,2024-11-25 15:19:23,,,Normal,High,3 - Medium,Review,Network,DB Admins,Rahul Sharma,Kolkata,Operations,Oracle DB,OS patch deployment,No Conflict,Pending,Vendor dependency,Oct-2024,Q4-2024
CHG0000867,2024-02-07 12:56:20,2024-02-19 12:56:20,2024-02-19 15:56:20,2024-02-19 13:08:20,2024-02-19 20:08:20,Emergency,Medium,4 - Low,Closed,Network,Infra Team,Deepak Nair,Mumbai,Procurement,VPN Gateway,OS patch deployment,Conflict Detected,Pending,Vendor dependency,Feb-2024,Q1-2024
CHG0000868,2024-11-23 14:03:04,2024-12-14 14:03:04,2024-12-14 22:03:04,2024-12-14 13:35:04,2024-12-14 17:35:04,Emergency,Medium,1 - Critical,Closed,Email/Collaboration,Infra Team,Pooja Iyer,Pune,HR,Email Gateway,Backup policy change,No Conflict,Approved,Awaiting approval,Nov-2024,Q4-2024
CHG0000869,2024-05-29 20:25:48,2024-06-25 20:25:48,2024-06-25 22:25:48,2024-06-25 20:41:48,2024-06-26 00:41:48,Normal,Low,2 - High,Closed,Hardware,Infra Team,Kavya Reddy,Hyderabad,Marketing,Firewall-01,Middleware upgrade,No Conflict,Approved,Vendor dependency,May-2024,Q2-2024
CHG0000870,2024-02-28 20:25:26,2024-03-19 20:25:26,2024-03-19 21:25:26,2024-03-19 20:33:26,2024-03-20 03:33:26,Emergency,High,4 - Low,Implement,Database,App Support,Kavya Reddy,Bangalore,Procurement,SAP Production,Middleware upgrade,No Conflict,Approved,Testing required,Feb-2024,Q1-2024
CHG0000871,2024-03-30 16:41:35,2024-04-12 16:41:35,2024-04-12 20:41:35,,,Emergency,Low,4 - Low,Review,Email/Collaboration,L1 Support,Amit Desai,Delhi NCR,IT,Email Gateway,DB migration,Conflict Detected,Approved,,Mar-2024,Q1-2024
CHG0000872,2024-04-19 04:19:26,2024-05-06 04:19:26,2024-05-06 06:19:26,,,Emergency,High,4 - Low,Authorize,Network,Infra Team,Vikram Joshi,Kolkata,IT,Active Directory,Backup policy change,No Conflict,Approved,Testing required,Apr-2024,Q2-2024
CHG0000873,2024-03-06 00:27:27,2024-03-26 00:27:27,2024-03-26 06:27:27,,,Normal,Low,4 - Low,Authorize,Security,Infra Team,Pooja Iyer,Delhi NCR,Sales,Firewall-01,OS patch deployment,No Conflict,Pending,Vendor dependency,Mar-2024,Q1-2024
CHG0000874,2024-06-30 07:20:47,2024-07-24 07:20:47,2024-07-24 11:20:47,,,Standard,High,4 - Low,Review,Email/Collaboration,L2 Support,Rohan Verma,Pune,Legal,Core Switch,Storage expansion,No Conflict,Approved,Vendor dependency,Jun-2024,Q2-2024
CHG0000875,2024-06-13 14:33:37,2024-06-25 14:33:37,2024-06-25 21:33:37,2024-06-25 14:36:37,2024-06-25 17:36:37,Standard,Medium,1 - Critical,Closed,Email/Collaboration,Security Ops,Priya Menon,Delhi NCR,Marketing,Load Balancer,OS patch deployment,No Conflict,Approved,Awaiting approval,Jun-2024,Q2-2024
CHG0000876,2024-07-09 19:44:24,2024-08-06 19:44:24,2024-08-06 22:44:24,2024-08-06 19:50:24,2024-08-06 20:50:24,Standard,Low,2 - High,Implement,Email/Collaboration,DB Admins,Pooja Iyer,Mumbai,IT,SAP Production,Backup policy change,No Conflict,Approved,Awaiting approval,Jul-2024,Q3-2024
CHG0000877,2024-07-04 16:42:24,2024-07-28 16:42:24,2024-07-28 22:42:24,2024-07-28 17:04:24,2024-07-28 18:04:24,Standard,High,1 - Critical,Closed,Security,L2 Support,Pooja Iyer,Chennai,IT,Core Switch,SSL certificate renewal,No Conflict,Pending,Testing required,Jul-2024,Q3-2024
CHG0000878,2024-10-09 20:55:31,2024-11-01 20:55:31,2024-11-02 03:55:31,,,Normal,High,4 - Low,Review,Access Management,Infra Team,Vikram Joshi,Chennai,Operations,Active Directory,OS patch deployment,No Conflict,Approved,Awaiting approval,Oct-2024,Q4-2024
CHG0000879,2024-11-22 08:52:15,2024-12-02 08:52:15,2024-12-02 13:52:15,2024-12-02 08:28:15,2024-12-02 14:28:15,Emergency,Low,1 - Critical,Implement,Network,App Support,Sneha Patil,Bangalore,Operations,Email Gateway,SSL certificate renewal,No Conflict,Approved,Testing required,Nov-2024,Q4-2024
CHG0000880,2024-07-06 23:00:27,2024-07-13 23:00:27,2024-07-14 01:00:27,2024-07-13 22:40:27,2024-07-14 00:40:27,Standard,High,4 - Low,Implement,Email/Collaboration,Network Ops,Rohan Verma,Delhi NCR,Marketing,Core Switch,Backup policy change,No Conflict,Pending,Awaiting approval,Jul-2024,Q3-2024
CHG0000881,2024-09-08 16:20:53,2024-09-28 16:20:53,2024-09-28 20:20:53,,,Normal,Medium,4 - Low,Authorize,Security,Network Ops,Sneha Patil,Kolkata,Legal,Firewall-01,Load balancer config,No Conflict,Approved,Testing required,Sep-2024,Q3-2024
CHG0000882,2024-11-10 15:22:02,2024-11-20 15:22:02,2024-11-20 21:22:02,,,Normal,Medium,3 - Medium,Authorize,Hardware,App Support,Amit Desai,Hyderabad,Marketing,Email Gateway,Middleware upgrade,No Conflict,Approved,Vendor dependency,Nov-2024,Q4-2024
CHG0000883,2024-02-28 01:29:38,2024-03-19 01:29:38,2024-03-19 09:29:38,,,Standard,High,4 - Low,Review,Email/Collaboration,Network Ops,Amit Desai,Hyderabad,Marketing,Email Gateway,Backup policy change,No Conflict,Pending,Testing required,Feb-2024,Q1-2024
CHG0000884,2024-07-08 19:52:54,2024-07-23 19:52:54,2024-07-24 01:52:54,,,Normal,Medium,3 - Medium,Cancelled,Application,DB Admins,Priya Menon,Pune,Sales,Load Balancer,Middleware upgrade,No Conflict,Approved,,Jul-2024,Q3-2024
CHG0000885,2024-01-22 12:52:09,2024-02-09 12:52:09,2024-02-09 19:52:09,2024-02-09 12:24:09,2024-02-09 13:24:09,Emergency,Medium,4 - Low,Closed,Hardware,DB Admins,Pooja Iyer,Delhi NCR,Finance,Core Switch,Storage expansion,No Conflict,Approved,Resource unavailable,Jan-2024,Q1-2024
CHG0000886,2024-04-01 02:12:37,2024-04-16 02:12:37,2024-04-16 07:12:37,2024-04-16 01:48:37,2024-04-16 05:48:37,Standard,Medium,1 - Critical,Implement,Security,Infra Team,Amit Desai,Chennai,Marketing,Firewall-01,Backup policy change,No Conflict,Approved,Vendor dependency,Apr-2024,Q2-2024
CHG0000887,2024-01-31 05:29:34,2024-02-16 05:29:34,2024-02-16 06:29:34,2024-02-16 05:05:34,2024-02-16 08:05:34,Emergency,Medium,3 - Medium,Implement,Database,Security Ops,Deepak Nair,Delhi NCR,HR,Firewall-01,DB migration,Conflict Detected,Rejected,Awaiting approval,Jan-2024,Q1-2024
CHG0000888,2024-11-15 10:03:42,2024-12-10 10:03:42,2024-12-10 17:03:42,,,Standard,Medium,4 - Low,Authorize,Hardware,DB Admins,Pooja Iyer,Bangalore,Operations,Core Switch,DR failover test,No Conflict,Approved,,Nov-2024,Q4-2024
CHG0000889,2024-05-12 22:01:59,2024-05-27 22:01:59,2024-05-27 23:01:59,2024-05-27 22:15:59,2024-05-28 05:15:59,Emergency,Low,3 - Medium,Closed,Software,L2 Support,Kavya Reddy,Bangalore,Finance,SAP Production,Middleware upgrade,No Conflict,Approved,Vendor dependency,May-2024,Q2-2024
CHG0000890,2024-01-25 07:11:34,2024-02-16 07:11:34,2024-02-16 13:11:34,,,Standard,Low,4 - Low,Review,Hardware,DB Admins,Vikram Joshi,Hyderabad,Procurement,SAP Production,DB migration,No Conflict,Rejected,Awaiting approval,Jan-2024,Q1-2024
CHG0000891,2024-05-09 18:53:56,2024-05-28 18:53:56,2024-05-29 00:53:56,,,Emergency,Medium,3 - Medium,Authorize,Hardware,L1 Support,Deepak Nair,Pune,Finance,Email Gateway,Firewall rule update,No Conflict,Rejected,Testing required,May-2024,Q2-2024
CHG0000892,2024-07-24 20:42:34,2024-08-21 20:42:34,2024-08-22 04:42:34,,,Normal,Medium,4 - Low,Review,Security,Infra Team,Vikram Joshi,Mumbai,HR,Core Switch,Firewall rule update,No Conflict,Approved,Awaiting approval,Jul-2024,Q3-2024
CHG0000893,2024-09-05 07:43:03,2024-09-13 07:43:03,2024-09-13 15:43:03,2024-09-13 07:55:03,2024-09-13 15:55:03,Emergency,Low,2 - High,Closed,Hardware,DB Admins,Priya Menon,Bangalore,IT,ERP Server,OS patch deployment,No Conflict,Rejected,Resource unavailable,Sep-2024,Q3-2024
CHG0000894,2024-03-16 22:33:50,2024-03-25 22:33:50,2024-03-25 23:33:50,,,Emergency,Medium,3 - Medium,Review,Network,L1 Support,Deepak Nair,Bangalore,Sales,Oracle DB,SSL certificate renewal,No Conflict,Approved,Awaiting approval,Mar-2024,Q1-2024
CHG0000895,2024-02-07 16:39:10,2024-03-05 16:39:10,2024-03-05 22:39:10,2024-03-05 17:01:10,2024-03-05 20:01:10,Emergency,Low,2 - High,Implement,Software,L2 Support,Deepak Nair,Delhi NCR,Finance,SAP Production,Storage expansion,No Conflict,Approved,Vendor dependency,Feb-2024,Q1-2024
CHG0000896,2024-02-12 17:05:53,2024-03-06 17:05:53,2024-03-06 21:05:53,,,Normal,Medium,1 - Critical,Authorize,Network,DB Admins,Priya Menon,Pune,Sales,VPN Gateway,DR failover test,No Conflict,Approved,Testing required,Feb-2024,Q1-2024
CHG0000897,2024-03-07 05:50:04,2024-04-01 05:50:04,2024-04-01 12:50:04,2024-04-01 05:37:04,2024-04-01 11:37:04,Standard,High,1 - Critical,Implement,Database,DB Admins,Anjali Singh,Mumbai,Legal,Email Gateway,SSL certificate renewal,No Conflict,Approved,Vendor dependency,Mar-2024,Q1-2024
CHG0000898,2024-11-27 20:57:05,2024-12-18 20:57:05,2024-12-18 23:57:05,2024-12-18 21:10:05,2024-12-19 01:10:05,Normal,Medium,1 - Critical,Closed,Hardware,L2 Support,Sneha Patil,Mumbai,Legal,CRM Application,DR failover test,No Conflict,Approved,Vendor dependency,Nov-2024,Q4-2024
CHG0000899,2024-05-09 22:01:14,2024-05-19 22:01:14,2024-05-20 06:01:14,,,Normal,Medium,2 - High,Cancelled,Security,DB Admins,Kavya Reddy,Chennai,Procurement,ERP Server,Network upgrade,No Conflict,Approved,Awaiting approval,May-2024,Q2-2024
CHG0000900,2024-01-25 17:07:42,2024-02-21 17:07:42,2024-02-21 21:07:42,,,Normal,High,4 - Low,Review,Access Management,L1 Support,Deepak Nair,Chennai,IT,Core Switch,Firewall rule update,No Conflict,Approved,Vendor dependency,Jan-2024,Q1-2024
CHG0000901,2024-10-21 17:30:23,2024-10-31 17:30:23,2024-11-01 00:30:23,2024-10-31 17:46:23,2024-10-31 21:46:23,Normal,High,4 - Low,Closed,Email/Collaboration,Infra Team,Anjali Singh,Pune,Sales,Oracle DB,OS patch deployment,No Conflict,Approved,Awaiting approval,Oct-2024,Q4-2024
CHG0000902,2024-07-11 09:26:32,2024-07-26 09:26:32,2024-07-26 11:26:32,2024-07-26 09:44:32,2024-07-26 11:44:32,Emergency,Low,2 - High,Closed,Access Management,Infra Team,Kavya Reddy,Chennai,Sales,Oracle DB,SSL certificate renewal,Conflict Detected,Approved,,Jul-2024,Q3-2024
CHG0000903,2024-12-23 00:38:51,2025-01-13 00:38:51,2025-01-13 07:38:51,,,Normal,Medium,1 - Critical,Authorize,Security,L1 Support,Deepak Nair,Mumbai,Finance,SAP Production,DR failover test,No Conflict,Approved,Vendor dependency,Dec-2024,Q4-2024
CHG0000904,2024-11-26 00:51:42,2024-12-17 00:51:42,2024-12-17 07:51:42,,,Emergency,High,3 - Medium,Review,Security,Infra Team,Rahul Sharma,Chennai,Finance,Email Gateway,SSL certificate renewal,No Conflict,Approved,Testing required,Nov-2024,Q4-2024
CHG0000905,2024-11-17 05:12:30,2024-12-09 05:12:30,2024-12-09 10:12:30,,,Emergency,Medium,3 - Medium,Authorize,Database,App Support,Deepak Nair,Bangalore,Finance,Active Directory,Middleware upgrade,No Conflict,Approved,Testing required,Nov-2024,Q4-2024
CHG0000906,2024-07-07 04:20:18,2024-07-24 04:20:18,2024-07-24 05:20:18,2024-07-24 03:55:18,2024-07-24 11:55:18,Standard,Medium,2 - High,Closed,Database,L1 Support,Deepak Nair,Kolkata,Legal,Email Gateway,Firewall rule update,No Conflict,Approved,Resource unavailable,Jul-2024,Q3-2024
CHG0000907,2024-11-17 05:05:48,2024-12-10 05:05:48,2024-12-10 13:05:48,2024-12-10 04:47:48,2024-12-10 06:47:48,Standard,Low,4 - Low,Implement,Network,App Support,Rohan Verma,Bangalore,Operations,VPN Gateway,Network upgrade,No Conflict,Approved,Testing required,Nov-2024,Q4-2024
CHG0000908,2024-02-24 10:09:43,2024-03-21 10:09:43,2024-03-21 11:09:43,2024-03-21 10:13:43,2024-03-21 14:13:43,Emergency,Low,2 - High,Implement,Database,L2 Support,Amit Desai,Hyderabad,Sales,ERP Server,Load balancer config,Conflict Detected,Approved,Testing required,Feb-2024,Q1-2024
CHG0000909,2024-10-29 21:08:11,2024-11-26 21:08:11,2024-11-27 04:08:11,2024-11-26 21:28:11,2024-11-26 23:28:11,Standard,Low,3 - Medium,Closed,Application,Infra Team,Amit Desai,Mumbai,Legal,Core Switch,Backup policy change,No Conflict,Approved,Resource unavailable,Oct-2024,Q4-2024
CHG0000910,2024-05-03 13:43:08,2024-05-17 13:43:08,2024-05-17 19:43:08,,,Normal,Low,3 - Medium,Review,Software,L2 Support,Amit Desai,Pune,Finance,CRM Application,Network upgrade,No Conflict,Approved,Vendor dependency,May-2024,Q2-2024
CHG0000911,2024-01-07 19:18:32,2024-01-25 19:18:32,2024-01-25 21:18:32,2024-01-25 19:14:32,2024-01-25 22:14:32,Standard,Medium,1 - Critical,Closed,Email/Collaboration,L2 Support,Sneha Patil,Delhi NCR,Procurement,VPN Gateway,Load balancer config,No Conflict,Rejected,Awaiting approval,Jan-2024,Q1-2024
CHG0000912,2024-05-26 13:01:08,2024-06-12 13:01:08,2024-06-12 15:01:08,2024-06-12 12:54:08,2024-06-12 19:54:08,Standard,High,1 - Critical,Closed,Software,DB Admins,Sneha Patil,Mumbai,Operations,Oracle DB,Backup policy change,No Conflict,Approved,Testing required,May-2024,Q2-2024
CHG0000913,2024-11-30 16:46:19,2024-12-26 16:46:19,2024-12-26 18:46:19,,,Emergency,Low,1 - Critical,Cancelled,Software,L2 Support,Rohan Verma,Mumbai,Legal,Email Gateway,DB migration,No Conflict,Rejected,Vendor dependency,Nov-2024,Q4-2024
CHG0000914,2024-10-05 06:51:32,2024-10-29 06:51:32,2024-10-29 07:51:32,2024-10-29 07:12:32,2024-10-29 11:12:32,Emergency,Medium,2 - High,Implement,Database,L2 Support,Sneha Patil,Hyderabad,Procurement,ERP Server,Firewall rule update,No Conflict,Approved,Testing required,Oct-2024,Q4-2024
CHG0000915,2024-10-17 21:50:15,2024-10-27 21:50:15,2024-10-28 01:50:15,2024-10-27 22:08:15,2024-10-28 00:08:15,Emergency,High,4 - Low,Closed,Email/Collaboration,Network Ops,Priya Menon,Hyderabad,HR,ERP Server,Firewall rule update,No Conflict,Approved,Testing required,Oct-2024,Q4-2024
CHG0000916,2024-06-02 09:55:18,2024-06-20 09:55:18,2024-06-20 11:55:18,,,Emergency,Low,1 - Critical,Authorize,Network,Network Ops,Rahul Sharma,Hyderabad,HR,Oracle DB,DR failover test,No Conflict,Approved,Resource unavailable,Jun-2024,Q2-2024
CHG0000917,2024-08-08 07:57:57,2024-08-15 07:57:57,2024-08-15 13:57:57,,,Standard,Low,2 - High,Review,Security,Infra Team,Rahul Sharma,Chennai,Procurement,VPN Gateway,SSL certificate renewal,No Conflict,Approved,,Aug-2024,Q3-2024
CHG0000918,2024-06-04 17:21:34,2024-06-23 17:21:34,2024-06-23 22:21:34,2024-06-23 17:38:34,2024-06-24 01:38:34,Standard,Medium,1 - Critical,Implement,Software,Network Ops,Anjali Singh,Delhi NCR,Legal,Firewall-01,DR failover test,No Conflict,Pending,Vendor dependency,Jun-2024,Q2-2024
CHG0000919,2024-10-27 00:31:10,2024-11-13 00:31:10,2024-11-13 03:31:10,2024-11-13 00:25:10,2024-11-13 04:25:10,Emergency,High,1 - Critical,Closed,Database,Network Ops,Rohan Verma,Delhi NCR,Procurement,ERP Server,Load balancer config,No Conflict,Pending,Vendor dependency,Oct-2024,Q4-2024
CHG0000920,2024-07-14 12:57:53,2024-08-09 12:57:53,2024-08-09 15:57:53,2024-08-09 13:11:53,2024-08-09 18:11:53,Emergency,Medium,3 - Medium,Closed,Hardware,App Support,Rohan Verma,Chennai,Marketing,Firewall-01,Firewall rule update,No Conflict,Pending,Vendor dependency,Jul-2024,Q3-2024
CHG0000921,2024-10-03 00:48:50,2024-10-18 00:48:50,2024-10-18 01:48:50,2024-10-18 00:51:50,2024-10-18 04:51:50,Standard,High,3 - Medium,Closed,Security,App Support,Anjali Singh,Bangalore,Procurement,Active Directory,Firewall rule update,No Conflict,Pending,,Oct-2024,Q4-2024
CHG0000922,2024-01-20 17:23:56,2024-01-27 17:23:56,2024-01-28 00:23:56,2024-01-27 17:43:56,2024-01-27 21:43:56,Emergency,Low,1 - Critical,Closed,Software,App Support,Priya Menon,Hyderabad,Marketing,Firewall-01,Load balancer config,No Conflict,Pending,Awaiting approval,Jan-2024,Q1-2024
CHG0000923,2024-08-07 07:35:25,2024-09-02 07:35:25,2024-09-02 09:35:25,,,Emergency,Low,2 - High,Cancelled,Email/Collaboration,L2 Support,Deepak Nair,Hyderabad,Finance,Core Switch,Network upgrade,Conflict Detected,Pending,Vendor dependency,Aug-2024,Q3-2024
CHG0000924,2024-10-22 18:39:06,2024-11-04 18:39:06,2024-11-05 02:39:06,2024-11-04 18:24:06,2024-11-04 22:24:06,Standard,High,4 - Low,Closed,Software,Security Ops,Rohan Verma,Hyderabad,IT,VPN Gateway,DR failover test,No Conflict,Approved,Awaiting approval,Oct-2024,Q4-2024
CHG0000925,2024-07-12 00:47:24,2024-08-02 00:47:24,2024-08-02 06:47:24,2024-08-02 00:53:24,2024-08-02 02:53:24,Emergency,High,1 - Critical,Closed,Application,App Support,Amit Desai,Mumbai,HR,Active Directory,DB migration,No Conflict,Approved,Testing required,Jul-2024,Q3-2024
CHG0000926,2024-03-13 19:00:32,2024-04-08 19:00:32,2024-04-09 00:00:32,,,Normal,Medium,4 - Low,Cancelled,Security,L1 Support,Priya Menon,Delhi NCR,HR,CRM Application,SSL certificate renewal,No Conflict,Approved,,Mar-2024,Q1-2024
CHG0000927,2024-12-30 20:53:24,2025-01-16 20:53:24,2025-01-16 23:53:24,2025-01-16 20:35:24,2025-01-16 22:35:24,Standard,High,3 - Medium,Closed,Software,Infra Team,Vikram Joshi,Chennai,Operations,VPN Gateway,Network upgrade,No Conflict,Approved,Testing required,Dec-2024,Q4-2024
CHG0000928,2024-04-24 08:26:40,2024-05-19 08:26:40,2024-05-19 12:26:40,2024-05-19 07:59:40,2024-05-19 13:59:40,Normal,Low,1 - Critical,Implement,Email/Collaboration,Network Ops,Deepak Nair,Kolkata,Legal,Oracle DB,DR failover test,No Conflict,Pending,Resource unavailable,Apr-2024,Q2-2024
CHG0000929,2024-07-21 10:53:42,2024-08-06 10:53:42,2024-08-06 12:53:42,2024-08-06 11:18:42,2024-08-06 12:18:42,Normal,Medium,1 - Critical,Implement,Security,App Support,Kavya Reddy,Bangalore,IT,Email Gateway,Firewall rule update,No Conflict,Approved,,Jul-2024,Q3-2024
CHG0000930,2024-02-18 21:24:29,2024-03-15 21:24:29,2024-03-16 04:24:29,2024-03-15 21:44:29,2024-03-16 02:44:29,Standard,Low,1 - Critical,Implement,Email/Collaboration,App Support,Rahul Sharma,Chennai,Legal,VPN Gateway,Firewall rule update,No Conflict,Approved,Awaiting approval,Feb-2024,Q1-2024
CHG0000931,2024-02-17 08:07:02,2024-03-12 08:07:02,2024-03-12 09:07:02,2024-03-12 08:13:02,2024-03-12 11:13:02,Standard,Low,4 - Low,Implement,Access Management,L1 Support,Rohan Verma,Pune,Operations,Active Directory,Backup policy change,No Conflict,Approved,,Feb-2024,Q1-2024
CHG0000932,2024-01-19 08:10:08,2024-02-11 08:10:08,2024-02-11 14:10:08,2024-02-11 07:55:08,2024-02-11 15:55:08,Normal,Low,4 - Low,Closed,Software,Infra Team,Pooja Iyer,Delhi NCR,Sales,Load Balancer,Middleware upgrade,No Conflict,Pending,Testing required,Jan-2024,Q1-2024
CHG0000933,2024-03-26 22:19:36,2024-04-03 22:19:36,2024-04-04 01:19:36,2024-04-03 22:14:36,2024-04-04 00:14:36,Standard,Low,3 - Medium,Closed,Hardware,DB Admins,Rahul Sharma,Mumbai,Marketing,Oracle DB,SSL certificate renewal,No Conflict,Approved,,Mar-2024,Q1-2024
CHG0000934,2024-09-20 19:23:47,2024-10-12 19:23:47,2024-10-13 00:23:47,2024-10-12 19:09:47,2024-10-12 21:09:47,Standard,Medium,1 - Critical,Closed,Security,App Support,Kavya Reddy,Mumbai,Operations,Email Gateway,OS patch deployment,No Conflict,Approved,,Sep-2024,Q3-2024
CHG0000935,2024-09-28 23:01:09,2024-10-11 23:01:09,2024-10-12 03:01:09,2024-10-11 22:55:09,2024-10-12 05:55:09,Emergency,Low,1 - Critical,Implement,Hardware,L1 Support,Vikram Joshi,Bangalore,Operations,SAP Production,DR failover test,Conflict Detected,Approved,Testing required,Sep-2024,Q3-2024
CHG0000936,2024-02-13 18:17:04,2024-03-09 18:17:04,2024-03-09 21:17:04,2024-03-09 18:15:04,2024-03-10 01:15:04,Normal,Medium,4 - Low,Implement,Application,Security Ops,Kavya Reddy,Hyderabad,Sales,Firewall-01,Network upgrade,No Conflict,Approved,Awaiting approval,Feb-2024,Q1-2024
CHG0000937,2024-01-02 22:26:34,2024-01-27 22:26:34,2024-01-27 23:26:34,2024-01-27 22:55:34,2024-01-28 03:55:34,Normal,High,4 - Low,Implement,Network,App Support,Pooja Iyer,Hyderabad,HR,Load Balancer,Backup policy change,No Conflict,Approved,Vendor dependency,Jan-2024,Q1-2024
CHG0000938,2024-02-18 04:39:28,2024-03-14 04:39:28,2024-03-14 11:39:28,2024-03-14 04:36:28,2024-03-14 07:36:28,Standard,Low,4 - Low,Closed,Network,Infra Team,Sneha Patil,Hyderabad,Sales,Email Gateway,Load balancer config,No Conflict,Approved,,Feb-2024,Q1-2024
CHG0000939,2024-10-18 08:15:56,2024-10-26 08:15:56,2024-10-26 15:15:56,2024-10-26 08:09:56,2024-10-26 10:09:56,Standard,Low,4 - Low,Closed,Email/Collaboration,Security Ops,Rohan Verma,Chennai,Sales,Load Balancer,Firewall rule update,No Conflict,Approved,Vendor dependency,Oct-2024,Q4-2024
CHG0000940,2024-04-03 09:52:37,2024-04-10 09:52:37,2024-04-10 16:52:37,2024-04-10 09:24:37,2024-04-10 11:24:37,Emergency,Medium,3 - Medium,Closed,Access Management,Security Ops,Deepak Nair,Bangalore,Finance,Core Switch,OS patch deployment,No Conflict,Approved,Resource unavailable,Apr-2024,Q2-2024
CHG0000941,2024-09-20 06:30:08,2024-10-09 06:30:08,2024-10-09 11:30:08,,,Standard,Medium,2 - High,Authorize,Security,Security Ops,Priya Menon,Delhi NCR,Sales,ERP Server,Firewall rule update,No Conflict,Pending,Testing required,Sep-2024,Q3-2024
CHG0000942,2024-02-03 05:00:47,2024-02-13 05:00:47,2024-02-13 12:00:47,,,Standard,High,2 - High,Authorize,Network,App Support,Kavya Reddy,Kolkata,Procurement,Oracle DB,Backup policy change,No Conflict,Approved,Vendor dependency,Feb-2024,Q1-2024
CHG0000943,2024-06-13 02:10:22,2024-07-07 02:10:22,2024-07-07 05:10:22,,,Normal,High,4 - Low,Authorize,Network,Network Ops,Sneha Patil,Kolkata,Sales,Firewall-01,Backup policy change,No Conflict,Approved,Vendor dependency,Jun-2024,Q2-2024
CHG0000944,2024-12-04 06:54:17,2024-12-18 06:54:17,2024-12-18 08:54:17,,,Normal,High,1 - Critical,Review,Database,DB Admins,Kavya Reddy,Hyderabad,HR,Firewall-01,DR failover test,No Conflict,Approved,Vendor dependency,Dec-2024,Q4-2024
CHG0000945,2024-10-03 06:51:36,2024-10-18 06:51:36,2024-10-18 14:51:36,,,Normal,Medium,2 - High,Review,Network,Infra Team,Anjali Singh,Bangalore,Finance,Email Gateway,Backup policy change,No Conflict,Approved,Vendor dependency,Oct-2024,Q4-2024
CHG0000946,2024-12-17 01:25:20,2025-01-12 01:25:20,2025-01-12 08:25:20,2025-01-12 01:12:20,2025-01-12 03:12:20,Normal,Medium,3 - Medium,Closed,Security,Infra Team,Amit Desai,Kolkata,IT,Load Balancer,Firewall rule update,No Conflict,Pending,Vendor dependency,Dec-2024,Q4-2024
CHG0000947,2024-09-14 15:06:56,2024-10-04 15:06:56,2024-10-04 18:06:56,2024-10-04 15:28:56,2024-10-04 16:28:56,Normal,Low,1 - Critical,Closed,Database,L1 Support,Sneha Patil,Delhi NCR,Sales,Core Switch,Load balancer config,No Conflict,Approved,Vendor dependency,Sep-2024,Q3-2024
CHG0000948,2024-09-24 07:14:45,2024-10-02 07:14:45,2024-10-02 10:14:45,,,Emergency,Medium,3 - Medium,Review,Email/Collaboration,Infra Team,Vikram Joshi,Hyderabad,HR,Email Gateway,Firewall rule update,Conflict Detected,Approved,Awaiting approval,Sep-2024,Q3-2024
CHG0000949,2024-09-06 17:59:04,2024-09-30 17:59:04,2024-10-01 00:59:04,2024-09-30 17:38:04,2024-09-30 21:38:04,Emergency,High,1 - Critical,Implement,Database,DB Admins,Kavya Reddy,Mumbai,Sales,ERP Server,Load balancer config,No Conflict,Approved,Awaiting approval,Sep-2024,Q3-2024
CHG0000950,2024-07-17 03:57:25,2024-08-07 03:57:25,2024-08-07 11:57:25,2024-08-07 04:09:25,2024-08-07 05:09:25,Emergency,Low,4 - Low,Closed,Software,L1 Support,Pooja Iyer,Bangalore,Operations,Email Gateway,SSL certificate renewal,No Conflict,Approved,Resource unavailable,Jul-2024,Q3-2024
CHG0000951,2024-03-07 10:22:32,2024-03-26 10:22:32,2024-03-26 15:22:32,2024-03-26 10:31:32,2024-03-26 18:31:32,Normal,High,2 - High,Closed,Security,DB Admins,Priya Menon,Pune,Procurement,Firewall-01,Network upgrade,No Conflict,Pending,Awaiting approval,Mar-2024,Q1-2024
CHG0000952,2024-03-02 19:48:19,2024-03-14 19:48:19,2024-03-15 01:48:19,,,Normal,Medium,3 - Medium,Review,Software,L1 Support,Vikram Joshi,Chennai,Finance,Load Balancer,Backup policy change,No Conflict,Rejected,Testing required,Mar-2024,Q1-2024
CHG0000953,2024-08-02 10:39:03,2024-08-27 10:39:03,2024-08-27 17:39:03,,,Emergency,Low,4 - Low,Review,Email/Collaboration,L1 Support,Pooja Iyer,Kolkata,HR,Load Balancer,Firewall rule update,No Conflict,Approved,,Aug-2024,Q3-2024
CHG0000954,2024-05-22 07:24:33,2024-06-02 07:24:33,2024-06-02 15:24:33,2024-06-02 07:42:33,2024-06-02 11:42:33,Emergency,High,3 - Medium,Implement,Network,Infra Team,Rahul Sharma,Bangalore,Operations,CRM Application,DB migration,No Conflict,Approved,,May-2024,Q2-2024
CHG0000955,2024-02-07 18:25:26,2024-03-02 18:25:26,2024-03-02 19:25:26,,,Standard,Medium,4 - Low,Review,Database,L2 Support,Priya Menon,Chennai,Sales,VPN Gateway,DB migration,Conflict Detected,Approved,Testing required,Feb-2024,Q1-2024
CHG0000956,2024-05-17 02:03:04,2024-05-24 02:03:04,2024-05-24 04:03:04,2024-05-24 02:02:04,2024-05-24 08:02:04,Normal,Medium,4 - Low,Closed,Security,Network Ops,Rohan Verma,Chennai,HR,Core Switch,SSL certificate renewal,No Conflict,Approved,Vendor dependency,May-2024,Q2-2024
CHG0000957,2024-04-24 14:25:57,2024-05-01 14:25:57,2024-05-01 22:25:57,2024-05-01 14:52:57,2024-05-01 22:52:57,Standard,Low,3 - Medium,Implement,Software,Infra Team,Priya Menon,Chennai,Operations,Active Directory,DR failover test,No Conflict,Approved,Vendor dependency,Apr-2024,Q2-2024
CHG0000958,2024-05-24 04:51:11,2024-06-17 04:51:11,2024-06-17 05:51:11,,,Emergency,Low,2 - High,Authorize,Database,Infra Team,Sneha Patil,Pune,Finance,Firewall-01,Backup policy change,Conflict Detected,Approved,Resource unavailable,May-2024,Q2-2024
CHG0000959,2024-06-20 04:44:37,2024-07-05 04:44:37,2024-07-05 05:44:37,,,Standard,Medium,2 - High,Authorize,Security,App Support,Deepak Nair,Pune,Procurement,ERP Server,DB migration,No Conflict,Approved,Vendor dependency,Jun-2024,Q2-2024
CHG0000960,2024-10-03 17:11:32,2024-10-17 17:11:32,2024-10-17 18:11:32,2024-10-17 16:56:32,2024-10-17 18:56:32,Emergency,Low,3 - Medium,Implement,Security,Infra Team,Anjali Singh,Chennai,Marketing,Firewall-01,OS patch deployment,No Conflict,Approved,Resource unavailable,Oct-2024,Q4-2024
CHG0000961,2024-09-13 06:52:22,2024-10-09 06:52:22,2024-10-09 11:52:22,,,Standard,Medium,1 - Critical,Authorize,Network,Security Ops,Rohan Verma,Kolkata,Finance,Email Gateway,SSL certificate renewal,No Conflict,Rejected,,Sep-2024,Q3-2024
CHG0000962,2024-02-15 05:30:29,2024-03-14 05:30:29,2024-03-14 07:30:29,2024-03-14 05:41:29,2024-03-14 08:41:29,Emergency,Low,3 - Medium,Implement,Database,App Support,Amit Desai,Bangalore,Sales,Firewall-01,Storage expansion,No Conflict,Pending,Testing required,Feb-2024,Q1-2024
CHG0000963,2024-03-31 12:51:51,2024-04-13 12:51:51,2024-04-13 14:51:51,2024-04-13 12:43:51,2024-04-13 20:43:51,Standard,High,2 - High,Implement,Database,Security Ops,Rohan Verma,Mumbai,Finance,Core Switch,Storage expansion,No Conflict,Approved,Vendor dependency,Mar-2024,Q1-2024
CHG0000964,2024-01-05 17:29:05,2024-02-01 17:29:05,2024-02-01 23:29:05,2024-02-01 17:58:05,2024-02-01 23:58:05,Normal,Medium,3 - Medium,Implement,Database,L2 Support,Rohan Verma,Bangalore,Operations,Oracle DB,Firewall rule update,No Conflict,Approved,Resource unavailable,Jan-2024,Q1-2024
CHG0000965,2024-08-14 21:36:42,2024-09-11 21:36:42,2024-09-12 03:36:42,2024-09-11 22:03:42,2024-09-12 03:03:42,Standard,Medium,1 - Critical,Closed,Network,App Support,Rohan Verma,Mumbai,Legal,Oracle DB,Load balancer config,No Conflict,Approved,,Aug-2024,Q3-2024
CHG0000966,2024-11-17 03:49:44,2024-12-15 03:49:44,2024-12-15 11:49:44,,,Standard,High,3 - Medium,Authorize,Network,Infra Team,Sneha Patil,Mumbai,Marketing,VPN Gateway,Storage expansion,No Conflict,Approved,,Nov-2024,Q4-2024
CHG0000967,2024-06-20 13:23:58,2024-07-02 13:23:58,2024-07-02 19:23:58,,,Standard,High,3 - Medium,Authorize,Software,Infra Team,Rohan Verma,Delhi NCR,Legal,CRM Application,OS patch deployment,No Conflict,Approved,,Jun-2024,Q2-2024
CHG0000968,2024-03-23 09:52:26,2024-04-08 09:52:26,2024-04-08 13:52:26,2024-04-08 09:47:26,2024-04-08 14:47:26,Standard,Low,3 - Medium,Closed,Hardware,App Support,Rohan Verma,Chennai,Finance,SAP Production,Storage expansion,Conflict Detected,Approved,,Mar-2024,Q1-2024
CHG0000969,2024-09-13 11:29:57,2024-10-06 11:29:57,2024-10-06 14:29:57,,,Emergency,Medium,1 - Critical,Review,Software,Infra Team,Vikram Joshi,Pune,HR,Load Balancer,Network upgrade,No Conflict,Approved,Awaiting approval,Sep-2024,Q3-2024
CHG0000970,2024-07-30 23:28:36,2024-08-18 23:28:36,2024-08-19 01:28:36,2024-08-18 23:16:36,2024-08-19 07:16:36,Standard,Low,4 - Low,Implement,Access Management,Infra Team,Rohan Verma,Delhi NCR,Finance,Active Directory,DR failover test,No Conflict,Approved,Testing required,Jul-2024,Q3-2024
CHG0000971,2025-06-22 10:37:44,2025-07-20 10:37:44,2025-07-20 15:37:44,2025-07-20 11:06:44,2025-07-20 19:06:44,Emergency,Low,2 - High,Closed,Application,DB Admins,Rahul Sharma,Hyderabad,Sales,Core Switch,Load balancer config,No Conflict,Approved,Testing required,Jun-2025,Q2-2025
CHG0000972,2025-06-28 10:58:38,2025-07-10 10:58:38,2025-07-10 15:58:38,2025-07-10 10:31:38,2025-07-10 18:31:38,Emergency,High,4 - Low,Closed,Software,L2 Support,Sneha Patil,Bangalore,Operations,SAP Production,DB migration,No Conflict,Pending,Testing required,Jun-2025,Q2-2025
CHG0000973,2025-04-13 03:34:13,2025-05-05 03:34:13,2025-05-05 06:34:13,,,Normal,High,4 - Low,Review,Access Management,App Support,Kavya Reddy,Chennai,HR,CRM Application,SSL certificate renewal,Conflict Detected,Pending,,Apr-2025,Q2-2025
CHG0000974,2025-08-17 19:25:40,2025-08-26 19:25:40,2025-08-27 02:25:40,,,Normal,Low,3 - Medium,Cancelled,Software,Security Ops,Pooja Iyer,Delhi NCR,IT,CRM Application,Firewall rule update,Conflict Detected,Approved,Testing required,Aug-2025,Q3-2025
CHG0000975,2025-12-14 06:19:04,2025-12-31 06:19:04,2025-12-31 14:19:04,,,Normal,Medium,2 - High,Authorize,Access Management,App Support,Sneha Patil,Pune,HR,SAP Production,Middleware upgrade,No Conflict,Rejected,Testing required,Dec-2025,Q4-2025
CHG0000976,2025-03-11 16:09:33,2025-03-24 16:09:33,2025-03-24 22:09:33,2025-03-24 16:08:33,2025-03-24 20:08:33,Emergency,Medium,1 - Critical,Implement,Hardware,L1 Support,Vikram Joshi,Chennai,Procurement,CRM Application,Network upgrade,No Conflict,Approved,Awaiting approval,Mar-2025,Q1-2025
CHG0000977,2025-09-15 14:32:10,2025-09-25 14:32:10,2025-09-25 15:32:10,2025-09-25 14:45:10,2025-09-25 19:45:10,Standard,Medium,2 - High,Implement,Hardware,Network Ops,Priya Menon,Bangalore,IT,Email Gateway,OS patch deployment,No Conflict,Approved,,Sep-2025,Q3-2025
CHG0000978,2025-01-13 11:31:19,2025-02-10 11:31:19,2025-02-10 17:31:19,,,Emergency,Low,1 - Critical,Review,Software,DB Admins,Kavya Reddy,Chennai,Finance,Oracle DB,Network upgrade,No Conflict,Approved,Resource unavailable,Jan-2025,Q1-2025
CHG0000979,2025-12-20 17:28:27,2025-12-31 17:28:27,2025-12-31 18:28:27,2025-12-31 17:38:27,2025-12-31 21:38:27,Normal,Medium,2 - High,Closed,Access Management,App Support,Rahul Sharma,Bangalore,Sales,SAP Production,Storage expansion,No Conflict,Approved,Vendor dependency,Dec-2025,Q4-2025
CHG0000980,2025-04-26 07:20:54,2025-05-16 07:20:54,2025-05-16 11:20:54,,,Normal,Low,3 - Medium,Review,Database,Infra Team,Vikram Joshi,Delhi NCR,HR,Oracle DB,Backup policy change,No Conflict,Approved,Testing required,Apr-2025,Q2-2025
CHG0000981,2025-05-06 19:37:02,2025-05-14 19:37:02,2025-05-14 21:37:02,2025-05-14 19:19:02,2025-05-14 20:19:02,Standard,High,2 - High,Implement,Hardware,L2 Support,Anjali Singh,Pune,Finance,Core Switch,Firewall rule update,No Conflict,Approved,Awaiting approval,May-2025,Q2-2025
CHG0000982,2025-09-24 06:37:33,2025-10-05 06:37:33,2025-10-05 13:37:33,,,Emergency,High,3 - Medium,Authorize,Security,App Support,Deepak Nair,Pune,Procurement,Active Directory,DB migration,No Conflict,Approved,Resource unavailable,Sep-2025,Q3-2025
CHG0000983,2025-04-06 11:58:06,2025-05-01 11:58:06,2025-05-01 19:58:06,2025-05-01 12:26:06,2025-05-01 16:26:06,Standard,Low,3 - Medium,Implement,Security,Infra Team,Pooja Iyer,Pune,IT,SAP Production,Firewall rule update,No Conflict,Approved,,Apr-2025,Q2-2025
CHG0000984,2025-03-16 05:33:14,2025-04-05 05:33:14,2025-04-05 09:33:14,2025-04-05 05:37:14,2025-04-05 10:37:14,Emergency,Medium,4 - Low,Implement,Database,L1 Support,Rahul Sharma,Chennai,Operations,VPN Gateway,DR failover test,No Conflict,Approved,Awaiting approval,Mar-2025,Q1-2025
CHG0000985,2025-08-31 13:58:52,2025-09-27 13:58:52,2025-09-27 14:58:52,,,Emergency,Low,2 - High,Review,Network,Infra Team,Amit Desai,Bangalore,Operations,VPN Gateway,OS patch deployment,No Conflict,Approved,Resource unavailable,Aug-2025,Q3-2025
CHG0000986,2025-08-13 15:13:23,2025-09-03 15:13:23,2025-09-03 22:13:23,2025-09-03 14:44:23,2025-09-03 22:44:23,Normal,Low,1 - Critical,Closed,Email/Collaboration,Network Ops,Sneha Patil,Pune,Legal,Active Directory,Load balancer config,No Conflict,Approved,Testing required,Aug-2025,Q3-2025
CHG0000987,2025-10-26 13:13:02,2025-11-04 13:13:02,2025-11-04 18:13:02,2025-11-04 13:42:02,2025-11-04 14:42:02,Normal,High,1 - Critical,Closed,Software,L2 Support,Anjali Singh,Chennai,Legal,Active Directory,Backup policy change,No Conflict,Approved,,Oct-2025,Q4-2025
CHG0000988,2025-05-13 09:43:44,2025-06-09 09:43:44,2025-06-09 16:43:44,2025-06-09 10:04:44,2025-06-09 13:04:44,Normal,Low,2 - High,Implement,Access Management,DB Admins,Rohan Verma,Delhi NCR,Procurement,Oracle DB,OS patch deployment,No Conflict,Approved,Awaiting approval,May-2025,Q2-2025
CHG0000989,2025-10-23 07:07:43,2025-11-03 07:07:43,2025-11-03 09:07:43,,,Emergency,Medium,1 - Critical,Authorize,Email/Collaboration,Network Ops,Rohan Verma,Kolkata,Sales,Active Directory,Middleware upgrade,No Conflict,Pending,Testing required,Oct-2025,Q4-2025
CHG0000990,2025-04-28 15:16:43,2025-05-23 15:16:43,2025-05-23 20:16:43,2025-05-23 15:44:43,2025-05-23 20:44:43,Emergency,Medium,2 - High,Closed,Database,App Support,Rahul Sharma,Kolkata,Sales,Oracle DB,DB migration,No Conflict,Rejected,,Apr-2025,Q2-2025
CHG0000991,2025-01-23 21:37:15,2025-01-30 21:37:15,2025-01-31 02:37:15,,,Emergency,Medium,3 - Medium,Authorize,Security,Network Ops,Deepak Nair,Chennai,IT,Oracle DB,Firewall rule update,No Conflict,Approved,Testing required,Jan-2025,Q1-2025
CHG0000992,2025-03-02 13:52:53,2025-03-25 13:52:53,2025-03-25 16:52:53,,,Normal,Medium,2 - High,Review,Application,Security Ops,Rohan Verma,Chennai,Finance,SAP Production,Load balancer config,No Conflict,Approved,Testing required,Mar-2025,Q1-2025
CHG0000993,2025-03-06 19:16:23,2025-03-30 19:16:23,2025-03-31 01:16:23,2025-03-30 19:18:23,2025-03-31 00:18:23,Normal,Medium,4 - Low,Closed,Security,Infra Team,Deepak Nair,Bangalore,Legal,Active Directory,Load balancer config,No Conflict,Approved,Awaiting approval,Mar-2025,Q1-2025
CHG0000994,2025-01-18 00:01:27,2025-02-09 00:01:27,2025-02-09 04:01:27,,,Normal,High,3 - Medium,Cancelled,Hardware,Network Ops,Anjali Singh,Mumbai,Procurement,Core Switch,SSL certificate renewal,Conflict Detected,Approved,,Jan-2025,Q1-2025
CHG0000995,2025-02-28 08:02:11,2025-03-09 08:02:11,2025-03-09 16:02:11,,,Emergency,Low,2 - High,Review,Hardware,App Support,Amit Desai,Pune,Finance,Firewall-01,Firewall rule update,No Conflict,Approved,Awaiting approval,Feb-2025,Q1-2025
CHG0000996,2025-07-09 15:40:10,2025-07-27 15:40:10,2025-07-27 20:40:10,,,Normal,Low,2 - High,Review,Software,Security Ops,Priya Menon,Delhi NCR,Marketing,Firewall-01,SSL certificate renewal,No Conflict,Approved,Testing required,Jul-2025,Q3-2025
CHG0000997,2025-06-26 02:13:42,2025-07-09 02:13:42,2025-07-09 09:13:42,,,Emergency,High,3 - Medium,Review,Application,Security Ops,Priya Menon,Pune,Marketing,Firewall-01,Firewall rule update,No Conflict,Approved,Awaiting approval,Jun-2025,Q2-2025
CHG0000998,2025-01-28 06:23:57,2025-02-18 06:23:57,2025-02-18 07:23:57,2025-02-18 06:35:57,2025-02-18 13:35:57,Standard,Medium,2 - High,Implement,Security,Infra Team,Kavya Reddy,Hyderabad,Legal,ERP Server,SSL certificate renewal,No Conflict,Approved,Vendor dependency,Jan-2025,Q1-2025
CHG0000999,2025-11-09 22:19:36,2025-11-26 22:19:36,2025-11-27 01:19:36,,,Emergency,Medium,3 - Medium,Review,Software,App Support,Kavya Reddy,Kolkata,Sales,Oracle DB,Storage expansion,No Conflict,Approved,,Nov-2025,Q4-2025
CHG0001000,2025-09-27 23:50:42,2025-10-05 23:50:42,2025-10-06 07:50:42,2025-10-05 23:47:42,2025-10-06 05:47:42,Normal,Low,3 - Medium,Implement,Hardware,App Support,Amit Desai,Mumbai,Legal,CRM Application,Load balancer config,No Conflict,Pending,Resource unavailable,Sep-2025,Q3-2025
CHG0001001,2025-08-04 23:11:03,2025-08-14 23:11:03,2025-08-15 05:11:03,,,Normal,Low,1 - Critical,Review,Hardware,Infra Team,Sneha Patil,Pune,Operations,CRM Application,DR failover test,No Conflict,Pending,Awaiting approval,Aug-2025,Q3-2025
CHG0001002,2025-07-24 09:04:30,2025-08-12 09:04:30,2025-08-12 10:04:30,2025-08-12 09:17:30,2025-08-12 13:17:30,Normal,Low,4 - Low,Closed,Software,DB Admins,Priya Menon,Chennai,Legal,CRM Application,Middleware upgrade,No Conflict,Approved,Testing required,Jul-2025,Q3-2025
CHG0001003,2025-01-14 09:41:00,2025-02-11 09:41:00,2025-02-11 17:41:00,2025-02-11 09:24:00,2025-02-11 11:24:00,Normal,High,1 - Critical,Implement,Application,Network Ops,Vikram Joshi,Chennai,Operations,Load Balancer,DB migration,Conflict Detected,Pending,Resource unavailable,Jan-2025,Q1-2025
CHG0001004,2025-02-01 05:00:46,2025-02-11 05:00:46,2025-02-11 06:00:46,2025-02-11 04:35:46,2025-02-11 06:35:46,Emergency,Low,3 - Medium,Implement,Database,L2 Support,Rohan Verma,Chennai,IT,Firewall-01,DB migration,No Conflict,Approved,Testing required,Feb-2025,Q1-2025
CHG0001005,2025-11-20 20:22:57,2025-12-04 20:22:57,2025-12-05 03:22:57,2025-12-04 20:30:57,2025-12-05 04:30:57,Normal,Low,3 - Medium,Implement,Database,App Support,Sneha Patil,Pune,Marketing,Oracle DB,DR failover test,No Conflict,Pending,Vendor dependency,Nov-2025,Q4-2025
CHG0001006,2025-10-14 17:28:28,2025-10-31 17:28:28,2025-10-31 20:28:28,2025-10-31 17:36:28,2025-10-31 21:36:28,Standard,High,4 - Low,Implement,Network,App Support,Sneha Patil,Bangalore,Marketing,Oracle DB,DR failover test,Conflict Detected,Pending,,Oct-2025,Q4-2025
CHG0001007,2025-12-26 22:48:10,2026-01-07 22:48:10,2026-01-08 04:48:10,2026-01-07 23:08:10,2026-01-08 01:08:10,Standard,Medium,3 - Medium,Implement,Network,L2 Support,Vikram Joshi,Chennai,Procurement,CRM Application,Network upgrade,No Conflict,Rejected,,Dec-2025,Q4-2025
CHG0001008,2025-07-03 00:46:58,2025-07-22 00:46:58,2025-07-22 02:46:58,2025-07-22 01:05:58,2025-07-22 05:05:58,Standard,Low,4 - Low,Implement,Access Management,L2 Support,Rohan Verma,Delhi NCR,Legal,Load Balancer,Middleware upgrade,No Conflict,Pending,Vendor dependency,Jul-2025,Q3-2025
CHG0001009,2025-08-13 22:03:59,2025-08-31 22:03:59,2025-09-01 00:03:59,2025-08-31 21:34:59,2025-09-01 02:34:59,Normal,Low,1 - Critical,Closed,Network,Infra Team,Anjali Singh,Kolkata,Legal,VPN Gateway,Backup policy change,No Conflict,Approved,,Aug-2025,Q3-2025
CHG0001010,2025-10-19 18:03:22,2025-11-05 18:03:22,2025-11-06 00:03:22,2025-11-05 18:08:22,2025-11-05 22:08:22,Standard,High,2 - High,Closed,Software,DB Admins,Pooja Iyer,Pune,Marketing,VPN Gateway,DB migration,Conflict Detected,Approved,Awaiting approval,Oct-2025,Q4-2025
CHG0001011,2025-01-27 11:52:06,2025-02-06 11:52:06,2025-02-06 14:52:06,2025-02-06 11:50:06,2025-02-06 13:50:06,Standard,High,4 - Low,Closed,Network,L2 Support,Amit Desai,Mumbai,Legal,Email Gateway,DB migration,No Conflict,Approved,Testing required,Jan-2025,Q1-2025
CHG0001012,2025-03-26 11:54:13,2025-04-02 11:54:13,2025-04-02 16:54:13,,,Normal,Medium,4 - Low,Review,Database,DB Admins,Sneha Patil,Mumbai,Operations,Core Switch,DR failover test,No Conflict,Approved,,Mar-2025,Q1-2025
CHG0001013,2025-01-18 21:59:04,2025-02-03 21:59:04,2025-02-04 03:59:04,,,Normal,High,1 - Critical,Cancelled,Access Management,L1 Support,Pooja Iyer,Pune,Operations,Load Balancer,Backup policy change,No Conflict,Approved,,Jan-2025,Q1-2025
CHG0001014,2025-06-18 05:21:24,2025-06-28 05:21:24,2025-06-28 08:21:24,,,Emergency,High,1 - Critical,Authorize,Access Management,L1 Support,Priya Menon,Chennai,Sales,CRM Application,Backup policy change,No Conflict,Approved,,Jun-2025,Q2-2025
CHG0001015,2025-03-12 18:50:16,2025-04-04 18:50:16,2025-04-04 19:50:16,2025-04-04 19:12:16,2025-04-05 01:12:16,Emergency,Medium,3 - Medium,Implement,Network,App Support,Pooja Iyer,Hyderabad,Marketing,VPN Gateway,DB migration,No Conflict,Approved,Resource unavailable,Mar-2025,Q1-2025
CHG0001016,2025-09-14 05:50:28,2025-10-10 05:50:28,2025-10-10 10:50:28,2025-10-10 05:34:28,2025-10-10 12:34:28,Standard,Medium,3 - Medium,Closed,Access Management,Network Ops,Sneha Patil,Delhi NCR,Finance,ERP Server,Backup policy change,No Conflict,Approved,Vendor dependency,Sep-2025,Q3-2025
CHG0001017,2025-04-28 11:24:00,2025-05-20 11:24:00,2025-05-20 13:24:00,2025-05-20 11:16:00,2025-05-20 16:16:00,Normal,Low,4 - Low,Closed,Access Management,DB Admins,Deepak Nair,Pune,Procurement,ERP Server,Storage expansion,Conflict Detected,Approved,Resource unavailable,Apr-2025,Q2-2025
CHG0001018,2025-10-01 14:34:05,2025-10-12 14:34:05,2025-10-12 15:34:05,,,Emergency,High,3 - Medium,Authorize,Network,Infra Team,Amit Desai,Kolkata,Marketing,SAP Production,Load balancer config,Conflict Detected,Pending,,Oct-2025,Q4-2025
CHG0001019,2025-06-29 18:03:45,2025-07-14 18:03:45,2025-07-15 01:03:45,,,Emergency,Low,4 - Low,Cancelled,Access Management,Network Ops,Pooja Iyer,Bangalore,Operations,Active Directory,SSL certificate renewal,No Conflict,Rejected,Resource unavailable,Jun-2025,Q2-2025
CHG0001020,2025-02-20 11:57:43,2025-03-09 11:57:43,2025-03-09 19:57:43,2025-03-09 12:03:43,2025-03-09 15:03:43,Standard,Low,2 - High,Implement,Software,App Support,Vikram Joshi,Mumbai,Finance,Email Gateway,SSL certificate renewal,No Conflict,Approved,Vendor dependency,Feb-2025,Q1-2025
CHG0001021,2025-11-17 14:11:09,2025-12-10 14:11:09,2025-12-10 22:11:09,2025-12-10 14:33:09,2025-12-10 15:33:09,Normal,Low,3 - Medium,Closed,Network,Security Ops,Pooja Iyer,Kolkata,Procurement,Core Switch,DR failover test,No Conflict,Approved,Awaiting approval,Nov-2025,Q4-2025
CHG0001022,2025-12-24 15:18:24,2026-01-20 15:18:24,2026-01-20 20:18:24,2026-01-20 15:12:24,2026-01-20 17:12:24,Normal,High,4 - Low,Implement,Security,L1 Support,Pooja Iyer,Pune,Sales,SAP Production,Middleware upgrade,Conflict Detected,Approved,Vendor dependency,Dec-2025,Q4-2025
CHG0001023,2025-08-30 20:41:18,2025-09-10 20:41:18,2025-09-10 23:41:18,,,Standard,High,1 - Critical,Authorize,Network,Infra Team,Pooja Iyer,Hyderabad,Marketing,SAP Production,DR failover test,No Conflict,Approved,Resource unavailable,Aug-2025,Q3-2025
CHG0001024,2025-03-16 10:32:44,2025-03-25 10:32:44,2025-03-25 15:32:44,,,Emergency,Low,4 - Low,Review,Application,Infra Team,Deepak Nair,Hyderabad,Marketing,Load Balancer,DR failover test,Conflict Detected,Pending,Testing required,Mar-2025,Q1-2025
CHG0001025,2025-11-20 11:57:52,2025-11-28 11:57:52,2025-11-28 19:57:52,,,Emergency,Low,1 - Critical,Review,Network,L1 Support,Priya Menon,Bangalore,Operations,SAP Production,Storage expansion,No Conflict,Approved,Vendor dependency,Nov-2025,Q4-2025
CHG0001026,2025-01-06 18:27:27,2025-01-20 18:27:27,2025-01-20 20:27:27,2025-01-20 18:37:27,2025-01-20 22:37:27,Standard,Medium,2 - High,Implement,Software,L2 Support,Priya Menon,Delhi NCR,Finance,SAP Production,Storage expansion,No Conflict,Approved,Testing required,Jan-2025,Q1-2025
CHG0001027,2025-05-03 21:44:51,2025-05-26 21:44:51,2025-05-26 23:44:51,2025-05-26 22:14:51,2025-05-27 06:14:51,Standard,High,3 - Medium,Closed,Database,Infra Team,Kavya Reddy,Pune,Legal,VPN Gateway,Backup policy change,No Conflict,Rejected,Testing required,May-2025,Q2-2025
CHG0001028,2025-06-26 06:12:53,2025-07-19 06:12:53,2025-07-19 14:12:53,2025-07-19 05:43:53,2025-07-19 07:43:53,Emergency,High,3 - Medium,Closed,Software,Network Ops,Pooja Iyer,Delhi NCR,Finance,Load Balancer,DB migration,No Conflict,Rejected,Vendor dependency,Jun-2025,Q2-2025
CHG0001029,2025-05-08 12:28:30,2025-05-16 12:28:30,2025-05-16 18:28:30,2025-05-16 12:44:30,2025-05-16 20:44:30,Emergency,Low,4 - Low,Implement,Application,L1 Support,Deepak Nair,Delhi NCR,HR,Firewall-01,Network upgrade,No Conflict,Approved,Vendor dependency,May-2025,Q2-2025
CHG0001030,2025-04-06 20:12:15,2025-04-20 20:12:15,2025-04-21 03:12:15,,,Emergency,High,3 - Medium,Authorize,Application,DB Admins,Sneha Patil,Pune,IT,Load Balancer,Network upgrade,No Conflict,Pending,,Apr-2025,Q2-2025
CHG0001031,2025-02-04 11:04:14,2025-02-11 11:04:14,2025-02-11 18:04:14,2025-02-11 11:13:14,2025-02-11 14:13:14,Emergency,Low,1 - Critical,Implement,Security,App Support,Priya Menon,Hyderabad,Sales,Load Balancer,DB migration,No Conflict,Approved,Resource unavailable,Feb-2025,Q1-2025
CHG0001032,2025-03-01 15:05:33,2025-03-17 15:05:33,2025-03-17 20:05:33,2025-03-17 15:31:33,2025-03-17 23:31:33,Normal,Low,4 - Low,Closed,Network,Security Ops,Deepak Nair,Chennai,Finance,ERP Server,Network upgrade,No Conflict,Approved,,Mar-2025,Q1-2025
CHG0001033,2025-12-29 22:37:54,2026-01-13 22:37:54,2026-01-14 04:37:54,2026-01-13 22:07:54,2026-01-14 00:07:54,Emergency,Low,4 - Low,Implement,Security,Infra Team,Deepak Nair,Hyderabad,Sales,Active Directory,Middleware upgrade,No Conflict,Pending,Resource unavailable,Dec-2025,Q4-2025
CHG0001034,2025-12-26 10:40:34,2026-01-10 10:40:34,2026-01-10 13:40:34,2026-01-10 10:21:34,2026-01-10 12:21:34,Emergency,High,1 - Critical,Implement,Network,L1 Support,Anjali Singh,Bangalore,HR,SAP Production,SSL certificate renewal,Conflict Detected,Pending,Testing required,Dec-2025,Q4-2025
CHG0001035,2025-02-13 14:22:57,2025-03-02 14:22:57,2025-03-02 21:22:57,2025-03-02 14:40:57,2025-03-02 19:40:57,Emergency,Medium,4 - Low,Implement,Access Management,L1 Support,Pooja Iyer,Kolkata,Operations,SAP Production,Middleware upgrade,Conflict Detected,Pending,Testing required,Feb-2025,Q1-2025
CHG0001036,2025-09-10 09:54:20,2025-09-21 09:54:20,2025-09-21 11:54:20,,,Emergency,Low,2 - High,Authorize,Email/Collaboration,L1 Support,Sneha Patil,Mumbai,Procurement,Oracle DB,Middleware upgrade,Conflict Detected,Approved,Vendor dependency,Sep-2025,Q3-2025
CHG0001037,2025-03-10 03:20:43,2025-03-25 03:20:43,2025-03-25 06:20:43,2025-03-25 03:39:43,2025-03-25 06:39:43,Standard,High,2 - High,Implement,Application,L1 Support,Amit Desai,Hyderabad,Legal,Oracle DB,Middleware upgrade,No Conflict,Approved,Vendor dependency,Mar-2025,Q1-2025
CHG0001038,2025-09-13 15:18:34,2025-10-03 15:18:34,2025-10-03 18:18:34,,,Standard,High,1 - Critical,Review,Network,Security Ops,Anjali Singh,Delhi NCR,Operations,Firewall-01,Storage expansion,No Conflict,Approved,,Sep-2025,Q3-2025
CHG0001039,2025-06-25 00:19:31,2025-07-15 00:19:31,2025-07-15 08:19:31,2025-07-14 23:58:31,2025-07-15 06:58:31,Emergency,High,3 - Medium,Implement,Application,DB Admins,Sneha Patil,Pune,Procurement,Load Balancer,Backup policy change,No Conflict,Rejected,,Jun-2025,Q2-2025
CHG0001040,2025-02-08 01:42:31,2025-03-05 01:42:31,2025-03-05 04:42:31,,,Normal,High,1 - Critical,Cancelled,Network,DB Admins,Amit Desai,Delhi NCR,Marketing,SAP Production,Load balancer config,No Conflict,Pending,Resource unavailable,Feb-2025,Q1-2025
CHG0001041,2025-05-24 19:35:46,2025-06-04 19:35:46,2025-06-05 01:35:46,2025-06-04 19:10:46,2025-06-04 20:10:46,Emergency,High,4 - Low,Closed,Database,Infra Team,Rohan Verma,Chennai,IT,Email Gateway,Backup policy change,No Conflict,Approved,Testing required,May-2025,Q2-2025
CHG0001042,2025-05-14 08:33:38,2025-06-03 08:33:38,2025-06-03 09:33:38,,,Standard,Medium,3 - Medium,Authorize,Application,DB Admins,Anjali Singh,Chennai,HR,Email Gateway,Load balancer config,No Conflict,Approved,Vendor dependency,May-2025,Q2-2025
CHG0001043,2025-11-30 08:16:18,2025-12-14 08:16:18,2025-12-14 15:16:18,,,Standard,Low,2 - High,Review,Database,App Support,Vikram Joshi,Chennai,HR,Active Directory,Load balancer config,No Conflict,Pending,Awaiting approval,Nov-2025,Q4-2025
CHG0001044,2025-05-11 22:21:41,2025-06-03 22:21:41,2025-06-04 00:21:41,,,Emergency,Medium,2 - High,Authorize,Database,Security Ops,Priya Menon,Bangalore,IT,VPN Gateway,Load balancer config,No Conflict,Rejected,,May-2025,Q2-2025
CHG0001045,2025-10-09 09:14:13,2025-10-27 09:14:13,2025-10-27 12:14:13,2025-10-27 09:09:13,2025-10-27 13:09:13,Normal,High,2 - High,Implement,Application,Network Ops,Deepak Nair,Delhi NCR,Legal,SAP Production,DR failover test,No Conflict,Pending,Testing required,Oct-2025,Q4-2025
CHG0001046,2025-06-05 11:06:03,2025-06-14 11:06:03,2025-06-14 13:06:03,,,Normal,Low,4 - Low,Review,Application,L1 Support,Rahul Sharma,Chennai,Finance,Core Switch,Firewall rule update,No Conflict,Approved,,Jun-2025,Q2-2025
CHG0001047,2025-01-13 09:07:32,2025-01-24 09:07:32,2025-01-24 14:07:32,2025-01-24 09:33:32,2025-01-24 17:33:32,Normal,Low,4 - Low,Implement,Email/Collaboration,DB Admins,Priya Menon,Bangalore,IT,CRM Application,OS patch deployment,Conflict Detected,Approved,Testing required,Jan-2025,Q1-2025
CHG0001048,2025-08-11 16:09:29,2025-08-24 16:09:29,2025-08-24 21:09:29,2025-08-24 16:08:29,2025-08-24 19:08:29,Standard,Medium,2 - High,Closed,Database,Infra Team,Rahul Sharma,Chennai,IT,Core Switch,Middleware upgrade,No Conflict,Pending,Awaiting approval,Aug-2025,Q3-2025
CHG0001049,2025-07-17 12:42:59,2025-08-04 12:42:59,2025-08-04 13:42:59,,,Standard,Low,1 - Critical,Authorize,Security,Security Ops,Deepak Nair,Chennai,HR,CRM Application,Middleware upgrade,No Conflict,Approved,Resource unavailable,Jul-2025,Q3-2025
CHG0001050,2025-12-04 03:48:03,2025-12-16 03:48:03,2025-12-16 09:48:03,,,Normal,Low,4 - Low,Authorize,Database,App Support,Rahul Sharma,Hyderabad,Procurement,Email Gateway,Load balancer config,No Conflict,Approved,Vendor dependency,Dec-2025,Q4-2025
CHG0001051,2025-03-30 08:54:07,2025-04-06 08:54:07,2025-04-06 15:54:07,,,Emergency,Low,4 - Low,Review,Security,Security Ops,Priya Menon,Chennai,Finance,SAP Production,Middleware upgrade,No Conflict,Pending,,Mar-2025,Q1-2025
CHG0001052,2025-11-26 23:14:08,2025-12-10 23:14:08,2025-12-11 03:14:08,2025-12-10 23:35:08,2025-12-11 00:35:08,Emergency,Low,1 - Critical,Implement,Database,Network Ops,Rahul Sharma,Delhi NCR,Marketing,Core Switch,Network upgrade,Conflict Detected,Approved,,Nov-2025,Q4-2025
CHG0001053,2025-08-13 03:20:02,2025-08-30 03:20:02,2025-08-30 07:20:02,2025-08-30 03:41:02,2025-08-30 04:41:02,Emergency,Medium,1 - Critical,Closed,Application,Infra Team,Rohan Verma,Chennai,IT,Core Switch,OS patch deployment,No Conflict,Pending,Vendor dependency,Aug-2025,Q3-2025
CHG0001054,2025-08-18 16:53:46,2025-09-15 16:53:46,2025-09-16 00:53:46,,,Standard,Low,4 - Low,Authorize,Security,L2 Support,Amit Desai,Hyderabad,HR,Core Switch,OS patch deployment,No Conflict,Approved,Vendor dependency,Aug-2025,Q3-2025
CHG0001055,2025-01-16 02:52:56,2025-02-13 02:52:56,2025-02-13 09:52:56,2025-02-13 02:28:56,2025-02-13 08:28:56,Standard,Medium,1 - Critical,Closed,Security,Security Ops,Vikram Joshi,Kolkata,Legal,Active Directory,Network upgrade,No Conflict,Pending,Testing required,Jan-2025,Q1-2025
CHG0001056,2025-08-16 09:54:06,2025-09-12 09:54:06,2025-09-12 11:54:06,2025-09-12 09:35:06,2025-09-12 13:35:06,Normal,High,1 - Critical,Closed,Network,L2 Support,Vikram Joshi,Hyderabad,Operations,Active Directory,Firewall rule update,No Conflict,Approved,Resource unavailable,Aug-2025,Q3-2025
CHG0001057,2025-06-17 02:32:49,2025-06-26 02:32:49,2025-06-26 10:32:49,2025-06-26 02:27:49,2025-06-26 10:27:49,Standard,High,4 - Low,Implement,Database,L2 Support,Rohan Verma,Hyderabad,Legal,Firewall-01,OS patch deployment,No Conflict,Approved,Testing required,Jun-2025,Q2-2025
CHG0001058,2025-07-27 23:15:37,2025-08-05 23:15:37,2025-08-06 02:15:37,2025-08-05 23:11:37,2025-08-06 02:11:37,Standard,Medium,1 - Critical,Closed,Security,Security Ops,Rohan Verma,Bangalore,Marketing,CRM Application,Storage expansion,No Conflict,Pending,Resource unavailable,Jul-2025,Q3-2025
CHG0001059,2025-03-27 01:08:39,2025-04-23 01:08:39,2025-04-23 07:08:39,,,Normal,Low,4 - Low,Review,Email/Collaboration,Security Ops,Priya Menon,Hyderabad,Marketing,Load Balancer,SSL certificate renewal,No Conflict,Approved,,Mar-2025,Q1-2025
CHG0001060,2025-06-20 12:15:05,2025-06-29 12:15:05,2025-06-29 19:15:05,2025-06-29 12:16:05,2025-06-29 16:16:05,Emergency,Low,2 - High,Closed,Hardware,L1 Support,Anjali Singh,Kolkata,IT,Email Gateway,SSL certificate renewal,No Conflict,Approved,Awaiting approval,Jun-2025,Q2-2025
CHG0001061,2025-09-09 03:48:42,2025-09-21 03:48:42,2025-09-21 09:48:42,2025-09-21 04:04:42,2025-09-21 07:04:42,Standard,Low,1 - Critical,Closed,Email/Collaboration,L1 Support,Priya Menon,Mumbai,Legal,VPN Gateway,OS patch deployment,Conflict Detected,Pending,Testing required,Sep-2025,Q3-2025
CHG0001062,2025-04-25 00:30:52,2025-05-23 00:30:52,2025-05-23 07:30:52,2025-05-23 00:07:52,2025-05-23 07:07:52,Emergency,Medium,1 - Critical,Closed,Hardware,L1 Support,Amit Desai,Bangalore,Operations,Oracle DB,Network upgrade,No Conflict,Approved,Awaiting approval,Apr-2025,Q2-2025
CHG0001063,2025-09-19 21:54:41,2025-10-10 21:54:41,2025-10-11 02:54:41,,,Emergency,Medium,1 - Critical,Review,Email/Collaboration,DB Admins,Kavya Reddy,Hyderabad,Marketing,Core Switch,Backup policy change,No Conflict,Approved,Vendor dependency,Sep-2025,Q3-2025
CHG0001064,2025-09-08 06:53:25,2025-09-28 06:53:25,2025-09-28 09:53:25,,,Normal,Low,2 - High,Review,Access Management,L1 Support,Priya Menon,Delhi NCR,Procurement,CRM Application,DB migration,No Conflict,Approved,Testing required,Sep-2025,Q3-2025
CHG0001065,2025-10-15 18:56:46,2025-10-27 18:56:46,2025-10-28 00:56:46,,,Emergency,Low,3 - Medium,Authorize,Software,Security Ops,Pooja Iyer,Mumbai,HR,Email Gateway,OS patch deployment,No Conflict,Rejected,Vendor dependency,Oct-2025,Q4-2025
CHG0001066,2025-06-30 08:55:15,2025-07-19 08:55:15,2025-07-19 12:55:15,2025-07-19 08:33:15,2025-07-19 09:33:15,Normal,High,2 - High,Closed,Security,App Support,Rahul Sharma,Bangalore,HR,Email Gateway,Middleware upgrade,No Conflict,Approved,Awaiting approval,Jun-2025,Q2-2025
CHG0001067,2025-01-05 22:40:02,2025-02-01 22:40:02,2025-02-02 00:40:02,2025-02-01 23:10:02,2025-02-02 01:10:02,Emergency,High,4 - Low,Closed,Security,Security Ops,Deepak Nair,Hyderabad,Operations,Email Gateway,Network upgrade,No Conflict,Rejected,,Jan-2025,Q1-2025
CHG0001068,2025-03-31 23:43:56,2025-04-16 23:43:56,2025-04-17 04:43:56,,,Normal,Medium,1 - Critical,Review,Database,Network Ops,Priya Menon,Bangalore,Marketing,Oracle DB,Backup policy change,No Conflict,Approved,Vendor dependency,Mar-2025,Q1-2025
CHG0001069,2025-10-25 18:24:17,2025-11-04 18:24:17,2025-11-05 01:24:17,2025-11-04 17:57:17,2025-11-04 21:57:17,Normal,Low,4 - Low,Implement,Network,Infra Team,Anjali Singh,Chennai,Sales,CRM Application,DB migration,No Conflict,Pending,Testing required,Oct-2025,Q4-2025
CHG0001070,2025-09-15 15:12:36,2025-10-13 15:12:36,2025-10-13 21:12:36,2025-10-13 15:17:36,2025-10-13 16:17:36,Normal,High,4 - Low,Implement,Security,DB Admins,Priya Menon,Hyderabad,IT,CRM Application,OS patch deployment,No Conflict,Approved,Testing required,Sep-2025,Q3-2025
CHG0001071,2025-07-21 05:06:10,2025-08-08 05:06:10,2025-08-08 06:06:10,2025-08-08 04:59:10,2025-08-08 05:59:10,Emergency,Low,4 - Low,Closed,Database,Security Ops,Vikram Joshi,Mumbai,Operations,Email Gateway,Load balancer config,No Conflict,Approved,Testing required,Jul-2025,Q3-2025
CHG0001072,2025-04-19 10:21:16,2025-05-06 10:21:16,2025-05-06 15:21:16,,,Emergency,High,4 - Low,Authorize,Database,App Support,Anjali Singh,Mumbai,Sales,Active Directory,Backup policy change,No Conflict,Rejected,Vendor dependency,Apr-2025,Q2-2025
CHG0001073,2025-01-23 06:17:49,2025-02-10 06:17:49,2025-02-10 13:17:49,2025-02-10 06:23:49,2025-02-10 13:23:49,Normal,Medium,2 - High,Closed,Access Management,L1 Support,Sneha Patil,Delhi NCR,Marketing,Oracle DB,DR failover test,No Conflict,Approved,Resource unavailable,Jan-2025,Q1-2025
CHG0001074,2025-10-29 08:00:16,2025-11-17 08:00:16,2025-11-17 15:00:16,2025-11-17 08:00:16,2025-11-17 11:00:16,Standard,Medium,2 - High,Implement,Access Management,App Support,Priya Menon,Mumbai,Finance,Core Switch,DB migration,No Conflict,Pending,Testing required,Oct-2025,Q4-2025
CHG0001075,2025-11-28 04:40:38,2025-12-06 04:40:38,2025-12-06 08:40:38,2025-12-06 05:08:38,2025-12-06 10:08:38,Standard,Medium,2 - High,Implement,Software,DB Admins,Rohan Verma,Mumbai,Operations,Load Balancer,Firewall rule update,No Conflict,Pending,Testing required,Nov-2025,Q4-2025
CHG0001076,2025-02-05 11:21:39,2025-03-04 11:21:39,2025-03-04 12:21:39,,,Normal,High,4 - Low,Cancelled,Security,Security Ops,Deepak Nair,Delhi NCR,Finance,Core Switch,SSL certificate renewal,No Conflict,Approved,,Feb-2025,Q1-2025
CHG0001077,2025-05-03 21:22:29,2025-05-10 21:22:29,2025-05-11 05:22:29,,,Emergency,Low,1 - Critical,Authorize,Network,L2 Support,Rahul Sharma,Mumbai,Operations,Email Gateway,OS patch deployment,No Conflict,Approved,Resource unavailable,May-2025,Q2-2025
CHG0001078,2025-10-09 19:27:16,2025-10-23 19:27:16,2025-10-24 01:27:16,2025-10-23 19:02:16,2025-10-23 22:02:16,Emergency,Medium,3 - Medium,Implement,Hardware,L1 Support,Rahul Sharma,Mumbai,Marketing,SAP Production,Network upgrade,No Conflict,Rejected,,Oct-2025,Q4-2025
CHG0001079,2025-09-17 20:21:29,2025-10-13 20:21:29,2025-10-13 22:21:29,2025-10-13 20:12:29,2025-10-13 21:12:29,Standard,Medium,1 - Critical,Implement,Hardware,Security Ops,Vikram Joshi,Hyderabad,Finance,Email Gateway,SSL certificate renewal,No Conflict,Pending,,Sep-2025,Q3-2025
CHG0001080,2025-08-17 00:22:07,2025-09-02 00:22:07,2025-09-02 05:22:07,,,Normal,High,4 - Low,Review,Network,L2 Support,Rahul Sharma,Mumbai,Finance,Active Directory,DB migration,No Conflict,Approved,,Aug-2025,Q3-2025
CHG0001081,2025-08-31 11:32:28,2025-09-22 11:32:28,2025-09-22 18:32:28,,,Standard,Low,3 - Medium,Review,Email/Collaboration,L2 Support,Rohan Verma,Bangalore,Sales,Firewall-01,DB migration,No Conflict,Rejected,Vendor dependency,Aug-2025,Q3-2025
CHG0001082,2025-04-08 14:16:16,2025-05-06 14:16:16,2025-05-06 15:16:16,2025-05-06 14:41:16,2025-05-06 19:41:16,Normal,Medium,3 - Medium,Closed,Hardware,L2 Support,Sneha Patil,Bangalore,Procurement,VPN Gateway,DB migration,Conflict Detected,Approved,Testing required,Apr-2025,Q2-2025
CHG0001083,2025-03-22 20:15:47,2025-04-14 20:15:47,2025-04-15 03:15:47,2025-04-14 20:39:47,2025-04-15 03:39:47,Standard,High,1 - Critical,Closed,Hardware,Security Ops,Kavya Reddy,Delhi NCR,HR,ERP Server,Load balancer config,No Conflict,Approved,Vendor dependency,Mar-2025,Q1-2025
CHG0001084,2025-04-07 03:59:25,2025-05-03 03:59:25,2025-05-03 06:59:25,2025-05-03 04:00:25,2025-05-03 08:00:25,Standard,Low,4 - Low,Implement,Email/Collaboration,Infra Team,Vikram Joshi,Chennai,Operations,Load Balancer,Storage expansion,No Conflict,Approved,Awaiting approval,Apr-2025,Q2-2025
CHG0001085,2025-08-14 09:49:38,2025-09-09 09:49:38,2025-09-09 13:49:38,,,Standard,High,3 - Medium,Review,Application,L1 Support,Kavya Reddy,Hyderabad,Sales,Core Switch,Middleware upgrade,No Conflict,Approved,,Aug-2025,Q3-2025
CHG0001086,2025-03-24 17:48:24,2025-04-18 17:48:24,2025-04-19 00:48:24,2025-04-18 18:03:24,2025-04-18 20:03:24,Standard,Low,3 - Medium,Implement,Security,Security Ops,Deepak Nair,Delhi NCR,IT,Active Directory,Firewall rule update,No Conflict,Approved,Awaiting approval,Mar-2025,Q1-2025
CHG0001087,2025-03-11 22:46:15,2025-03-27 22:46:15,2025-03-28 06:46:15,2025-03-27 22:30:15,2025-03-28 00:30:15,Standard,Low,2 - High,Closed,Database,Network Ops,Kavya Reddy,Hyderabad,Operations,Core Switch,Storage expansion,No Conflict,Pending,Vendor dependency,Mar-2025,Q1-2025
CHG0001088,2025-11-20 16:29:38,2025-12-04 16:29:38,2025-12-04 18:29:38,,,Normal,Low,2 - High,Review,Network,L2 Support,Priya Menon,Delhi NCR,Sales,ERP Server,Load balancer config,Conflict Detected,Approved,Testing required,Nov-2025,Q4-2025
CHG0001089,2025-10-31 18:32:25,2025-11-23 18:32:25,2025-11-23 21:32:25,,,Normal,Low,4 - Low,Authorize,Access Management,L1 Support,Amit Desai,Kolkata,Sales,Active Directory,Firewall rule update,No Conflict,Approved,,Oct-2025,Q4-2025
CHG0001090,2025-08-27 13:19:26,2025-09-09 13:19:26,2025-09-09 18:19:26,2025-09-09 13:08:26,2025-09-09 14:08:26,Emergency,Medium,4 - Low,Implement,Application,L1 Support,Deepak Nair,Hyderabad,Procurement,CRM Application,OS patch deployment,No Conflict,Approved,Testing required,Aug-2025,Q3-2025
CHG0001091,2025-10-15 17:25:03,2025-10-27 17:25:03,2025-10-27 19:25:03,2025-10-27 17:55:03,2025-10-28 01:55:03,Normal,Low,1 - Critical,Closed,Application,L2 Support,Amit Desai,Kolkata,Legal,CRM Application,Load balancer config,Conflict Detected,Approved,,Oct-2025,Q4-2025
CHG0001092,2025-05-01 07:11:28,2025-05-09 07:11:28,2025-05-09 14:11:28,2025-05-09 06:48:28,2025-05-09 07:48:28,Standard,Low,4 - Low,Closed,Security,Infra Team,Anjali Singh,Hyderabad,Legal,SAP Production,Backup policy change,No Conflict,Approved,Resource unavailable,May-2025,Q2-2025
CHG0001093,2025-02-06 06:26:42,2025-02-19 06:26:42,2025-02-19 09:26:42,2025-02-19 06:42:42,2025-02-19 09:42:42,Standard,High,2 - High,Closed,Application,L2 Support,Rahul Sharma,Kolkata,HR,CRM Application,Middleware upgrade,No Conflict,Approved,Vendor dependency,Feb-2025,Q1-2025
CHG0001094,2025-01-26 22:08:42,2025-02-07 22:08:42,2025-02-08 01:08:42,2025-02-07 22:05:42,2025-02-08 04:05:42,Emergency,High,1 - Critical,Implement,Email/Collaboration,Security Ops,Priya Menon,Kolkata,Sales,ERP Server,Load balancer config,No Conflict,Pending,Awaiting approval,Jan-2025,Q1-2025
CHG0001095,2025-06-12 00:53:12,2025-06-27 00:53:12,2025-06-27 08:53:12,2025-06-27 00:39:12,2025-06-27 07:39:12,Standard,Low,3 - Medium,Closed,Access Management,Infra Team,Sneha Patil,Pune,Finance,Firewall-01,Backup policy change,No Conflict,Approved,Resource unavailable,Jun-2025,Q2-2025
CHG0001096,2025-01-12 10:19:31,2025-01-30 10:19:31,2025-01-30 17:19:31,,,Emergency,Medium,2 - High,Authorize,Database,Network Ops,Rahul Sharma,Delhi NCR,Finance,Active Directory,Backup policy change,Conflict Detected,Approved,,Jan-2025,Q1-2025
CHG0001097,2025-03-29 23:39:09,2025-04-14 23:39:09,2025-04-15 02:39:09,2025-04-14 23:54:09,2025-04-15 07:54:09,Standard,Low,3 - Medium,Implement,Access Management,Security Ops,Pooja Iyer,Pune,Procurement,Firewall-01,SSL certificate renewal,No Conflict,Approved,Awaiting approval,Mar-2025,Q1-2025
CHG0001098,2025-08-09 07:01:51,2025-09-05 07:01:51,2025-09-05 09:01:51,,,Standard,High,3 - Medium,Review,Email/Collaboration,Infra Team,Anjali Singh,Hyderabad,IT,SAP Production,Storage expansion,No Conflict,Rejected,Vendor dependency,Aug-2025,Q3-2025
CHG0001099,2025-12-24 23:02:26,2026-01-12 23:02:26,2026-01-13 06:02:26,2026-01-12 22:59:26,2026-01-13 00:59:26,Emergency,Low,2 - High,Implement,Security,Security Ops,Rohan Verma,Chennai,Procurement,Oracle DB,Network upgrade,No Conflict,Approved,Awaiting approval,Dec-2025,Q4-2025
CHG0001100,2025-01-05 11:29:36,2025-01-27 11:29:36,2025-01-27 17:29:36,2025-01-27 11:44:36,2025-01-27 13:44:36,Normal,Low,4 - Low,Implement,Software,DB Admins,Priya Menon,Chennai,Marketing,Firewall-01,DR failover test,No Conflict,Rejected,Testing required,Jan-2025,Q1-2025
CHG0001101,2025-05-22 07:45:42,2025-06-03 07:45:42,2025-06-03 15:45:42,,,Standard,Low,1 - Critical,Review,Software,App Support,Rohan Verma,Hyderabad,Marketing,Email Gateway,Load balancer config,Conflict Detected,Approved,,May-2025,Q2-2025
CHG0001102,2025-02-25 02:20:25,2025-03-23 02:20:25,2025-03-23 05:20:25,2025-03-23 02:35:25,2025-03-23 04:35:25,Emergency,High,1 - Critical,Implement,Application,L2 Support,Pooja Iyer,Mumbai,HR,Firewall-01,Storage expansion,No Conflict,Approved,Testing required,Feb-2025,Q1-2025
CHG0001103,2025-04-12 15:35:38,2025-04-27 15:35:38,2025-04-27 20:35:38,,,Emergency,Medium,2 - High,Review,Email/Collaboration,Security Ops,Rohan Verma,Kolkata,Sales,Oracle DB,Backup policy change,No Conflict,Approved,Testing required,Apr-2025,Q2-2025
CHG0001104,2025-10-29 09:01:24,2025-11-18 09:01:24,2025-11-18 10:01:24,,,Normal,Medium,4 - Low,Review,Access Management,Security Ops,Priya Menon,Delhi NCR,Procurement,ERP Server,SSL certificate renewal,No Conflict,Approved,Vendor dependency,Oct-2025,Q4-2025
CHG0001105,2025-11-23 22:16:02,2025-12-19 22:16:02,2025-12-20 00:16:02,2025-12-19 22:00:02,2025-12-20 06:00:02,Standard,Medium,2 - High,Closed,Network,Network Ops,Priya Menon,Delhi NCR,Procurement,Firewall-01,SSL certificate renewal,No Conflict,Approved,Testing required,Nov-2025,Q4-2025
CHG0001106,2025-01-28 15:02:45,2025-02-16 15:02:45,2025-02-16 22:02:45,2025-02-16 15:21:45,2025-02-16 17:21:45,Normal,Medium,2 - High,Closed,Software,Network Ops,Deepak Nair,Chennai,Operations,ERP Server,OS patch deployment,Conflict Detected,Approved,Awaiting approval,Jan-2025,Q1-2025
CHG0001107,2025-03-17 10:35:57,2025-03-29 10:35:57,2025-03-29 12:35:57,2025-03-29 10:51:57,2025-03-29 12:51:57,Normal,Low,2 - High,Closed,Application,Security Ops,Rahul Sharma,Bangalore,IT,Core Switch,OS patch deployment,No Conflict,Approved,Testing required,Mar-2025,Q1-2025
CHG0001108,2025-04-04 10:44:33,2025-04-15 10:44:33,2025-04-15 13:44:33,,,Normal,Low,1 - Critical,Review,Access Management,Security Ops,Kavya Reddy,Delhi NCR,Operations,Oracle DB,OS patch deployment,No Conflict,Approved,Awaiting approval,Apr-2025,Q2-2025
CHG0001109,2025-06-12 03:07:02,2025-07-09 03:07:02,2025-07-09 04:07:02,2025-07-09 03:25:02,2025-07-09 06:25:02,Normal,Medium,4 - Low,Implement,Email/Collaboration,L1 Support,Deepak Nair,Chennai,Procurement,ERP Server,Firewall rule update,Conflict Detected,Approved,Testing required,Jun-2025,Q2-2025
CHG0001110,2025-01-29 17:50:06,2025-02-10 17:50:06,2025-02-11 00:50:06,,,Standard,Medium,1 - Critical,Authorize,Application,L2 Support,Sneha Patil,Hyderabad,Procurement,Active Directory,OS patch deployment,No Conflict,Pending,Vendor dependency,Jan-2025,Q1-2025
CHG0001111,2025-05-05 14:49:35,2025-05-22 14:49:35,2025-05-22 22:49:35,,,Normal,Low,1 - Critical,Cancelled,Application,DB Admins,Priya Menon,Bangalore,Procurement,Email Gateway,DB migration,No Conflict,Approved,Vendor dependency,May-2025,Q2-2025
CHG0001112,2025-09-05 13:54:23,2025-10-03 13:54:23,2025-10-03 17:54:23,2025-10-03 13:30:23,2025-10-03 16:30:23,Emergency,High,3 - Medium,Closed,Network,L1 Support,Amit Desai,Delhi NCR,HR,Oracle DB,Middleware upgrade,No Conflict,Approved,Resource unavailable,Sep-2025,Q3-2025
CHG0001113,2025-10-02 01:10:33,2025-10-28 01:10:33,2025-10-28 08:10:33,2025-10-28 01:19:33,2025-10-28 02:19:33,Emergency,High,1 - Critical,Implement,Access Management,L1 Support,Rohan Verma,Hyderabad,Legal,ERP Server,Backup policy change,No Conflict,Rejected,Awaiting approval,Oct-2025,Q4-2025
CHG0001114,2025-12-26 22:36:29,2026-01-02 22:36:29,2026-01-03 06:36:29,2026-01-02 22:21:29,2026-01-03 00:21:29,Normal,High,3 - Medium,Implement,Application,Security Ops,Vikram Joshi,Delhi NCR,HR,CRM Application,DB migration,No Conflict,Rejected,,Dec-2025,Q4-2025
CHG0001115,2025-01-24 18:18:45,2025-02-04 18:18:45,2025-02-04 22:18:45,,,Normal,High,1 - Critical,Review,Email/Collaboration,Network Ops,Priya Menon,Chennai,IT,Firewall-01,DR failover test,No Conflict,Pending,,Jan-2025,Q1-2025
CHG0001116,2025-05-18 15:27:33,2025-06-13 15:27:33,2025-06-13 22:27:33,2025-06-13 15:13:33,2025-06-13 21:13:33,Emergency,Low,3 - Medium,Implement,Hardware,App Support,Rohan Verma,Chennai,Sales,Active Directory,Backup policy change,Conflict Detected,Approved,,May-2025,Q2-2025
CHG0001117,2025-02-25 01:51:04,2025-03-16 01:51:04,2025-03-16 04:51:04,,,Standard,Medium,3 - Medium,Review,Hardware,DB Admins,Pooja Iyer,Chennai,Procurement,Oracle DB,SSL certificate renewal,No Conflict,Approved,,Feb-2025,Q1-2025
CHG0001118,2025-03-05 15:46:34,2025-03-24 15:46:34,2025-03-24 19:46:34,2025-03-24 16:03:34,2025-03-24 22:03:34,Standard,Medium,3 - Medium,Closed,Software,Infra Team,Deepak Nair,Kolkata,Operations,Core Switch,Middleware upgrade,No Conflict,Approved,Testing required,Mar-2025,Q1-2025
CHG0001119,2025-05-02 16:40:31,2025-05-23 16:40:31,2025-05-23 22:40:31,,,Normal,Medium,2 - High,Authorize,Application,L2 Support,Kavya Reddy,Pune,Legal,CRM Application,DR failover test,No Conflict,Approved,Resource unavailable,May-2025,Q2-2025
CHG0001120,2025-04-03 22:30:45,2025-04-10 22:30:45,2025-04-11 04:30:45,2025-04-10 22:54:45,2025-04-11 05:54:45,Standard,Medium,2 - High,Closed,Security,L2 Support,Amit Desai,Pune,IT,Email Gateway,SSL certificate renewal,No Conflict,Approved,Testing required,Apr-2025,Q2-2025
CHG0001121,2025-03-10 03:26:49,2025-03-24 03:26:49,2025-03-24 08:26:49,2025-03-24 03:15:49,2025-03-24 07:15:49,Standard,High,4 - Low,Closed,Network,Network Ops,Amit Desai,Hyderabad,Sales,VPN Gateway,DB migration,No Conflict,Approved,Testing required,Mar-2025,Q1-2025
CHG0001122,2025-01-29 04:03:20,2025-02-25 04:03:20,2025-02-25 05:03:20,2025-02-25 03:39:20,2025-02-25 08:39:20,Emergency,Low,3 - Medium,Implement,Hardware,DB Admins,Priya Menon,Bangalore,HR,Core Switch,Middleware upgrade,No Conflict,Rejected,,Jan-2025,Q1-2025
CHG0001123,2025-10-21 07:24:38,2025-11-05 07:24:38,2025-11-05 11:24:38,2025-11-05 07:04:38,2025-11-05 13:04:38,Normal,High,3 - Medium,Closed,Security,Infra Team,Rohan Verma,Delhi NCR,Operations,SAP Production,Middleware upgrade,No Conflict,Approved,Testing required,Oct-2025,Q4-2025
CHG0001124,2025-03-23 23:50:00,2025-04-06 23:50:00,2025-04-07 07:50:00,,,Standard,High,2 - High,Authorize,Database,Network Ops,Rahul Sharma,Bangalore,Procurement,ERP Server,DB migration,Conflict Detected,Approved,Awaiting approval,Mar-2025,Q1-2025
CHG0001125,2025-03-20 02:07:21,2025-04-07 02:07:21,2025-04-07 10:07:21,,,Emergency,High,2 - High,Review,Access Management,L1 Support,Priya Menon,Kolkata,HR,Load Balancer,Backup policy change,No Conflict,Approved,Awaiting approval,Mar-2025,Q1-2025
CHG0001126,2025-03-16 19:46:12,2025-04-13 19:46:12,2025-04-13 23:46:12,2025-04-13 19:58:12,2025-04-14 03:58:12,Standard,High,3 - Medium,Implement,Access Management,App Support,Anjali Singh,Hyderabad,Finance,Email Gateway,Storage expansion,No Conflict,Pending,Vendor dependency,Mar-2025,Q1-2025
CHG0001127,2025-10-21 23:15:14,2025-10-30 23:15:14,2025-10-31 04:15:14,2025-10-30 23:20:14,2025-10-31 05:20:14,Emergency,Low,2 - High,Closed,Security,L1 Support,Pooja Iyer,Mumbai,Marketing,Load Balancer,DB migration,Conflict Detected,Approved,Awaiting approval,Oct-2025,Q4-2025
CHG0001128,2025-11-30 16:33:06,2025-12-26 16:33:06,2025-12-26 17:33:06,2025-12-26 16:50:06,2025-12-26 20:50:06,Emergency,Low,4 - Low,Closed,Software,L1 Support,Sneha Patil,Bangalore,Sales,CRM Application,Firewall rule update,No Conflict,Approved,Vendor dependency,Nov-2025,Q4-2025
CHG0001129,2025-02-28 08:14:59,2025-03-24 08:14:59,2025-03-24 15:14:59,2025-03-24 08:29:59,2025-03-24 12:29:59,Normal,Medium,1 - Critical,Closed,Hardware,L1 Support,Vikram Joshi,Chennai,HR,VPN Gateway,Network upgrade,Conflict Detected,Approved,Resource unavailable,Feb-2025,Q1-2025
CHG0001130,2025-10-25 01:02:15,2025-11-11 01:02:15,2025-11-11 02:02:15,2025-11-11 00:39:15,2025-11-11 01:39:15,Normal,Medium,2 - High,Closed,Hardware,L1 Support,Rahul Sharma,Bangalore,Operations,ERP Server,DB migration,No Conflict,Approved,Vendor dependency,Oct-2025,Q4-2025
CHG0001131,2025-09-11 11:26:11,2025-10-02 11:26:11,2025-10-02 18:26:11,2025-10-02 11:26:11,2025-10-02 12:26:11,Standard,High,2 - High,Closed,Hardware,Infra Team,Deepak Nair,Mumbai,Operations,Firewall-01,Backup policy change,No Conflict,Pending,Awaiting approval,Sep-2025,Q3-2025
CHG0001132,2025-06-27 20:58:39,2025-07-04 20:58:39,2025-07-04 21:58:39,2025-07-04 20:59:39,2025-07-05 04:59:39,Normal,High,1 - Critical,Closed,Software,App Support,Amit Desai,Bangalore,Operations,Email Gateway,Middleware upgrade,No Conflict,Approved,Awaiting approval,Jun-2025,Q2-2025
CHG0001133,2025-03-06 10:38:05,2025-04-01 10:38:05,2025-04-01 14:38:05,,,Emergency,Low,1 - Critical,Cancelled,Hardware,Security Ops,Deepak Nair,Mumbai,Sales,Email Gateway,SSL certificate renewal,No Conflict,Approved,Vendor dependency,Mar-2025,Q1-2025
CHG0001134,2025-10-18 21:25:34,2025-11-15 21:25:34,2025-11-16 01:25:34,2025-11-15 21:08:34,2025-11-16 04:08:34,Normal,Medium,1 - Critical,Closed,Hardware,Network Ops,Amit Desai,Bangalore,HR,CRM Application,Firewall rule update,No Conflict,Approved,Vendor dependency,Oct-2025,Q4-2025
CHG0001135,2025-09-24 19:54:17,2025-10-14 19:54:17,2025-10-15 03:54:17,,,Emergency,High,4 - Low,Review,Access Management,Infra Team,Rohan Verma,Mumbai,IT,Firewall-01,Firewall rule update,No Conflict,Approved,Vendor dependency,Sep-2025,Q3-2025
CHG0001136,2025-07-22 03:28:45,2025-08-02 03:28:45,2025-08-02 07:28:45,2025-08-02 03:01:45,2025-08-02 09:01:45,Emergency,Medium,4 - Low,Closed,Email/Collaboration,App Support,Deepak Nair,Kolkata,Finance,VPN Gateway,Load balancer config,No Conflict,Rejected,Awaiting approval,Jul-2025,Q3-2025
CHG0001137,2025-12-12 02:39:02,2026-01-01 02:39:02,2026-01-01 08:39:02,,,Normal,Medium,1 - Critical,Authorize,Security,App Support,Rohan Verma,Chennai,Sales,SAP Production,Network upgrade,No Conflict,Pending,Vendor dependency,Dec-2025,Q4-2025
CHG0001138,2025-08-14 05:25:11,2025-09-05 05:25:11,2025-09-05 12:25:11,,,Normal,Medium,3 - Medium,Review,Network,Security Ops,Vikram Joshi,Bangalore,Procurement,Active Directory,Network upgrade,No Conflict,Approved,Resource unavailable,Aug-2025,Q3-2025
CHG0001139,2025-03-30 12:34:13,2025-04-21 12:34:13,2025-04-21 13:34:13,,,Normal,Low,1 - Critical,Authorize,Access Management,Network Ops,Rohan Verma,Kolkata,Legal,SAP Production,Firewall rule update,No Conflict,Approved,Awaiting approval,Mar-2025,Q1-2025
CHG0001140,2025-02-19 07:21:50,2025-03-15 07:21:50,2025-03-15 09:21:50,,,Emergency,Medium,1 - Critical,Review,Database,L1 Support,Kavya Reddy,Hyderabad,Finance,VPN Gateway,DR failover test,Conflict Detected,Approved,Testing required,Feb-2025,Q1-2025
CHG0001141,2025-01-06 12:48:59,2025-01-14 12:48:59,2025-01-14 19:48:59,,,Normal,Low,2 - High,Review,Email/Collaboration,L2 Support,Kavya Reddy,Delhi NCR,Procurement,Active Directory,Firewall rule update,Conflict Detected,Rejected,Awaiting approval,Jan-2025,Q1-2025
CHG0001142,2025-07-03 10:55:43,2025-07-16 10:55:43,2025-07-16 16:55:43,2025-07-16 10:52:43,2025-07-16 11:52:43,Emergency,High,1 - Critical,Implement,Email/Collaboration,App Support,Deepak Nair,Mumbai,Legal,ERP Server,Middleware upgrade,No Conflict,Approved,Resource unavailable,Jul-2025,Q3-2025
CHG0001143,2025-12-18 23:23:24,2026-01-13 23:23:24,2026-01-14 06:23:24,,,Standard,High,3 - Medium,Review,Access Management,Network Ops,Sneha Patil,Pune,Procurement,Oracle DB,Storage expansion,No Conflict,Pending,Awaiting approval,Dec-2025,Q4-2025
CHG0001144,2025-09-17 18:49:43,2025-09-24 18:49:43,2025-09-25 00:49:43,,,Emergency,Low,2 - High,Review,Software,L1 Support,Vikram Joshi,Bangalore,Procurement,Firewall-01,OS patch deployment,Conflict Detected,Pending,,Sep-2025,Q3-2025
CHG0001145,2025-10-15 01:31:02,2025-11-03 01:31:02,2025-11-03 08:31:02,,,Standard,Low,3 - Medium,Cancelled,Database,Security Ops,Priya Menon,Kolkata,Procurement,ERP Server,Storage expansion,Conflict Detected,Approved,Resource unavailable,Oct-2025,Q4-2025
CHG0001146,2025-10-29 01:21:46,2025-11-12 01:21:46,2025-11-12 07:21:46,,,Emergency,Medium,1 - Critical,Review,Application,DB Admins,Rohan Verma,Hyderabad,HR,CRM Application,Backup policy change,No Conflict,Approved,Vendor dependency,Oct-2025,Q4-2025
CHG0001147,2025-12-12 10:31:06,2025-12-31 10:31:06,2025-12-31 18:31:06,,,Normal,Medium,1 - Critical,Review,Software,App Support,Rahul Sharma,Chennai,Legal,SAP Production,Storage expansion,No Conflict,Pending,Testing required,Dec-2025,Q4-2025
CHG0001148,2025-10-27 21:01:56,2025-11-12 21:01:56,2025-11-13 00:01:56,,,Standard,High,2 - High,Review,Email/Collaboration,L1 Support,Amit Desai,Bangalore,Marketing,Oracle DB,DB migration,No Conflict,Approved,Resource unavailable,Oct-2025,Q4-2025
CHG0001149,2025-03-02 19:41:50,2025-03-17 19:41:50,2025-03-17 22:41:50,,,Standard,High,3 - Medium,Review,Application,App Support,Deepak Nair,Delhi NCR,Legal,CRM Application,DR failover test,No Conflict,Approved,Awaiting approval,Mar-2025,Q1-2025
CHG0001150,2025-04-12 22:17:01,2025-05-08 22:17:01,2025-05-09 06:17:01,,,Emergency,High,1 - Critical,Authorize,Application,Infra Team,Pooja Iyer,Mumbai,Sales,Firewall-01,Backup policy change,No Conflict,Approved,Vendor dependency,Apr-2025,Q2-2025
CHG0001151,2025-12-22 15:56:04,2026-01-15 15:56:04,2026-01-15 20:56:04,2026-01-15 16:09:04,2026-01-15 18:09:04,Emergency,Low,3 - Medium,Implement,Software,Security Ops,Rohan Verma,Kolkata,Legal,Load Balancer,Network upgrade,No Conflict,Approved,Awaiting approval,Dec-2025,Q4-2025
CHG0001152,2025-05-27 07:24:25,2025-06-09 07:24:25,2025-06-09 08:24:25,,,Normal,Medium,4 - Low,Authorize,Database,L1 Support,Priya Menon,Mumbai,Finance,Load Balancer,DR failover test,No Conflict,Approved,Testing required,May-2025,Q2-2025
CHG0001153,2025-08-15 20:47:23,2025-08-30 20:47:23,2025-08-31 02:47:23,2025-08-30 21:15:23,2025-08-31 05:15:23,Normal,Low,1 - Critical,Implement,Hardware,Network Ops,Amit Desai,Chennai,Marketing,ERP Server,Backup policy change,No Conflict,Approved,Testing required,Aug-2025,Q3-2025
CHG0001154,2025-11-27 01:59:59,2025-12-21 01:59:59,2025-12-21 03:59:59,2025-12-21 01:51:59,2025-12-21 03:51:59,Standard,High,3 - Medium,Closed,Network,Infra Team,Rohan Verma,Hyderabad,Legal,CRM Application,Firewall rule update,No Conflict,Pending,Vendor dependency,Nov-2025,Q4-2025
CHG0001155,2025-06-28 18:19:45,2025-07-14 18:19:45,2025-07-14 22:19:45,2025-07-14 18:35:45,2025-07-14 22:35:45,Standard,High,1 - Critical,Closed,Network,App Support,Anjali Singh,Delhi NCR,Procurement,Load Balancer,DR failover test,No Conflict,Rejected,Testing required,Jun-2025,Q2-2025
CHG0001156,2025-04-21 12:05:55,2025-05-17 12:05:55,2025-05-17 15:05:55,2025-05-17 12:29:55,2025-05-17 17:29:55,Normal,Medium,2 - High,Closed,Email/Collaboration,L2 Support,Amit Desai,Mumbai,Procurement,Active Directory,DR failover test,No Conflict,Approved,Awaiting approval,Apr-2025,Q2-2025
CHG0001157,2025-07-20 08:29:57,2025-08-03 08:29:57,2025-08-03 12:29:57,,,Emergency,High,4 - Low,Review,Database,L1 Support,Sneha Patil,Pune,HR,Firewall-01,Network upgrade,No Conflict,Pending,Resource unavailable,Jul-2025,Q3-2025
CHG0001158,2025-01-09 19:44:11,2025-02-06 19:44:11,2025-02-07 00:44:11,,,Emergency,Low,2 - High,Authorize,Database,Infra Team,Anjali Singh,Hyderabad,Finance,Oracle DB,Backup policy change,No Conflict,Pending,,Jan-2025,Q1-2025
CHG0001159,2025-07-13 17:56:14,2025-07-30 17:56:14,2025-07-31 01:56:14,,,Normal,Low,1 - Critical,Cancelled,Network,DB Admins,Anjali Singh,Pune,IT,Email Gateway,OS patch deployment,Conflict Detected,Approved,Awaiting approval,Jul-2025,Q3-2025
CHG0001160,2025-08-16 21:22:55,2025-08-23 21:22:55,2025-08-23 23:22:55,,,Standard,Medium,1 - Critical,Review,Email/Collaboration,L2 Support,Amit Desai,Hyderabad,Operations,VPN Gateway,Storage expansion,Conflict Detected,Pending,Awaiting approval,Aug-2025,Q3-2025
CHG0001161,2025-03-18 12:24:23,2025-04-13 12:24:23,2025-04-13 15:24:23,2025-04-13 12:34:23,2025-04-13 13:34:23,Standard,Low,2 - High,Implement,Software,Network Ops,Kavya Reddy,Pune,Marketing,Core Switch,Storage expansion,No Conflict,Approved,,Mar-2025,Q1-2025
CHG0001162,2025-02-17 02:00:00,2025-02-26 02:00:00,2025-02-26 05:00:00,2025-02-26 01:55:00,2025-02-26 04:55:00,Standard,Medium,1 - Critical,Implement,Security,L1 Support,Vikram Joshi,Mumbai,IT,ERP Server,Backup policy change,No Conflict,Approved,Vendor dependency,Feb-2025,Q1-2025
CHG0001163,2025-09-10 13:20:09,2025-09-25 13:20:09,2025-09-25 15:20:09,2025-09-25 13:47:09,2025-09-25 21:47:09,Emergency,High,1 - Critical,Closed,Network,Network Ops,Anjali Singh,Delhi NCR,Legal,Active Directory,DB migration,No Conflict,Approved,Testing required,Sep-2025,Q3-2025
CHG0001164,2025-01-17 04:48:14,2025-01-25 04:48:14,2025-01-25 11:48:14,2025-01-25 04:25:14,2025-01-25 05:25:14,Normal,High,4 - Low,Closed,Access Management,L1 Support,Sneha Patil,Delhi NCR,Operations,ERP Server,Middleware upgrade,No Conflict,Approved,,Jan-2025,Q1-2025
CHG0001165,2025-08-30 12:57:28,2025-09-14 12:57:28,2025-09-14 14:57:28,2025-09-14 12:48:28,2025-09-14 14:48:28,Standard,High,2 - High,Closed,Email/Collaboration,L1 Support,Priya Menon,Delhi NCR,Procurement,Core Switch,Network upgrade,No Conflict,Approved,Awaiting approval,Aug-2025,Q3-2025
CHG0001166,2025-09-08 14:13:55,2025-09-23 14:13:55,2025-09-23 16:13:55,,,Normal,High,4 - Low,Authorize,Application,L2 Support,Rahul Sharma,Kolkata,Legal,CRM Application,Firewall rule update,No Conflict,Pending,Resource unavailable,Sep-2025,Q3-2025
CHG0001167,2025-05-31 08:36:24,2025-06-10 08:36:24,2025-06-10 11:36:24,,,Normal,High,1 - Critical,Authorize,Network,Security Ops,Kavya Reddy,Chennai,Procurement,Oracle DB,Backup policy change,No Conflict,Pending,Awaiting approval,May-2025,Q2-2025
CHG0001168,2025-10-12 17:48:01,2025-10-24 17:48:01,2025-10-24 20:48:01,,,Standard,Medium,3 - Medium,Authorize,Application,Network Ops,Deepak Nair,Kolkata,Sales,VPN Gateway,DB migration,No Conflict,Approved,,Oct-2025,Q4-2025
CHG0001169,2025-01-28 21:23:15,2025-02-14 21:23:15,2025-02-14 22:23:15,,,Emergency,High,4 - Low,Authorize,Access Management,L1 Support,Sneha Patil,Bangalore,IT,VPN Gateway,Backup policy change,No Conflict,Approved,Vendor dependency,Jan-2025,Q1-2025
CHG0001170,2025-08-11 18:59:19,2025-09-06 18:59:19,2025-09-06 23:59:19,2025-09-06 19:17:19,2025-09-06 22:17:19,Emergency,Medium,2 - High,Implement,Network,L2 Support,Rohan Verma,Delhi NCR,Operations,Email Gateway,Backup policy change,No Conflict,Approved,Testing required,Aug-2025,Q3-2025
CHG0001171,2025-01-03 10:28:21,2025-01-15 10:28:21,2025-01-15 11:28:21,2025-01-15 10:52:21,2025-01-15 13:52:21,Standard,Medium,4 - Low,Implement,Email/Collaboration,L2 Support,Vikram Joshi,Bangalore,Finance,Core Switch,Middleware upgrade,No Conflict,Rejected,Vendor dependency,Jan-2025,Q1-2025
CHG0001172,2025-06-12 12:10:34,2025-06-19 12:10:34,2025-06-19 13:10:34,,,Normal,Low,2 - High,Review,Application,DB Admins,Vikram Joshi,Pune,Operations,ERP Server,Backup policy change,No Conflict,Rejected,,Jun-2025,Q2-2025
CHG0001173,2025-02-21 01:19:25,2025-03-11 01:19:25,2025-03-11 05:19:25,2025-03-11 01:19:25,2025-03-11 05:19:25,Emergency,Medium,2 - High,Implement,Database,Network Ops,Rohan Verma,Bangalore,Procurement,SAP Production,OS patch deployment,No Conflict,Approved,Awaiting approval,Feb-2025,Q1-2025
CHG0001174,2025-09-14 06:54:13,2025-10-12 06:54:13,2025-10-12 07:54:13,2025-10-12 06:29:13,2025-10-12 12:29:13,Emergency,Low,3 - Medium,Closed,Email/Collaboration,L2 Support,Rahul Sharma,Kolkata,Marketing,Email Gateway,Middleware upgrade,No Conflict,Approved,Awaiting approval,Sep-2025,Q3-2025
CHG0001175,2025-12-21 14:12:43,2026-01-04 14:12:43,2026-01-04 15:12:43,2026-01-04 14:27:43,2026-01-04 16:27:43,Normal,Low,4 - Low,Implement,Database,App Support,Sneha Patil,Hyderabad,HR,Oracle DB,OS patch deployment,No Conflict,Approved,Awaiting approval,Dec-2025,Q4-2025
CHG0001176,2025-06-04 19:14:00,2025-07-01 19:14:00,2025-07-02 02:14:00,2025-07-01 19:41:00,2025-07-02 02:41:00,Normal,Low,4 - Low,Closed,Security,Infra Team,Vikram Joshi,Mumbai,Sales,Firewall-01,Network upgrade,Conflict Detected,Pending,Vendor dependency,Jun-2025,Q2-2025
CHG0001177,2025-11-25 17:43:52,2025-12-03 17:43:52,2025-12-03 21:43:52,,,Normal,Low,3 - Medium,Authorize,Application,L1 Support,Rahul Sharma,Chennai,IT,Active Directory,OS patch deployment,No Conflict,Rejected,Vendor dependency,Nov-2025,Q4-2025
CHG0001178,2025-03-16 07:39:17,2025-03-29 07:39:17,2025-03-29 13:39:17,2025-03-29 07:26:17,2025-03-29 15:26:17,Standard,Low,4 - Low,Closed,Security,Infra Team,Vikram Joshi,Mumbai,Marketing,SAP Production,Backup policy change,Conflict Detected,Pending,Vendor dependency,Mar-2025,Q1-2025
CHG0001179,2025-02-16 15:52:34,2025-03-06 15:52:34,2025-03-06 16:52:34,,,Standard,Medium,1 - Critical,Authorize,Security,L2 Support,Deepak Nair,Delhi NCR,Operations,ERP Server,Load balancer config,No Conflict,Approved,,Feb-2025,Q1-2025
CHG0001180,2025-10-08 04:22:52,2025-10-20 04:22:52,2025-10-20 10:22:52,2025-10-20 04:06:52,2025-10-20 06:06:52,Emergency,Medium,2 - High,Closed,Application,App Support,Priya Menon,Bangalore,Finance,Core Switch,Load balancer config,Conflict Detected,Approved,,Oct-2025,Q4-2025
CHG0001181,2025-05-17 14:33:19,2025-06-13 14:33:19,2025-06-13 21:33:19,,,Standard,Medium,1 - Critical,Review,Access Management,Infra Team,Sneha Patil,Chennai,Legal,Oracle DB,Network upgrade,No Conflict,Pending,Resource unavailable,May-2025,Q2-2025
CHG0001182,2025-12-02 20:27:19,2025-12-27 20:27:19,2025-12-27 23:27:19,2025-12-27 20:42:19,2025-12-28 04:42:19,Normal,High,1 - Critical,Closed,Hardware,Network Ops,Pooja Iyer,Kolkata,IT,VPN Gateway,Network upgrade,No Conflict,Pending,,Dec-2025,Q4-2025
CHG0001183,2025-02-22 13:35:49,2025-03-20 13:35:49,2025-03-20 21:35:49,,,Standard,High,4 - Low,Review,Security,L1 Support,Deepak Nair,Kolkata,Procurement,Load Balancer,Storage expansion,No Conflict,Approved,Testing required,Feb-2025,Q1-2025
CHG0001184,2025-12-08 09:44:12,2026-01-03 09:44:12,2026-01-03 17:44:12,2026-01-03 10:02:12,2026-01-03 12:02:12,Standard,Medium,2 - High,Implement,Application,Security Ops,Amit Desai,Bangalore,Procurement,VPN Gateway,Network upgrade,No Conflict,Approved,Testing required,Dec-2025,Q4-2025
CHG0001185,2025-04-29 21:12:14,2025-05-10 21:12:14,2025-05-10 22:12:14,2025-05-10 21:16:14,2025-05-10 22:16:14,Standard,Medium,3 - Medium,Closed,Network,L1 Support,Rahul Sharma,Pune,Marketing,Load Balancer,Load balancer config,No Conflict,Approved,Vendor dependency,Apr-2025,Q2-2025
CHG0001186,2025-05-14 02:28:16,2025-06-06 02:28:16,2025-06-06 05:28:16,,,Normal,Medium,3 - Medium,Review,Application,L1 Support,Rohan Verma,Kolkata,Operations,Email Gateway,Firewall rule update,No Conflict,Approved,,May-2025,Q2-2025
CHG0001187,2025-02-04 14:31:06,2025-02-18 14:31:06,2025-02-18 16:31:06,2025-02-18 14:34:06,2025-02-18 22:34:06,Standard,Medium,1 - Critical,Implement,Email/Collaboration,L1 Support,Pooja Iyer,Hyderabad,Procurement,Oracle DB,SSL certificate renewal,No Conflict,Pending,Vendor dependency,Feb-2025,Q1-2025
CHG0001188,2025-02-19 19:34:21,2025-03-14 19:34:21,2025-03-15 00:34:21,2025-03-14 19:53:21,2025-03-15 01:53:21,Normal,High,3 - Medium,Closed,Database,Network Ops,Priya Menon,Mumbai,Procurement,Core Switch,Middleware upgrade,No Conflict,Rejected,Testing required,Feb-2025,Q1-2025
CHG0001189,2025-11-24 22:44:54,2025-12-22 22:44:54,2025-12-23 04:44:54,2025-12-22 23:12:54,2025-12-23 03:12:54,Normal,Medium,4 - Low,Implement,Application,Security Ops,Amit Desai,Pune,Marketing,ERP Server,Firewall rule update,No Conflict,Approved,Resource unavailable,Nov-2025,Q4-2025
CHG0001190,2025-12-26 09:31:47,2026-01-06 09:31:47,2026-01-06 17:31:47,2026-01-06 09:41:47,2026-01-06 11:41:47,Normal,Medium,4 - Low,Closed,Software,App Support,Amit Desai,Kolkata,IT,CRM Application,Network upgrade,Conflict Detected,Pending,Testing required,Dec-2025,Q4-2025
CHG0001191,2025-12-29 07:10:23,2026-01-20 07:10:23,2026-01-20 13:10:23,2026-01-20 07:14:23,2026-01-20 09:14:23,Standard,Medium,1 - Critical,Closed,Application,L1 Support,Deepak Nair,Kolkata,Operations,Firewall-01,SSL certificate renewal,Conflict Detected,Rejected,Resource unavailable,Dec-2025,Q4-2025
CHG0001192,2025-09-10 22:13:26,2025-09-19 22:13:26,2025-09-20 03:13:26,,,Standard,Low,1 - Critical,Review,Software,Infra Team,Sneha Patil,Kolkata,Legal,VPN Gateway,Firewall rule update,Conflict Detected,Rejected,Awaiting approval,Sep-2025,Q3-2025
CHG0001193,2025-08-28 07:41:36,2025-09-11 07:41:36,2025-09-11 08:41:36,,,Emergency,High,1 - Critical,Cancelled,Hardware,L1 Support,Priya Menon,Kolkata,HR,Load Balancer,OS patch deployment,No Conflict,Approved,Resource unavailable,Aug-2025,Q3-2025
CHG0001194,2025-03-22 15:08:04,2025-03-31 15:08:04,2025-03-31 16:08:04,2025-03-31 15:26:04,2025-03-31 22:26:04,Normal,High,2 - High,Implement,Email/Collaboration,L1 Support,Priya Menon,Bangalore,Procurement,Load Balancer,Network upgrade,No Conflict,Approved,Resource unavailable,Mar-2025,Q1-2025
CHG0001195,2025-09-07 10:58:09,2025-10-01 10:58:09,2025-10-01 16:58:09,,,Standard,Medium,3 - Medium,Review,Hardware,Infra Team,Pooja Iyer,Delhi NCR,Legal,VPN Gateway,Load balancer config,No Conflict,Approved,Vendor dependency,Sep-2025,Q3-2025
CHG0001196,2025-12-21 07:13:42,2026-01-04 07:13:42,2026-01-04 15:13:42,2026-01-04 06:50:42,2026-01-04 08:50:42,Emergency,Low,3 - Medium,Closed,Network,App Support,Priya Menon,Kolkata,Sales,Firewall-01,OS patch deployment,No Conflict,Approved,Resource unavailable,Dec-2025,Q4-2025
CHG0001197,2025-04-23 15:11:23,2025-05-07 15:11:23,2025-05-07 19:11:23,,,Normal,Medium,2 - High,Authorize,Database,Infra Team,Vikram Joshi,Chennai,IT,CRM Application,DR failover test,No Conflict,Approved,Resource unavailable,Apr-2025,Q2-2025
CHG0001198,2025-04-06 10:20:37,2025-04-14 10:20:37,2025-04-14 18:20:37,2025-04-14 10:49:37,2025-04-14 17:49:37,Standard,Low,2 - High,Implement,Application,L1 Support,Sneha Patil,Bangalore,Operations,Email Gateway,Network upgrade,No Conflict,Approved,,Apr-2025,Q2-2025
CHG0001199,2025-07-16 00:41:54,2025-08-09 00:41:54,2025-08-09 02:41:54,2025-08-09 00:59:54,2025-08-09 07:59:54,Emergency,Low,1 - Critical,Closed,Access Management,DB Admins,Rahul Sharma,Delhi NCR,Finance,Firewall-01,Storage expansion,No Conflict,Approved,,Jul-2025,Q3-2025
CHG0001200,2025-12-09 02:18:10,2025-12-17 02:18:10,2025-12-17 05:18:10,,,Normal,Low,1 - Critical,Review,Hardware,Infra Team,Rohan Verma,Pune,Finance,Email Gateway,Load balancer config,No Conflict,Approved,Vendor dependency,Dec-2025,Q4-2025
CHG0001201,2025-03-13 23:35:55,2025-04-01 23:35:55,2025-04-02 07:35:55,2025-04-01 23:14:55,2025-04-02 07:14:55,Emergency,Low,2 - High,Closed,Hardware,Infra Team,Kavya Reddy,Bangalore,Procurement,Load Balancer,SSL certificate renewal,Conflict Detected,Approved,Awaiting approval,Mar-2025,Q1-2025
CHG0001202,2025-03-21 17:20:16,2025-04-09 17:20:16,2025-04-09 23:20:16,2025-04-09 17:48:16,2025-04-09 20:48:16,Normal,Medium,1 - Critical,Implement,Access Management,Infra Team,Anjali Singh,Bangalore,Marketing,Active Directory,SSL certificate renewal,Conflict Detected,Approved,Testing required,Mar-2025,Q1-2025
CHG0001203,2025-06-21 17:47:10,2025-07-12 17:47:10,2025-07-12 23:47:10,,,Standard,Medium,4 - Low,Review,Hardware,L2 Support,Kavya Reddy,Delhi NCR,IT,CRM Application,Firewall rule update,No Conflict,Approved,Awaiting approval,Jun-2025,Q2-2025
CHG0001204,2025-07-11 02:53:38,2025-08-05 02:53:38,2025-08-05 04:53:38,2025-08-05 02:51:38,2025-08-05 03:51:38,Normal,Low,3 - Medium,Closed,Hardware,DB Admins,Vikram Joshi,Hyderabad,Operations,Oracle DB,Firewall rule update,No Conflict,Pending,Vendor dependency,Jul-2025,Q3-2025
CHG0001205,2025-09-02 14:33:01,2025-09-16 14:33:01,2025-09-16 15:33:01,2025-09-16 14:57:01,2025-09-16 22:57:01,Emergency,High,2 - High,Implement,Access Management,Security Ops,Kavya Reddy,Mumbai,IT,Active Directory,Middleware upgrade,No Conflict,Pending,Awaiting approval,Sep-2025,Q3-2025
CHG0001206,2025-12-15 04:48:31,2025-12-28 04:48:31,2025-12-28 12:48:31,2025-12-28 04:21:31,2025-12-28 10:21:31,Standard,Low,3 - Medium,Closed,Email/Collaboration,Infra Team,Kavya Reddy,Bangalore,Procurement,Firewall-01,Network upgrade,No Conflict,Pending,Testing required,Dec-2025,Q4-2025
CHG0001207,2025-07-30 11:41:45,2025-08-17 11:41:45,2025-08-17 16:41:45,2025-08-17 11:54:45,2025-08-17 16:54:45,Standard,High,2 - High,Closed,Application,L1 Support,Pooja Iyer,Pune,Finance,SAP Production,OS patch deployment,No Conflict,Approved,Vendor dependency,Jul-2025,Q3-2025
CHG0001208,2025-08-04 17:01:33,2025-08-21 17:01:33,2025-08-21 22:01:33,,,Normal,Medium,4 - Low,Cancelled,Access Management,L2 Support,Rohan Verma,Pune,HR,CRM Application,Load balancer config,No Conflict,Approved,Awaiting approval,Aug-2025,Q3-2025
CHG0001209,2025-05-16 02:26:56,2025-05-28 02:26:56,2025-05-28 06:26:56,2025-05-28 02:39:56,2025-05-28 08:39:56,Normal,Low,3 - Medium,Closed,Security,App Support,Vikram Joshi,Hyderabad,HR,SAP Production,DB migration,No Conflict,Approved,Vendor dependency,May-2025,Q2-2025
CHG0001210,2025-10-26 02:06:55,2025-11-12 02:06:55,2025-11-12 05:06:55,2025-11-12 01:36:55,2025-11-12 07:36:55,Normal,Medium,3 - Medium,Implement,Security,L1 Support,Deepak Nair,Delhi NCR,Procurement,VPN Gateway,SSL certificate renewal,No Conflict,Approved,,Oct-2025,Q4-2025
CHG0001211,2025-01-02 13:32:11,2025-01-21 13:32:11,2025-01-21 18:32:11,2025-01-21 13:54:11,2025-01-21 18:54:11,Standard,High,2 - High,Implement,Access Management,L2 Support,Priya Menon,Delhi NCR,Marketing,Active Directory,DR failover test,No Conflict,Approved,Resource unavailable,Jan-2025,Q1-2025
CHG0001212,2025-04-15 00:29:04,2025-04-25 00:29:04,2025-04-25 06:29:04,2025-04-25 00:31:04,2025-04-25 08:31:04,Emergency,Medium,4 - Low,Closed,Software,L1 Support,Sneha Patil,Mumbai,Procurement,CRM Application,DR failover test,No Conflict,Pending,Vendor dependency,Apr-2025,Q2-2025
CHG0001213,2025-10-03 19:14:04,2025-10-31 19:14:04,2025-11-01 01:14:04,,,Normal,Low,2 - High,Authorize,Access Management,L1 Support,Rohan Verma,Chennai,Marketing,Firewall-01,SSL certificate renewal,No Conflict,Approved,Testing required,Oct-2025,Q4-2025
CHG0001214,2025-01-28 18:18:51,2025-02-14 18:18:51,2025-02-14 19:18:51,2025-02-14 18:36:51,2025-02-14 22:36:51,Standard,High,2 - High,Implement,Network,Infra Team,Anjali Singh,Mumbai,Procurement,CRM Application,Middleware upgrade,No Conflict,Approved,Resource unavailable,Jan-2025,Q1-2025
CHG0001215,2025-01-26 17:50:29,2025-02-18 17:50:29,2025-02-18 19:50:29,2025-02-18 18:13:29,2025-02-18 21:13:29,Standard,Medium,2 - High,Implement,Database,App Support,Vikram Joshi,Delhi NCR,Procurement,Active Directory,Middleware upgrade,Conflict Detected,Pending,Resource unavailable,Jan-2025,Q1-2025
CHG0001216,2025-12-15 15:02:43,2026-01-09 15:02:43,2026-01-09 23:02:43,2026-01-09 14:42:43,2026-01-09 16:42:43,Emergency,Medium,3 - Medium,Implement,Database,DB Admins,Kavya Reddy,Mumbai,Procurement,VPN Gateway,Load balancer config,No Conflict,Approved,Resource unavailable,Dec-2025,Q4-2025
CHG0001217,2025-01-04 12:29:03,2025-01-23 12:29:03,2025-01-23 16:29:03,,,Standard,High,1 - Critical,Review,Application,L2 Support,Vikram Joshi,Bangalore,Legal,SAP Production,Firewall rule update,No Conflict,Approved,Testing required,Jan-2025,Q1-2025
CHG0001218,2025-11-30 14:59:55,2025-12-18 14:59:55,2025-12-18 16:59:55,,,Emergency,High,3 - Medium,Authorize,Software,DB Admins,Sneha Patil,Hyderabad,Finance,CRM Application,Firewall rule update,No Conflict,Rejected,Vendor dependency,Nov-2025,Q4-2025
CHG0001219,2025-11-15 10:32:46,2025-11-22 10:32:46,2025-11-22 14:32:46,2025-11-22 10:40:46,2025-11-22 13:40:46,Standard,Medium,1 - Critical,Closed,Email/Collaboration,Network Ops,Amit Desai,Delhi NCR,Operations,Load Balancer,DR failover test,No Conflict,Approved,Awaiting approval,Nov-2025,Q4-2025
CHG0001220,2025-05-01 06:10:14,2025-05-15 06:10:14,2025-05-15 10:10:14,2025-05-15 05:41:14,2025-05-15 08:41:14,Emergency,Medium,4 - Low,Closed,Email/Collaboration,App Support,Rahul Sharma,Hyderabad,Operations,VPN Gateway,DR failover test,Conflict Detected,Approved,,May-2025,Q2-2025
CHG0001221,2025-12-01 03:19:38,2025-12-27 03:19:38,2025-12-27 04:19:38,2025-12-27 03:05:38,2025-12-27 08:05:38,Normal,High,1 - Critical,Implement,Software,L2 Support,Amit Desai,Delhi NCR,IT,Firewall-01,DB migration,No Conflict,Pending,,Dec-2025,Q4-2025
CHG0001222,2025-03-02 07:19:06,2025-03-13 07:19:06,2025-03-13 09:19:06,2025-03-13 07:29:06,2025-03-13 15:29:06,Normal,Low,2 - High,Implement,Hardware,Infra Team,Priya Menon,Pune,IT,Email Gateway,Network upgrade,No Conflict,Approved,Vendor dependency,Mar-2025,Q1-2025
CHG0001223,2025-06-04 02:54:15,2025-06-25 02:54:15,2025-06-25 09:54:15,2025-06-25 02:58:15,2025-06-25 08:58:15,Normal,Medium,1 - Critical,Closed,Hardware,L2 Support,Rohan Verma,Pune,Legal,Load Balancer,DB migration,Conflict Detected,Approved,Awaiting approval,Jun-2025,Q2-2025
CHG0001224,2025-11-07 14:26:04,2025-11-22 14:26:04,2025-11-22 15:26:04,,,Emergency,High,4 - Low,Authorize,Access Management,Infra Team,Priya Menon,Mumbai,Legal,Core Switch,SSL certificate renewal,No Conflict,Pending,Vendor dependency,Nov-2025,Q4-2025
CHG0001225,2025-08-15 02:15:14,2025-08-28 02:15:14,2025-08-28 09:15:14,,,Normal,Medium,2 - High,Authorize,Email/Collaboration,App Support,Vikram Joshi,Delhi NCR,Procurement,SAP Production,Backup policy change,Conflict Detected,Approved,Vendor dependency,Aug-2025,Q3-2025
CHG0001226,2025-08-23 12:45:56,2025-09-01 12:45:56,2025-09-01 16:45:56,2025-09-01 12:15:56,2025-09-01 17:15:56,Normal,High,2 - High,Closed,Network,Network Ops,Vikram Joshi,Bangalore,Marketing,CRM Application,SSL certificate renewal,No Conflict,Pending,,Aug-2025,Q3-2025
CHG0001227,2025-03-23 10:15:12,2025-04-12 10:15:12,2025-04-12 16:15:12,,,Normal,Medium,2 - High,Review,Application,App Support,Kavya Reddy,Mumbai,IT,Email Gateway,Load balancer config,No Conflict,Approved,,Mar-2025,Q1-2025
CHG0001228,2025-12-11 15:10:56,2026-01-07 15:10:56,2026-01-07 18:10:56,2026-01-07 15:27:56,2026-01-07 17:27:56,Standard,Low,3 - Medium,Implement,Security,L2 Support,Rohan Verma,Bangalore,Sales,VPN Gateway,DB migration,No Conflict,Approved,Testing required,Dec-2025,Q4-2025
CHG0001229,2025-03-21 23:49:02,2025-04-11 23:49:02,2025-04-12 00:49:02,,,Normal,Medium,4 - Low,Authorize,Email/Collaboration,L1 Support,Rohan Verma,Mumbai,Legal,SAP Production,Firewall rule update,No Conflict,Rejected,,Mar-2025,Q1-2025
CHG0001230,2025-09-28 23:49:24,2025-10-24 23:49:24,2025-10-25 06:49:24,,,Normal,Medium,2 - High,Review,Hardware,DB Admins,Rahul Sharma,Bangalore,HR,Firewall-01,OS patch deployment,No Conflict,Approved,Resource unavailable,Sep-2025,Q3-2025
CHG0001231,2025-09-27 01:34:10,2025-10-18 01:34:10,2025-10-18 04:34:10,,,Standard,Low,1 - Critical,Cancelled,Hardware,DB Admins,Priya Menon,Delhi NCR,Legal,SAP Production,OS patch deployment,No Conflict,Approved,Vendor dependency,Sep-2025,Q3-2025
CHG0001232,2025-08-29 17:04:30,2025-09-20 17:04:30,2025-09-21 00:04:30,2025-09-20 17:13:30,2025-09-20 22:13:30,Standard,Medium,2 - High,Implement,Security,L2 Support,Rohan Verma,Kolkata,IT,Email Gateway,Storage expansion,No Conflict,Approved,Resource unavailable,Aug-2025,Q3-2025
CHG0001233,2025-07-18 09:36:17,2025-08-09 09:36:17,2025-08-09 11:36:17,2025-08-09 09:09:17,2025-08-09 17:09:17,Standard,High,4 - Low,Closed,Access Management,L1 Support,Amit Desai,Delhi NCR,Finance,VPN Gateway,Storage expansion,No Conflict,Approved,Awaiting approval,Jul-2025,Q3-2025
CHG0001234,2025-12-29 13:52:12,2026-01-23 13:52:12,2026-01-23 19:52:12,2026-01-23 13:39:12,2026-01-23 15:39:12,Normal,High,2 - High,Implement,Software,Security Ops,Rohan Verma,Bangalore,IT,SAP Production,Network upgrade,No Conflict,Approved,,Dec-2025,Q4-2025
CHG0001235,2025-04-15 08:03:56,2025-05-02 08:03:56,2025-05-02 12:03:56,2025-05-02 08:02:56,2025-05-02 09:02:56,Standard,Low,2 - High,Closed,Email/Collaboration,Infra Team,Rohan Verma,Mumbai,Procurement,ERP Server,OS patch deployment,No Conflict,Approved,,Apr-2025,Q2-2025
CHG0001236,2025-03-18 21:08:27,2025-03-25 21:08:27,2025-03-26 04:08:27,2025-03-25 20:45:27,2025-03-26 04:45:27,Standard,Medium,1 - Critical,Implement,Hardware,L2 Support,Pooja Iyer,Bangalore,HR,Active Directory,OS patch deployment,No Conflict,Pending,Resource unavailable,Mar-2025,Q1-2025
CHG0001237,2025-07-02 04:54:41,2025-07-17 04:54:41,2025-07-17 09:54:41,2025-07-17 05:10:41,2025-07-17 10:10:41,Emergency,Medium,4 - Low,Implement,Software,DB Admins,Deepak Nair,Chennai,IT,Active Directory,Middleware upgrade,Conflict Detected,Rejected,,Jul-2025,Q3-2025
CHG0001238,2025-10-02 10:47:09,2025-10-21 10:47:09,2025-10-21 12:47:09,,,Normal,Medium,1 - Critical,Authorize,Email/Collaboration,Security Ops,Deepak Nair,Mumbai,Marketing,Active Directory,DR failover test,No Conflict,Pending,Testing required,Oct-2025,Q4-2025
CHG0001239,2025-09-09 18:14:31,2025-09-19 18:14:31,2025-09-19 20:14:31,2025-09-19 18:00:31,2025-09-19 21:00:31,Emergency,Medium,3 - Medium,Implement,Email/Collaboration,L1 Support,Deepak Nair,Chennai,Procurement,VPN Gateway,OS patch deployment,Conflict Detected,Approved,Awaiting approval,Sep-2025,Q3-2025
CHG0001240,2025-04-09 05:49:12,2025-04-28 05:49:12,2025-04-28 06:49:12,,,Normal,High,2 - High,Cancelled,Database,App Support,Rahul Sharma,Chennai,Operations,Firewall-01,SSL certificate renewal,Conflict Detected,Pending,,Apr-2025,Q2-2025
CHG0001241,2025-03-20 17:29:17,2025-04-10 17:29:17,2025-04-10 18:29:17,,,Standard,High,3 - Medium,Cancelled,Network,L2 Support,Vikram Joshi,Kolkata,Legal,ERP Server,Storage expansion,No Conflict,Approved,Resource unavailable,Mar-2025,Q1-2025
CHG0001242,2025-05-07 20:25:23,2025-05-18 20:25:23,2025-05-19 01:25:23,,,Normal,Low,1 - Critical,Review,Access Management,Network Ops,Rahul Sharma,Pune,Sales,Load Balancer,Middleware upgrade,No Conflict,Approved,Resource unavailable,May-2025,Q2-2025
CHG0001243,2025-08-24 12:04:44,2025-09-04 12:04:44,2025-09-04 14:04:44,2025-09-04 12:30:44,2025-09-04 16:30:44,Emergency,Low,1 - Critical,Implement,Network,App Support,Vikram Joshi,Hyderabad,Procurement,Oracle DB,Backup policy change,No Conflict,Approved,,Aug-2025,Q3-2025
CHG0001244,2025-06-11 15:48:38,2025-06-30 15:48:38,2025-06-30 22:48:38,2025-06-30 15:49:38,2025-06-30 16:49:38,Normal,Low,3 - Medium,Implement,Hardware,DB Admins,Amit Desai,Mumbai,Sales,SAP Production,DB migration,No Conflict,Pending,Vendor dependency,Jun-2025,Q2-2025
CHG0001245,2025-04-06 12:09:33,2025-04-17 12:09:33,2025-04-17 20:09:33,,,Emergency,High,1 - Critical,Review,Software,L2 Support,Vikram Joshi,Mumbai,Legal,Load Balancer,OS patch deployment,No Conflict,Approved,Testing required,Apr-2025,Q2-2025
CHG0001246,2025-07-01 05:46:19,2025-07-09 05:46:19,2025-07-09 06:46:19,2025-07-09 05:55:19,2025-07-09 12:55:19,Emergency,High,4 - Low,Closed,Application,L1 Support,Sneha Patil,Mumbai,Sales,SAP Production,Backup policy change,No Conflict,Approved,Awaiting approval,Jul-2025,Q3-2025
CHG0001247,2025-04-19 01:45:58,2025-05-03 01:45:58,2025-05-03 09:45:58,2025-05-03 01:28:58,2025-05-03 06:28:58,Normal,Low,2 - High,Closed,Email/Collaboration,Infra Team,Amit Desai,Hyderabad,Legal,Load Balancer,Storage expansion,No Conflict,Rejected,Resource unavailable,Apr-2025,Q2-2025
CHG0001248,2025-06-08 20:09:47,2025-07-01 20:09:47,2025-07-01 22:09:47,,,Standard,Medium,1 - Critical,Review,Email/Collaboration,Security Ops,Priya Menon,Kolkata,Sales,Active Directory,Firewall rule update,No Conflict,Approved,Resource unavailable,Jun-2025,Q2-2025
CHG0001249,2025-07-09 04:45:29,2025-07-23 04:45:29,2025-07-23 05:45:29,2025-07-23 04:49:29,2025-07-23 07:49:29,Emergency,Low,2 - High,Closed,Access Management,L2 Support,Rohan Verma,Kolkata,Marketing,Core Switch,SSL certificate renewal,No Conflict,Approved,Vendor dependency,Jul-2025,Q3-2025
CHG0001250,2025-11-22 22:36:09,2025-12-14 22:36:09,2025-12-15 00:36:09,2025-12-14 22:27:09,2025-12-15 06:27:09,Standard,High,3 - Medium,Implement,Access Management,Security Ops,Sneha Patil,Chennai,Sales,Active Directory,DB migration,Conflict Detected,Approved,Awaiting approval,Nov-2025,Q4-2025
CHG0001251,2025-03-27 18:53:46,2025-04-13 18:53:46,2025-04-13 22:53:46,2025-04-13 18:54:46,2025-04-14 01:54:46,Emergency,Low,2 - High,Implement,Network,L1 Support,Rahul Sharma,Mumbai,Sales,Email Gateway,DR failover test,No Conflict,Approved,Vendor dependency,Mar-2025,Q1-2025
CHG0001252,2025-10-27 12:39:13,2025-11-09 12:39:13,2025-11-09 14:39:13,2025-11-09 13:07:13,2025-11-09 14:07:13,Standard,Low,3 - Medium,Implement,Application,App Support,Sneha Patil,Delhi NCR,IT,Active Directory,DR failover test,No Conflict,Approved,Resource unavailable,Oct-2025,Q4-2025
CHG0001253,2025-12-14 13:44:14,2025-12-22 13:44:14,2025-12-22 17:44:14,,,Normal,Medium,3 - Medium,Review,Access Management,Security Ops,Anjali Singh,Bangalore,Marketing,Load Balancer,Firewall rule update,No Conflict,Approved,,Dec-2025,Q4-2025
CHG0001254,2025-05-22 14:06:43,2025-06-16 14:06:43,2025-06-16 17:06:43,2025-06-16 14:16:43,2025-06-16 15:16:43,Emergency,Low,1 - Critical,Implement,Database,DB Admins,Rahul Sharma,Pune,Sales,Core Switch,Network upgrade,No Conflict,Pending,Vendor dependency,May-2025,Q2-2025
CHG0001255,2025-05-28 20:58:54,2025-06-23 20:58:54,2025-06-24 01:58:54,,,Emergency,High,3 - Medium,Authorize,Software,Infra Team,Anjali Singh,Pune,IT,Email Gateway,OS patch deployment,No Conflict,Approved,Vendor dependency,May-2025,Q2-2025
CHG0001256,2025-10-29 12:37:22,2025-11-12 12:37:22,2025-11-12 16:37:22,,,Normal,Low,2 - High,Review,Network,Network Ops,Amit Desai,Mumbai,Finance,Firewall-01,Network upgrade,No Conflict,Approved,Resource unavailable,Oct-2025,Q4-2025
CHG0001257,2025-08-10 19:26:11,2025-08-23 19:26:11,2025-08-24 00:26:11,,,Normal,Medium,4 - Low,Review,Email/Collaboration,App Support,Vikram Joshi,Pune,HR,Load Balancer,Firewall rule update,No Conflict,Approved,Vendor dependency,Aug-2025,Q3-2025
CHG0001258,2025-10-08 10:31:22,2025-10-26 10:31:22,2025-10-26 13:31:22,,,Standard,High,3 - Medium,Review,Access Management,L2 Support,Priya Menon,Mumbai,Operations,Firewall-01,Middleware upgrade,No Conflict,Approved,Resource unavailable,Oct-2025,Q4-2025
CHG0001259,2025-12-29 22:55:59,2026-01-24 22:55:59,2026-01-25 06:55:59,,,Emergency,High,1 - Critical,Review,Network,Network Ops,Deepak Nair,Pune,Marketing,Oracle DB,Storage expansion,No Conflict,Approved,,Dec-2025,Q4-2025
CHG0001260,2025-01-01 21:40:04,2025-01-27 21:40:04,2025-01-28 05:40:04,2025-01-27 21:16:04,2025-01-28 00:16:04,Emergency,Low,4 - Low,Implement,Network,Network Ops,Amit Desai,Pune,Marketing,CRM Application,Storage expansion,No Conflict,Pending,,Jan-2025,Q1-2025
CHG0001261,2025-05-10 11:00:29,2025-05-18 11:00:29,2025-05-18 17:00:29,2025-05-18 10:54:29,2025-05-18 13:54:29,Normal,High,4 - Low,Closed,Access Management,L1 Support,Anjali Singh,Kolkata,Marketing,Oracle DB,Firewall rule update,No Conflict,Approved,Resource unavailable,May-2025,Q2-2025
CHG0001262,2025-05-11 19:23:03,2025-05-24 19:23:03,2025-05-25 03:23:03,2025-05-24 19:48:03,2025-05-25 03:48:03,Emergency,High,4 - Low,Closed,Access Management,App Support,Deepak Nair,Chennai,Operations,Core Switch,Network upgrade,No Conflict,Approved,Resource unavailable,May-2025,Q2-2025
CHG0001263,2025-01-02 07:15:09,2025-01-17 07:15:09,2025-01-17 12:15:09,,,Emergency,High,2 - High,Review,Security,DB Admins,Pooja Iyer,Mumbai,Finance,Active Directory,Middleware upgrade,No Conflict,Pending,Awaiting approval,Jan-2025,Q1-2025
CHG0001264,2025-01-03 12:27:26,2025-01-18 12:27:26,2025-01-18 18:27:26,,,Normal,Medium,4 - Low,Authorize,Access Management,L1 Support,Amit Desai,Hyderabad,Legal,Oracle DB,Network upgrade,No Conflict,Approved,Awaiting approval,Jan-2025,Q1-2025
CHG0001265,2025-10-28 12:39:28,2025-11-07 12:39:28,2025-11-07 19:39:28,2025-11-07 12:43:28,2025-11-07 19:43:28,Normal,Medium,2 - High,Implement,Access Management,Security Ops,Sneha Patil,Kolkata,Procurement,VPN Gateway,DR failover test,Conflict Detected,Approved,Resource unavailable,Oct-2025,Q4-2025
CHG0001266,2025-11-27 23:19:26,2025-12-19 23:19:26,2025-12-20 02:19:26,2025-12-19 22:58:26,2025-12-20 03:58:26,Standard,Medium,4 - Low,Closed,Database,L2 Support,Vikram Joshi,Pune,Procurement,Firewall-01,SSL certificate renewal,No Conflict,Approved,Vendor dependency,Nov-2025,Q4-2025
CHG0001267,2025-07-31 11:11:33,2025-08-09 11:11:33,2025-08-09 19:11:33,2025-08-09 11:14:33,2025-08-09 16:14:33,Emergency,High,3 - Medium,Closed,Hardware,L2 Support,Sneha Patil,Delhi NCR,IT,SAP Production,Firewall rule update,No Conflict,Approved,Vendor dependency,Jul-2025,Q3-2025
CHG0001268,2025-04-02 01:58:05,2025-04-16 01:58:05,2025-04-16 06:58:05,2025-04-16 02:00:05,2025-04-16 05:00:05,Emergency,Low,2 - High,Closed,Hardware,Network Ops,Amit Desai,Hyderabad,IT,Load Balancer,DB migration,No Conflict,Approved,Resource unavailable,Apr-2025,Q2-2025
CHG0001269,2025-08-11 19:48:28,2025-09-07 19:48:28,2025-09-07 20:48:28,2025-09-07 20:06:28,2025-09-08 02:06:28,Normal,Medium,1 - Critical,Closed,Hardware,Network Ops,Kavya Reddy,Chennai,Marketing,CRM Application,Load balancer config,No Conflict,Approved,Testing required,Aug-2025,Q3-2025
CHG0001270,2025-02-26 04:45:14,2025-03-18 04:45:14,2025-03-18 12:45:14,,,Emergency,Low,2 - High,Authorize,Software,L2 Support,Pooja Iyer,Chennai,Legal,CRM Application,Backup policy change,No Conflict,Approved,Vendor dependency,Feb-2025,Q1-2025
CHG0001271,2025-11-13 19:19:57,2025-11-20 19:19:57,2025-11-21 03:19:57,,,Standard,Low,4 - Low,Cancelled,Email/Collaboration,L2 Support,Deepak Nair,Delhi NCR,Marketing,Core Switch,DB migration,Conflict Detected,Approved,,Nov-2025,Q4-2025
CHG0001272,2025-11-09 08:56:54,2025-11-21 08:56:54,2025-11-21 15:56:54,2025-11-21 08:53:54,2025-11-21 13:53:54,Normal,High,1 - Critical,Implement,Database,Network Ops,Rohan Verma,Bangalore,Legal,SAP Production,SSL certificate renewal,No Conflict,Approved,,Nov-2025,Q4-2025
CHG0001273,2025-12-02 21:25:31,2025-12-24 21:25:31,2025-12-25 00:25:31,2025-12-24 21:44:31,2025-12-24 23:44:31,Emergency,High,1 - Critical,Closed,Database,L2 Support,Priya Menon,Chennai,HR,ERP Server,Firewall rule update,No Conflict,Approved,Resource unavailable,Dec-2025,Q4-2025
CHG0001274,2025-02-21 04:34:50,2025-03-16 04:34:50,2025-03-16 05:34:50,,,Standard,High,1 - Critical,Cancelled,Software,Infra Team,Rohan Verma,Delhi NCR,Finance,SAP Production,SSL certificate renewal,No Conflict,Approved,Vendor dependency,Feb-2025,Q1-2025
CHG0001275,2025-09-13 09:56:38,2025-10-03 09:56:38,2025-10-03 16:56:38,2025-10-03 09:35:38,2025-10-03 11:35:38,Emergency,Medium,1 - Critical,Implement,Application,Network Ops,Rohan Verma,Pune,IT,Firewall-01,Storage expansion,No Conflict,Approved,Testing required,Sep-2025,Q3-2025
CHG0001276,2025-10-17 06:56:58,2025-11-14 06:56:58,2025-11-14 08:56:58,2025-11-14 06:47:58,2025-11-14 10:47:58,Emergency,High,4 - Low,Closed,Access Management,Security Ops,Pooja Iyer,Chennai,Operations,Load Balancer,Backup policy change,No Conflict,Approved,Awaiting approval,Oct-2025,Q4-2025
CHG0001277,2025-08-09 14:12:09,2025-09-02 14:12:09,2025-09-02 16:12:09,2025-09-02 14:00:09,2025-09-02 18:00:09,Standard,High,4 - Low,Implement,Network,Security Ops,Sneha Patil,Pune,Legal,CRM Application,Network upgrade,No Conflict,Approved,Awaiting approval,Aug-2025,Q3-2025
CHG0001278,2025-05-12 15:26:25,2025-05-23 15:26:25,2025-05-23 19:26:25,2025-05-23 15:32:25,2025-05-23 19:32:25,Standard,Medium,2 - High,Implement,Access Management,DB Admins,Anjali Singh,Hyderabad,Legal,Oracle DB,Backup policy change,Conflict Detected,Pending,Awaiting approval,May-2025,Q2-2025
CHG0001279,2025-06-26 05:42:47,2025-07-05 05:42:47,2025-07-05 08:42:47,,,Emergency,Low,4 - Low,Cancelled,Database,DB Admins,Deepak Nair,Mumbai,Operations,Load Balancer,SSL certificate renewal,No Conflict,Approved,Testing required,Jun-2025,Q2-2025
CHG0001280,2025-07-11 05:03:53,2025-07-27 05:03:53,2025-07-27 10:03:53,2025-07-27 04:51:53,2025-07-27 12:51:53,Emergency,Low,2 - High,Implement,Hardware,Infra Team,Amit Desai,Delhi NCR,Operations,SAP Production,Middleware upgrade,No Conflict,Approved,Resource unavailable,Jul-2025,Q3-2025
CHG0001281,2025-03-17 21:59:23,2025-04-05 21:59:23,2025-04-06 02:59:23,,,Standard,Medium,2 - High,Review,Software,L1 Support,Anjali Singh,Delhi NCR,IT,Core Switch,Middleware upgrade,No Conflict,Approved,Resource unavailable,Mar-2025,Q1-2025
CHG0001282,2025-01-23 06:13:25,2025-02-10 06:13:25,2025-02-10 13:13:25,,,Normal,High,2 - High,Review,Hardware,Security Ops,Sneha Patil,Bangalore,IT,CRM Application,DB migration,No Conflict,Approved,Vendor dependency,Jan-2025,Q1-2025
CHG0001283,2025-10-17 19:30:42,2025-11-13 19:30:42,2025-11-13 21:30:42,2025-11-13 19:49:42,2025-11-13 20:49:42,Emergency,Low,3 - Medium,Implement,Security,DB Admins,Amit Desai,Pune,HR,ERP Server,Firewall rule update,No Conflict,Approved,Awaiting approval,Oct-2025,Q4-2025
CHG0001284,2025-04-15 18:53:21,2025-04-23 18:53:21,2025-04-24 00:53:21,2025-04-23 18:36:21,2025-04-23 22:36:21,Emergency,Medium,4 - Low,Closed,Software,L1 Support,Kavya Reddy,Bangalore,Legal,CRM Application,Middleware upgrade,No Conflict,Approved,Resource unavailable,Apr-2025,Q2-2025
CHG0001285,2025-12-18 16:35:22,2025-12-30 16:35:22,2025-12-30 17:35:22,,,Standard,Low,3 - Medium,Review,Security,Security Ops,Sneha Patil,Delhi NCR,HR,Active Directory,OS patch deployment,No Conflict,Approved,Testing required,Dec-2025,Q4-2025
CHG0001286,2025-11-21 05:52:41,2025-12-16 05:52:41,2025-12-16 11:52:41,2025-12-16 05:25:41,2025-12-16 11:25:41,Standard,High,3 - Medium,Implement,Email/Collaboration,Network Ops,Vikram Joshi,Chennai,HR,SAP Production,Backup policy change,No Conflict,Approved,Awaiting approval,Nov-2025,Q4-2025
CHG0001287,2025-05-19 13:40:46,2025-05-27 13:40:46,2025-05-27 19:40:46,,,Normal,Low,3 - Medium,Authorize,Database,App Support,Priya Menon,Pune,Marketing,Core Switch,Network upgrade,Conflict Detected,Pending,Vendor dependency,May-2025,Q2-2025
CHG0001288,2025-03-10 20:06:17,2025-03-21 20:06:17,2025-03-21 22:06:17,2025-03-21 20:02:17,2025-03-21 22:02:17,Emergency,High,3 - Medium,Implement,Database,L2 Support,Rohan Verma,Pune,Marketing,Firewall-01,OS patch deployment,Conflict Detected,Approved,Awaiting approval,Mar-2025,Q1-2025
CHG0001289,2025-05-07 16:21:51,2025-05-22 16:21:51,2025-05-23 00:21:51,2025-05-22 16:38:51,2025-05-22 19:38:51,Normal,High,1 - Critical,Closed,Software,Infra Team,Pooja Iyer,Bangalore,IT,Email Gateway,OS patch deployment,No Conflict,Approved,Vendor dependency,May-2025,Q2-2025
CHG0001290,2025-03-17 17:56:40,2025-04-01 17:56:40,2025-04-02 00:56:40,2025-04-01 18:06:40,2025-04-01 20:06:40,Emergency,Medium,1 - Critical,Implement,Hardware,Security Ops,Rohan Verma,Pune,IT,Firewall-01,Firewall rule update,No Conflict,Pending,,Mar-2025,Q1-2025
CHG0001291,2025-09-15 06:52:13,2025-09-27 06:52:13,2025-09-27 12:52:13,,,Standard,Low,1 - Critical,Authorize,Network,L1 Support,Amit Desai,Hyderabad,Finance,Email Gateway,Middleware upgrade,Conflict Detected,Approved,Vendor dependency,Sep-2025,Q3-2025
CHG0001292,2025-04-22 01:46:26,2025-05-13 01:46:26,2025-05-13 06:46:26,,,Normal,Low,4 - Low,Authorize,Access Management,L1 Support,Sneha Patil,Delhi NCR,Operations,Oracle DB,Firewall rule update,No Conflict,Approved,Awaiting approval,Apr-2025,Q2-2025
CHG0001293,2025-09-28 12:13:25,2025-10-07 12:13:25,2025-10-07 20:13:25,2025-10-07 12:09:25,2025-10-07 16:09:25,Normal,Medium,1 - Critical,Closed,Access Management,Network Ops,Sneha Patil,Kolkata,Marketing,CRM Application,Backup policy change,No Conflict,Approved,Vendor dependency,Sep-2025,Q3-2025
CHG0001294,2025-11-13 13:02:55,2025-12-06 13:02:55,2025-12-06 18:02:55,2025-12-06 12:37:55,2025-12-06 14:37:55,Emergency,High,1 - Critical,Closed,Database,L2 Support,Anjali Singh,Chennai,Marketing,Active Directory,Firewall rule update,No Conflict,Approved,Testing required,Nov-2025,Q4-2025
CHG0001295,2025-07-19 18:13:16,2025-08-11 18:13:16,2025-08-12 02:13:16,,,Standard,Medium,1 - Critical,Review,Database,App Support,Amit Desai,Bangalore,IT,VPN Gateway,Load balancer config,No Conflict,Approved,,Jul-2025,Q3-2025
CHG0001296,2025-03-06 02:29:47,2025-03-24 02:29:47,2025-03-24 09:29:47,2025-03-24 02:44:47,2025-03-24 09:44:47,Emergency,Medium,4 - Low,Closed,Hardware,L2 Support,Priya Menon,Chennai,Legal,ERP Server,Storage expansion,No Conflict,Approved,Resource unavailable,Mar-2025,Q1-2025
CHG0001297,2025-06-08 11:36:28,2025-07-03 11:36:28,2025-07-03 15:36:28,2025-07-03 11:18:28,2025-07-03 15:18:28,Normal,High,1 - Critical,Implement,Security,App Support,Deepak Nair,Mumbai,HR,Core Switch,Middleware upgrade,No Conflict,Approved,Testing required,Jun-2025,Q2-2025
CHG0001298,2025-11-21 03:38:34,2025-12-03 03:38:34,2025-12-03 08:38:34,2025-12-03 03:22:34,2025-12-03 06:22:34,Normal,High,4 - Low,Implement,Security,Network Ops,Sneha Patil,Delhi NCR,IT,Firewall-01,OS patch deployment,No Conflict,Pending,Vendor dependency,Nov-2025,Q4-2025
CHG0001299,2025-06-02 02:50:34,2025-06-11 02:50:34,2025-06-11 03:50:34,2025-06-11 02:36:34,2025-06-11 03:36:34,Emergency,High,4 - Low,Implement,Network,App Support,Anjali Singh,Kolkata,Marketing,Core Switch,SSL certificate renewal,Conflict Detected,Rejected,Awaiting approval,Jun-2025,Q2-2025
CHG0001300,2025-02-05 00:45:51,2025-02-17 00:45:51,2025-02-17 07:45:51,,,Emergency,Low,1 - Critical,Authorize,Access Management,L1 Support,Vikram Joshi,Kolkata,Marketing,ERP Server,Storage expansion,No Conflict,Approved,Vendor dependency,Feb-2025,Q1-2025
CHG0001301,2026-01-26 11:32:06,2026-02-18 11:32:06,2026-02-18 18:32:06,2026-02-18 11:59:06,2026-02-18 16:59:06,Standard,Medium,3 - Medium,Implement,Database,Security Ops,Pooja Iyer,Chennai,Procurement,Core Switch,Network upgrade,No Conflict,Approved,Awaiting approval,Jan-2026,Q1-2026
CHG0001302,2026-06-04 04:17:51,2026-06-19 04:17:51,2026-06-19 08:17:51,2026-06-19 04:45:51,2026-06-19 06:45:51,Normal,High,1 - Critical,Implement,Software,App Support,Vikram Joshi,Chennai,IT,Core Switch,Load balancer config,No Conflict,Pending,Vendor dependency,Jun-2026,Q2-2026
CHG0001303,2026-06-02 15:57:02,2026-06-14 15:57:02,2026-06-14 21:57:02,2026-06-14 16:27:02,2026-06-14 18:27:02,Emergency,High,3 - Medium,Closed,Hardware,Security Ops,Amit Desai,Pune,Marketing,ERP Server,Middleware upgrade,No Conflict,Pending,,Jun-2026,Q2-2026
CHG0001304,2026-01-16 14:50:40,2026-02-04 14:50:40,2026-02-04 20:50:40,2026-02-04 15:12:40,2026-02-04 19:12:40,Standard,Medium,3 - Medium,Closed,Email/Collaboration,Network Ops,Sneha Patil,Chennai,Marketing,SAP Production,Backup policy change,No Conflict,Pending,Vendor dependency,Jan-2026,Q1-2026
CHG0001305,2026-04-04 19:09:33,2026-04-19 19:09:33,2026-04-19 23:09:33,2026-04-19 19:01:33,2026-04-19 20:01:33,Normal,Medium,3 - Medium,Closed,Hardware,Infra Team,Pooja Iyer,Mumbai,Legal,Load Balancer,Firewall rule update,No Conflict,Approved,Resource unavailable,Apr-2026,Q2-2026
CHG0001306,2026-02-21 20:20:54,2026-03-07 20:20:54,2026-03-07 21:20:54,,,Emergency,Medium,3 - Medium,Authorize,Security,Infra Team,Pooja Iyer,Kolkata,Operations,Email Gateway,Backup policy change,No Conflict,Approved,Vendor dependency,Feb-2026,Q1-2026
CHG0001307,2026-02-01 21:15:55,2026-02-23 21:15:55,2026-02-24 04:15:55,,,Standard,High,4 - Low,Cancelled,Database,DB Admins,Rohan Verma,Hyderabad,Legal,Core Switch,OS patch deployment,No Conflict,Pending,Vendor dependency,Feb-2026,Q1-2026
CHG0001308,2026-03-22 12:13:35,2026-04-09 12:13:35,2026-04-09 15:13:35,,,Normal,Medium,4 - Low,Authorize,Email/Collaboration,DB Admins,Pooja Iyer,Kolkata,Marketing,Load Balancer,Middleware upgrade,No Conflict,Pending,,Mar-2026,Q1-2026
CHG0001309,2026-01-05 12:12:20,2026-01-13 12:12:20,2026-01-13 15:12:20,2026-01-13 12:12:20,2026-01-13 20:12:20,Standard,Medium,1 - Critical,Closed,Email/Collaboration,Network Ops,Pooja Iyer,Bangalore,Finance,SAP Production,Backup policy change,No Conflict,Approved,Vendor dependency,Jan-2026,Q1-2026
CHG0001310,2026-03-13 16:02:12,2026-04-09 16:02:12,2026-04-09 22:02:12,2026-04-09 15:43:12,2026-04-09 20:43:12,Normal,Low,3 - Medium,Implement,Application,Network Ops,Deepak Nair,Kolkata,Legal,Active Directory,Firewall rule update,No Conflict,Pending,Vendor dependency,Mar-2026,Q1-2026
CHG0001311,2026-03-28 14:57:00,2026-04-08 14:57:00,2026-04-08 19:57:00,,,Standard,Medium,3 - Medium,Review,Email/Collaboration,L1 Support,Rahul Sharma,Hyderabad,Procurement,Load Balancer,Firewall rule update,Conflict Detected,Approved,Vendor dependency,Mar-2026,Q1-2026
CHG0001312,2026-01-29 13:57:11,2026-02-23 13:57:11,2026-02-23 17:57:11,,,Emergency,High,4 - Low,Authorize,Access Management,App Support,Amit Desai,Kolkata,Finance,SAP Production,DB migration,No Conflict,Pending,Testing required,Jan-2026,Q1-2026
CHG0001313,2026-02-06 13:23:25,2026-02-26 13:23:25,2026-02-26 18:23:25,2026-02-26 13:31:25,2026-02-26 20:31:25,Standard,High,4 - Low,Closed,Hardware,App Support,Vikram Joshi,Kolkata,HR,CRM Application,Storage expansion,No Conflict,Approved,,Feb-2026,Q1-2026
CHG0001314,2026-05-07 16:04:08,2026-05-29 16:04:08,2026-05-29 19:04:08,,,Standard,Low,4 - Low,Authorize,Access Management,L1 Support,Sneha Patil,Kolkata,HR,Core Switch,Load balancer config,No Conflict,Approved,Awaiting approval,May-2026,Q2-2026
CHG0001315,2026-01-18 06:14:02,2026-02-12 06:14:02,2026-02-12 14:14:02,,,Standard,High,1 - Critical,Authorize,Software,L1 Support,Priya Menon,Kolkata,Legal,VPN Gateway,SSL certificate renewal,No Conflict,Pending,,Jan-2026,Q1-2026
CHG0001316,2026-02-14 08:20:16,2026-03-13 08:20:16,2026-03-13 13:20:16,,,Standard,Low,1 - Critical,Review,Database,L2 Support,Vikram Joshi,Kolkata,IT,Core Switch,SSL certificate renewal,No Conflict,Approved,Testing required,Feb-2026,Q1-2026
CHG0001317,2026-04-18 20:06:23,2026-05-06 20:06:23,2026-05-07 03:06:23,2026-05-06 19:43:23,2026-05-06 22:43:23,Standard,High,4 - Low,Implement,Database,Infra Team,Sneha Patil,Chennai,Finance,SAP Production,DB migration,Conflict Detected,Approved,Awaiting approval,Apr-2026,Q2-2026
CHG0001318,2026-01-02 08:09:34,2026-01-30 08:09:34,2026-01-30 16:09:34,2026-01-30 07:55:34,2026-01-30 12:55:34,Normal,Low,4 - Low,Implement,Security,App Support,Sneha Patil,Bangalore,IT,SAP Production,Load balancer config,No Conflict,Approved,Awaiting approval,Jan-2026,Q1-2026
CHG0001319,2026-04-03 18:13:53,2026-04-13 18:13:53,2026-04-13 22:13:53,,,Normal,Medium,4 - Low,Authorize,Network,DB Admins,Rahul Sharma,Mumbai,HR,Load Balancer,Middleware upgrade,No Conflict,Approved,Vendor dependency,Apr-2026,Q2-2026
CHG0001320,2026-01-02 07:27:15,2026-01-17 07:27:15,2026-01-17 10:27:15,,,Standard,Low,1 - Critical,Review,Application,Infra Team,Priya Menon,Pune,IT,SAP Production,Load balancer config,No Conflict,Pending,Resource unavailable,Jan-2026,Q1-2026
CHG0001321,2026-02-04 06:47:43,2026-02-11 06:47:43,2026-02-11 11:47:43,,,Normal,High,3 - Medium,Authorize,Access Management,L1 Support,Amit Desai,Bangalore,Legal,VPN Gateway,DB migration,No Conflict,Approved,Vendor dependency,Feb-2026,Q1-2026
CHG0001322,2026-02-07 11:31:28,2026-02-25 11:31:28,2026-02-25 16:31:28,,,Normal,Medium,2 - High,Authorize,Application,DB Admins,Sneha Patil,Delhi NCR,Marketing,Core Switch,Firewall rule update,No Conflict,Rejected,Vendor dependency,Feb-2026,Q1-2026
CHG0001323,2026-04-10 23:12:41,2026-05-03 23:12:41,2026-05-04 01:12:41,,,Standard,Medium,2 - High,Authorize,Hardware,L1 Support,Rahul Sharma,Pune,Legal,ERP Server,DR failover test,No Conflict,Approved,Awaiting approval,Apr-2026,Q2-2026
CHG0001324,2026-03-20 17:37:03,2026-04-06 17:37:03,2026-04-06 18:37:03,,,Normal,Medium,3 - Medium,Review,Software,Network Ops,Amit Desai,Mumbai,Procurement,Email Gateway,DB migration,No Conflict,Approved,Vendor dependency,Mar-2026,Q1-2026
CHG0001325,2026-05-24 23:34:03,2026-06-08 23:34:03,2026-06-09 01:34:03,,,Standard,Low,1 - Critical,Review,Access Management,DB Admins,Sneha Patil,Chennai,Legal,Load Balancer,Storage expansion,No Conflict,Approved,Awaiting approval,May-2026,Q2-2026
CHG0001326,2026-02-20 16:26:33,2026-02-28 16:26:33,2026-02-28 18:26:33,,,Emergency,High,4 - Low,Review,Network,L1 Support,Kavya Reddy,Chennai,Legal,Firewall-01,DB migration,No Conflict,Approved,Awaiting approval,Feb-2026,Q1-2026
CHG0001327,2026-05-31 11:26:43,2026-06-09 11:26:43,2026-06-09 18:26:43,,,Normal,Low,4 - Low,Review,Access Management,L1 Support,Pooja Iyer,Chennai,Marketing,VPN Gateway,SSL certificate renewal,No Conflict,Approved,Resource unavailable,May-2026,Q2-2026
CHG0001328,2026-03-20 22:07:12,2026-04-12 22:07:12,2026-04-12 23:07:12,2026-04-12 21:49:12,2026-04-13 02:49:12,Standard,Medium,2 - High,Implement,Software,L1 Support,Rahul Sharma,Delhi NCR,Operations,SAP Production,Load balancer config,No Conflict,Approved,Resource unavailable,Mar-2026,Q1-2026
CHG0001329,2026-02-24 22:22:46,2026-03-09 22:22:46,2026-03-10 02:22:46,2026-03-09 22:14:46,2026-03-10 01:14:46,Emergency,High,4 - Low,Implement,Email/Collaboration,L1 Support,Kavya Reddy,Mumbai,Finance,SAP Production,Load balancer config,Conflict Detected,Approved,Awaiting approval,Feb-2026,Q1-2026
CHG0001330,2026-05-02 20:27:42,2026-05-16 20:27:42,2026-05-17 00:27:42,2026-05-16 20:13:42,2026-05-16 23:13:42,Standard,High,1 - Critical,Closed,Security,L1 Support,Rohan Verma,Mumbai,Legal,SAP Production,Backup policy change,No Conflict,Approved,,May-2026,Q2-2026
CHG0001331,2026-04-23 09:30:27,2026-05-01 09:30:27,2026-05-01 10:30:27,2026-05-01 09:59:27,2026-05-01 14:59:27,Normal,Low,3 - Medium,Closed,Security,Infra Team,Sneha Patil,Pune,IT,SAP Production,DR failover test,Conflict Detected,Approved,Vendor dependency,Apr-2026,Q2-2026
CHG0001332,2026-01-30 10:50:13,2026-02-16 10:50:13,2026-02-16 14:50:13,2026-02-16 11:17:13,2026-02-16 15:17:13,Emergency,Low,4 - Low,Closed,Hardware,Network Ops,Sneha Patil,Kolkata,Legal,VPN Gateway,Network upgrade,No Conflict,Approved,,Jan-2026,Q1-2026
CHG0001333,2026-03-21 13:42:30,2026-03-31 13:42:30,2026-03-31 17:42:30,,,Standard,Low,4 - Low,Review,Hardware,DB Admins,Vikram Joshi,Delhi NCR,Sales,Active Directory,Middleware upgrade,Conflict Detected,Approved,,Mar-2026,Q1-2026
CHG0001334,2026-06-04 23:03:14,2026-07-02 23:03:14,2026-07-03 03:03:14,2026-07-02 23:03:14,2026-07-03 01:03:14,Normal,Medium,4 - Low,Closed,Access Management,DB Admins,Pooja Iyer,Mumbai,Procurement,SAP Production,OS patch deployment,No Conflict,Rejected,Resource unavailable,Jun-2026,Q2-2026
CHG0001335,2026-05-28 02:39:16,2026-06-14 02:39:16,2026-06-14 08:39:16,2026-06-14 03:02:16,2026-06-14 05:02:16,Normal,High,2 - High,Closed,Database,L2 Support,Amit Desai,Mumbai,Operations,VPN Gateway,Load balancer config,No Conflict,Approved,,May-2026,Q2-2026
CHG0001336,2026-02-13 16:28:47,2026-03-11 16:28:47,2026-03-11 17:28:47,,,Emergency,High,4 - Low,Authorize,Software,Infra Team,Rahul Sharma,Delhi NCR,Legal,Core Switch,OS patch deployment,Conflict Detected,Pending,Vendor dependency,Feb-2026,Q1-2026
CHG0001337,2026-01-25 08:36:29,2026-02-02 08:36:29,2026-02-02 14:36:29,,,Standard,Low,2 - High,Review,Security,Security Ops,Priya Menon,Chennai,Legal,SAP Production,Load balancer config,No Conflict,Approved,Vendor dependency,Jan-2026,Q1-2026
CHG0001338,2026-01-08 12:21:24,2026-01-20 12:21:24,2026-01-20 18:21:24,2026-01-20 12:45:24,2026-01-20 19:45:24,Normal,Low,2 - High,Closed,Hardware,Infra Team,Kavya Reddy,Mumbai,Operations,VPN Gateway,Firewall rule update,No Conflict,Approved,Testing required,Jan-2026,Q1-2026
CHG0001339,2026-02-08 19:50:29,2026-02-17 19:50:29,2026-02-17 21:50:29,2026-02-17 19:52:29,2026-02-17 21:52:29,Normal,Low,1 - Critical,Implement,Application,Network Ops,Anjali Singh,Hyderabad,Operations,Firewall-01,Middleware upgrade,No Conflict,Pending,Resource unavailable,Feb-2026,Q1-2026
CHG0001340,2026-05-16 10:02:01,2026-05-31 10:02:01,2026-05-31 17:02:01,2026-05-31 09:40:01,2026-05-31 13:40:01,Emergency,Low,1 - Critical,Implement,Network,L1 Support,Pooja Iyer,Pune,Operations,Firewall-01,Firewall rule update,No Conflict,Approved,,May-2026,Q2-2026
CHG0001341,2026-03-23 14:39:54,2026-04-20 14:39:54,2026-04-20 18:39:54,2026-04-20 15:03:54,2026-04-20 16:03:54,Standard,Low,1 - Critical,Closed,Database,Security Ops,Priya Menon,Kolkata,Operations,ERP Server,Backup policy change,No Conflict,Rejected,,Mar-2026,Q1-2026
CHG0001342,2026-02-03 10:49:20,2026-02-25 10:49:20,2026-02-25 18:49:20,,,Normal,Low,3 - Medium,Authorize,Security,Network Ops,Amit Desai,Mumbai,HR,ERP Server,DB migration,No Conflict,Approved,Testing required,Feb-2026,Q1-2026
CHG0001343,2026-05-23 09:58:54,2026-06-10 09:58:54,2026-06-10 16:58:54,,,Emergency,Medium,3 - Medium,Review,Application,L1 Support,Anjali Singh,Kolkata,Finance,Active Directory,Network upgrade,Conflict Detected,Approved,Vendor dependency,May-2026,Q2-2026
CHG0001344,2026-06-05 16:00:13,2026-06-20 16:00:13,2026-06-20 22:00:13,,,Emergency,Low,4 - Low,Authorize,Software,L1 Support,Priya Menon,Delhi NCR,Marketing,VPN Gateway,SSL certificate renewal,Conflict Detected,Approved,Testing required,Jun-2026,Q2-2026
CHG0001345,2026-02-04 14:40:21,2026-03-01 14:40:21,2026-03-01 20:40:21,2026-03-01 14:41:21,2026-03-01 16:41:21,Normal,Low,2 - High,Implement,Network,L2 Support,Amit Desai,Delhi NCR,Operations,Email Gateway,OS patch deployment,Conflict Detected,Approved,,Feb-2026,Q1-2026
CHG0001346,2026-03-11 12:13:50,2026-04-08 12:13:50,2026-04-08 17:13:50,,,Standard,Low,1 - Critical,Authorize,Application,Network Ops,Rahul Sharma,Bangalore,Operations,Oracle DB,Load balancer config,No Conflict,Rejected,Resource unavailable,Mar-2026,Q1-2026
CHG0001347,2026-02-16 20:33:10,2026-02-27 20:33:10,2026-02-28 03:33:10,,,Emergency,High,1 - Critical,Review,Database,L1 Support,Rahul Sharma,Bangalore,Procurement,Oracle DB,DR failover test,No Conflict,Approved,Vendor dependency,Feb-2026,Q1-2026
CHG0001348,2026-05-10 02:05:07,2026-05-18 02:05:07,2026-05-18 06:05:07,2026-05-18 01:36:07,2026-05-18 03:36:07,Normal,Low,2 - High,Implement,Application,Infra Team,Kavya Reddy,Delhi NCR,Operations,Load Balancer,DB migration,No Conflict,Approved,Awaiting approval,May-2026,Q2-2026
CHG0001349,2026-01-25 19:11:33,2026-02-17 19:11:33,2026-02-17 23:11:33,2026-02-17 19:00:33,2026-02-17 23:00:33,Standard,Low,4 - Low,Implement,Application,Network Ops,Amit Desai,Pune,Operations,Load Balancer,Firewall rule update,Conflict Detected,Approved,Awaiting approval,Jan-2026,Q1-2026
CHG0001350,2026-01-06 15:14:20,2026-01-21 15:14:20,2026-01-21 16:14:20,,,Standard,Low,1 - Critical,Authorize,Database,L1 Support,Pooja Iyer,Mumbai,Legal,Email Gateway,Load balancer config,No Conflict,Approved,Awaiting approval,Jan-2026,Q1-2026
CHG0001351,2026-03-07 21:41:10,2026-03-26 21:41:10,2026-03-27 01:41:10,,,Normal,Low,2 - High,Review,Email/Collaboration,L1 Support,Deepak Nair,Chennai,Sales,Email Gateway,Storage expansion,No Conflict,Approved,Awaiting approval,Mar-2026,Q1-2026
CHG0001352,2026-04-21 15:12:45,2026-04-29 15:12:45,2026-04-29 21:12:45,2026-04-29 14:54:45,2026-04-29 21:54:45,Normal,High,3 - Medium,Implement,Email/Collaboration,App Support,Deepak Nair,Kolkata,Marketing,VPN Gateway,Backup policy change,No Conflict,Approved,Vendor dependency,Apr-2026,Q2-2026
CHG0001353,2026-03-14 01:32:24,2026-04-03 01:32:24,2026-04-03 05:32:24,2026-04-03 01:19:24,2026-04-03 02:19:24,Standard,High,2 - High,Closed,Security,Security Ops,Priya Menon,Mumbai,Sales,SAP Production,DB migration,No Conflict,Approved,,Mar-2026,Q1-2026
CHG0001354,2026-01-23 19:39:23,2026-02-18 19:39:23,2026-02-19 01:39:23,,,Standard,High,2 - High,Authorize,Software,Infra Team,Kavya Reddy,Hyderabad,Marketing,Load Balancer,Firewall rule update,No Conflict,Pending,Resource unavailable,Jan-2026,Q1-2026
CHG0001355,2026-02-06 09:23:25,2026-02-19 09:23:25,2026-02-19 10:23:25,2026-02-19 09:18:25,2026-02-19 17:18:25,Emergency,Low,2 - High,Closed,Database,App Support,Kavya Reddy,Pune,IT,Firewall-01,Firewall rule update,No Conflict,Approved,Testing required,Feb-2026,Q1-2026
CHG0001356,2026-02-24 17:00:14,2026-03-15 17:00:14,2026-03-15 23:00:14,2026-03-15 17:08:14,2026-03-15 22:08:14,Emergency,Medium,1 - Critical,Closed,Access Management,App Support,Deepak Nair,Kolkata,Procurement,VPN Gateway,Storage expansion,No Conflict,Approved,Vendor dependency,Feb-2026,Q1-2026
CHG0001357,2026-02-16 13:53:43,2026-03-12 13:53:43,2026-03-12 19:53:43,2026-03-12 14:10:43,2026-03-12 18:10:43,Emergency,Medium,2 - High,Implement,Network,L2 Support,Rohan Verma,Delhi NCR,Marketing,Core Switch,Network upgrade,No Conflict,Approved,Testing required,Feb-2026,Q1-2026
CHG0001358,2026-02-13 12:21:55,2026-02-26 12:21:55,2026-02-26 19:21:55,2026-02-26 11:59:55,2026-02-26 16:59:55,Standard,High,3 - Medium,Implement,Software,L2 Support,Vikram Joshi,Delhi NCR,IT,ERP Server,Storage expansion,Conflict Detected,Pending,Vendor dependency,Feb-2026,Q1-2026
CHG0001359,2026-05-26 00:38:20,2026-06-20 00:38:20,2026-06-20 06:38:20,2026-06-20 00:49:20,2026-06-20 02:49:20,Standard,Medium,2 - High,Closed,Database,Network Ops,Anjali Singh,Bangalore,Sales,SAP Production,DR failover test,Conflict Detected,Approved,Testing required,May-2026,Q2-2026
CHG0001360,2026-02-07 02:57:15,2026-03-06 02:57:15,2026-03-06 06:57:15,,,Emergency,Medium,3 - Medium,Review,Security,DB Admins,Deepak Nair,Bangalore,HR,CRM Application,DR failover test,No Conflict,Approved,Vendor dependency,Feb-2026,Q1-2026
CHG0001361,2026-04-09 02:14:20,2026-05-02 02:14:20,2026-05-02 08:14:20,,,Normal,Low,3 - Medium,Authorize,Application,App Support,Vikram Joshi,Bangalore,Marketing,CRM Application,Load balancer config,No Conflict,Pending,Resource unavailable,Apr-2026,Q2-2026
CHG0001362,2026-06-05 02:35:36,2026-06-14 02:35:36,2026-06-14 04:35:36,2026-06-14 02:58:36,2026-06-14 04:58:36,Normal,Low,1 - Critical,Implement,Network,DB Admins,Kavya Reddy,Kolkata,Marketing,Active Directory,SSL certificate renewal,No Conflict,Pending,Vendor dependency,Jun-2026,Q2-2026
CHG0001363,2026-05-09 06:27:26,2026-05-23 06:27:26,2026-05-23 13:27:26,,,Emergency,High,1 - Critical,Authorize,Database,L2 Support,Amit Desai,Hyderabad,Marketing,ERP Server,OS patch deployment,No Conflict,Approved,,May-2026,Q2-2026
CHG0001364,2026-05-20 21:33:37,2026-06-05 21:33:37,2026-06-06 00:33:37,,,Emergency,Low,4 - Low,Authorize,Software,Network Ops,Amit Desai,Pune,Operations,Firewall-01,Load balancer config,No Conflict,Approved,Resource unavailable,May-2026,Q2-2026
CHG0001365,2026-01-21 13:36:43,2026-02-08 13:36:43,2026-02-08 16:36:43,2026-02-08 13:19:43,2026-02-08 21:19:43,Emergency,High,4 - Low,Closed,Security,Network Ops,Rahul Sharma,Bangalore,Procurement,ERP Server,DR failover test,No Conflict,Approved,,Jan-2026,Q1-2026
CHG0001366,2026-04-16 06:27:59,2026-05-02 06:27:59,2026-05-02 09:27:59,,,Normal,Low,1 - Critical,Review,Access Management,App Support,Rohan Verma,Pune,Sales,CRM Application,Firewall rule update,No Conflict,Pending,Awaiting approval,Apr-2026,Q2-2026
CHG0001367,2026-05-13 00:44:24,2026-06-10 00:44:24,2026-06-10 04:44:24,2026-06-10 00:19:24,2026-06-10 02:19:24,Standard,High,1 - Critical,Closed,Hardware,L1 Support,Rahul Sharma,Mumbai,Sales,VPN Gateway,Backup policy change,Conflict Detected,Approved,Awaiting approval,May-2026,Q2-2026
CHG0001368,2026-05-12 15:43:57,2026-06-04 15:43:57,2026-06-04 16:43:57,2026-06-04 16:13:57,2026-06-04 23:13:57,Emergency,Low,3 - Medium,Implement,Database,L1 Support,Priya Menon,Hyderabad,HR,Active Directory,Backup policy change,No Conflict,Pending,Testing required,May-2026,Q2-2026
CHG0001369,2026-02-23 21:31:41,2026-03-18 21:31:41,2026-03-19 03:31:41,,,Standard,Low,1 - Critical,Review,Email/Collaboration,L1 Support,Sneha Patil,Mumbai,IT,CRM Application,Storage expansion,No Conflict,Rejected,Awaiting approval,Feb-2026,Q1-2026
CHG0001370,2026-05-19 06:01:16,2026-06-06 06:01:16,2026-06-06 12:01:16,,,Standard,High,3 - Medium,Cancelled,Software,L2 Support,Priya Menon,Pune,Operations,Firewall-01,OS patch deployment,No Conflict,Approved,,May-2026,Q2-2026
CHG0001371,2026-01-12 06:12:31,2026-01-30 06:12:31,2026-01-30 07:12:31,,,Emergency,High,1 - Critical,Review,Application,Security Ops,Deepak Nair,Chennai,Operations,SAP Production,Load balancer config,No Conflict,Approved,Awaiting approval,Jan-2026,Q1-2026
CHG0001372,2026-01-08 13:41:36,2026-01-28 13:41:36,2026-01-28 14:41:36,2026-01-28 13:52:36,2026-01-28 21:52:36,Normal,Medium,1 - Critical,Closed,Database,Security Ops,Vikram Joshi,Chennai,Marketing,Firewall-01,Middleware upgrade,No Conflict,Approved,Vendor dependency,Jan-2026,Q1-2026
CHG0001373,2026-05-03 00:08:56,2026-05-17 00:08:56,2026-05-17 01:08:56,2026-05-17 00:15:56,2026-05-17 06:15:56,Normal,High,3 - Medium,Closed,Database,L2 Support,Anjali Singh,Bangalore,Procurement,Email Gateway,Backup policy change,Conflict Detected,Approved,,May-2026,Q2-2026
CHG0001374,2026-04-17 00:01:30,2026-05-11 00:01:30,2026-05-11 03:01:30,2026-05-11 00:23:30,2026-05-11 05:23:30,Standard,Medium,1 - Critical,Implement,Software,App Support,Deepak Nair,Pune,Finance,Email Gateway,OS patch deployment,No Conflict,Approved,Awaiting approval,Apr-2026,Q2-2026
CHG0001375,2026-03-10 17:11:40,2026-03-22 17:11:40,2026-03-22 22:11:40,2026-03-22 17:33:40,2026-03-22 19:33:40,Standard,Low,3 - Medium,Implement,Access Management,Infra Team,Vikram Joshi,Kolkata,IT,ERP Server,DB migration,No Conflict,Approved,,Mar-2026,Q1-2026
CHG0001376,2026-04-18 21:22:34,2026-05-03 21:22:34,2026-05-04 01:22:34,2026-05-03 21:32:34,2026-05-04 05:32:34,Normal,Low,1 - Critical,Closed,Network,L1 Support,Kavya Reddy,Kolkata,IT,SAP Production,DB migration,Conflict Detected,Pending,,Apr-2026,Q2-2026
CHG0001377,2026-03-04 12:58:32,2026-03-22 12:58:32,2026-03-22 17:58:32,2026-03-22 13:21:32,2026-03-22 14:21:32,Standard,High,1 - Critical,Implement,Database,DB Admins,Kavya Reddy,Delhi NCR,Finance,Core Switch,Backup policy change,Conflict Detected,Approved,Resource unavailable,Mar-2026,Q1-2026
CHG0001378,2026-03-20 19:12:08,2026-04-03 19:12:08,2026-04-04 00:12:08,2026-04-03 19:35:08,2026-04-03 23:35:08,Standard,Medium,1 - Critical,Implement,Security,DB Admins,Amit Desai,Chennai,Legal,ERP Server,SSL certificate renewal,No Conflict,Pending,,Mar-2026,Q1-2026
CHG0001379,2026-04-29 23:04:25,2026-05-24 23:04:25,2026-05-25 06:04:25,,,Emergency,Medium,2 - High,Review,Network,Security Ops,Deepak Nair,Kolkata,HR,ERP Server,Storage expansion,No Conflict,Approved,,Apr-2026,Q2-2026
CHG0001380,2026-06-02 05:25:52,2026-06-09 05:25:52,2026-06-09 06:25:52,2026-06-09 05:44:52,2026-06-09 07:44:52,Standard,Low,3 - Medium,Implement,Security,Security Ops,Pooja Iyer,Mumbai,Sales,Email Gateway,DR failover test,No Conflict,Rejected,Vendor dependency,Jun-2026,Q2-2026
CHG0001381,2026-02-14 00:37:41,2026-03-09 00:37:41,2026-03-09 07:37:41,2026-03-09 00:16:41,2026-03-09 04:16:41,Normal,Medium,1 - Critical,Implement,Software,App Support,Pooja Iyer,Mumbai,Legal,Firewall-01,DB migration,No Conflict,Approved,Vendor dependency,Feb-2026,Q1-2026
CHG0001382,2026-04-16 14:23:01,2026-05-03 14:23:01,2026-05-03 15:23:01,2026-05-03 14:46:01,2026-05-03 20:46:01,Standard,Low,4 - Low,Implement,Security,Security Ops,Sneha Patil,Delhi NCR,Marketing,SAP Production,DR failover test,No Conflict,Rejected,Testing required,Apr-2026,Q2-2026
CHG0001383,2026-01-26 17:18:02,2026-02-03 17:18:02,2026-02-03 21:18:02,2026-02-03 17:46:02,2026-02-04 01:46:02,Standard,High,2 - High,Implement,Email/Collaboration,L1 Support,Rahul Sharma,Hyderabad,Operations,Oracle DB,DB migration,No Conflict,Rejected,Vendor dependency,Jan-2026,Q1-2026
CHG0001384,2026-03-09 10:18:03,2026-03-30 10:18:03,2026-03-30 17:18:03,,,Standard,Low,1 - Critical,Review,Email/Collaboration,Infra Team,Priya Menon,Delhi NCR,HR,SAP Production,Middleware upgrade,No Conflict,Approved,Resource unavailable,Mar-2026,Q1-2026
CHG0001385,2026-04-21 15:17:05,2026-05-04 15:17:05,2026-05-04 22:17:05,2026-05-04 15:06:05,2026-05-04 20:06:05,Emergency,Low,2 - High,Implement,Email/Collaboration,DB Admins,Rohan Verma,Delhi NCR,IT,VPN Gateway,Backup policy change,Conflict Detected,Pending,Vendor dependency,Apr-2026,Q2-2026
CHG0001386,2026-05-17 21:04:55,2026-06-11 21:04:55,2026-06-12 03:04:55,,,Emergency,Medium,4 - Low,Authorize,Email/Collaboration,L2 Support,Sneha Patil,Pune,Finance,Oracle DB,Firewall rule update,No Conflict,Approved,Testing required,May-2026,Q2-2026
CHG0001387,2026-05-13 02:05:09,2026-05-25 02:05:09,2026-05-25 10:05:09,2026-05-25 01:42:09,2026-05-25 06:42:09,Normal,Medium,3 - Medium,Closed,Network,L2 Support,Anjali Singh,Kolkata,Sales,Load Balancer,Load balancer config,Conflict Detected,Approved,Awaiting approval,May-2026,Q2-2026
CHG0001388,2026-06-02 03:14:42,2026-06-26 03:14:42,2026-06-26 05:14:42,2026-06-26 03:16:42,2026-06-26 05:16:42,Emergency,High,4 - Low,Implement,Email/Collaboration,Infra Team,Kavya Reddy,Chennai,Marketing,CRM Application,SSL certificate renewal,No Conflict,Approved,Vendor dependency,Jun-2026,Q2-2026
CHG0001389,2026-04-04 05:36:46,2026-04-21 05:36:46,2026-04-21 07:36:46,2026-04-21 05:43:46,2026-04-21 12:43:46,Emergency,Low,3 - Medium,Implement,Network,L1 Support,Vikram Joshi,Chennai,Legal,Active Directory,Load balancer config,No Conflict,Approved,,Apr-2026,Q2-2026
CHG0001390,2026-02-19 13:02:34,2026-03-07 13:02:34,2026-03-07 15:02:34,2026-03-07 13:07:34,2026-03-07 19:07:34,Emergency,Medium,4 - Low,Implement,Software,L1 Support,Rohan Verma,Mumbai,Procurement,Email Gateway,SSL certificate renewal,No Conflict,Approved,Testing required,Feb-2026,Q1-2026
CHG0001391,2026-02-24 05:38:25,2026-03-15 05:38:25,2026-03-15 12:38:25,2026-03-15 05:34:25,2026-03-15 10:34:25,Normal,High,4 - Low,Closed,Application,Infra Team,Pooja Iyer,Bangalore,Finance,Firewall-01,OS patch deployment,No Conflict,Approved,Vendor dependency,Feb-2026,Q1-2026
CHG0001392,2026-01-17 00:21:28,2026-02-10 00:21:28,2026-02-10 03:21:28,2026-02-10 00:25:28,2026-02-10 03:25:28,Normal,Low,2 - High,Implement,Security,Network Ops,Anjali Singh,Mumbai,Marketing,Core Switch,DR failover test,No Conflict,Approved,,Jan-2026,Q1-2026
CHG0001393,2026-03-07 18:10:59,2026-03-17 18:10:59,2026-03-17 21:10:59,2026-03-17 18:07:59,2026-03-17 21:07:59,Normal,High,4 - Low,Closed,Software,Network Ops,Sneha Patil,Delhi NCR,Procurement,VPN Gateway,Backup policy change,No Conflict,Approved,Testing required,Mar-2026,Q1-2026
CHG0001394,2026-03-25 15:28:54,2026-04-20 15:28:54,2026-04-20 21:28:54,2026-04-20 15:40:54,2026-04-20 16:40:54,Normal,High,3 - Medium,Closed,Network,DB Admins,Priya Menon,Chennai,Marketing,VPN Gateway,Middleware upgrade,No Conflict,Pending,Resource unavailable,Mar-2026,Q1-2026
CHG0001395,2026-03-16 19:57:52,2026-04-02 19:57:52,2026-04-02 20:57:52,2026-04-02 19:37:52,2026-04-03 00:37:52,Standard,Low,2 - High,Closed,Security,Network Ops,Vikram Joshi,Chennai,Legal,Load Balancer,DR failover test,No Conflict,Approved,Vendor dependency,Mar-2026,Q1-2026
CHG0001396,2026-05-04 02:10:20,2026-05-14 02:10:20,2026-05-14 05:10:20,,,Emergency,Low,3 - Medium,Authorize,Hardware,L1 Support,Pooja Iyer,Chennai,HR,CRM Application,Load balancer config,No Conflict,Approved,Awaiting approval,May-2026,Q2-2026
CHG0001397,2026-03-20 07:47:43,2026-04-01 07:47:43,2026-04-01 10:47:43,,,Emergency,Low,1 - Critical,Review,Database,L1 Support,Kavya Reddy,Chennai,Operations,SAP Production,DB migration,No Conflict,Approved,,Mar-2026,Q1-2026
CHG0001398,2026-03-01 13:37:20,2026-03-21 13:37:20,2026-03-21 18:37:20,2026-03-21 13:34:20,2026-03-21 14:34:20,Emergency,High,1 - Critical,Implement,Software,L1 Support,Deepak Nair,Chennai,Operations,Active Directory,Network upgrade,No Conflict,Approved,Vendor dependency,Mar-2026,Q1-2026
CHG0001399,2026-04-16 04:40:29,2026-05-07 04:40:29,2026-05-07 08:40:29,,,Emergency,High,1 - Critical,Review,Access Management,Infra Team,Sneha Patil,Delhi NCR,Procurement,CRM Application,Network upgrade,No Conflict,Approved,Vendor dependency,Apr-2026,Q2-2026
CHG0001400,2026-02-27 07:42:39,2026-03-18 07:42:39,2026-03-18 14:42:39,2026-03-18 07:29:39,2026-03-18 10:29:39,Normal,Low,3 - Medium,Implement,Database,Network Ops,Rahul Sharma,Pune,Finance,SAP Production,Middleware upgrade,No Conflict,Rejected,Resource unavailable,Feb-2026,Q1-2026
CHG0001401,2026-02-28 23:35:53,2026-03-28 23:35:53,2026-03-29 04:35:53,2026-03-28 23:31:53,2026-03-29 05:31:53,Standard,High,4 - Low,Closed,Application,Network Ops,Kavya Reddy,Mumbai,Legal,Active Directory,Firewall rule update,Conflict Detected,Approved,Resource unavailable,Feb-2026,Q1-2026
CHG0001402,2026-03-16 17:00:14,2026-03-24 17:00:14,2026-03-24 22:00:14,,,Normal,Low,2 - High,Cancelled,Database,L2 Support,Rahul Sharma,Mumbai,Operations,ERP Server,DR failover test,No Conflict,Pending,Testing required,Mar-2026,Q1-2026
CHG0001403,2026-01-09 05:25:54,2026-01-27 05:25:54,2026-01-27 13:25:54,2026-01-27 05:05:54,2026-01-27 09:05:54,Normal,Medium,4 - Low,Implement,Access Management,L2 Support,Sneha Patil,Pune,Procurement,Active Directory,Firewall rule update,No Conflict,Pending,Awaiting approval,Jan-2026,Q1-2026
CHG0001404,2026-03-04 12:05:53,2026-03-29 12:05:53,2026-03-29 20:05:53,2026-03-29 12:33:53,2026-03-29 18:33:53,Standard,High,4 - Low,Closed,Software,Infra Team,Priya Menon,Kolkata,Legal,Active Directory,Storage expansion,No Conflict,Pending,Resource unavailable,Mar-2026,Q1-2026
CHG0001405,2026-02-01 10:08:47,2026-02-16 10:08:47,2026-02-16 14:08:47,2026-02-16 10:01:47,2026-02-16 17:01:47,Normal,High,4 - Low,Implement,Security,Network Ops,Sneha Patil,Hyderabad,Operations,Load Balancer,Middleware upgrade,No Conflict,Approved,Vendor dependency,Feb-2026,Q1-2026
CHG0001406,2026-03-22 16:36:09,2026-04-09 16:36:09,2026-04-09 17:36:09,2026-04-09 16:50:09,2026-04-09 23:50:09,Normal,Low,2 - High,Implement,Software,L2 Support,Priya Menon,Chennai,Finance,VPN Gateway,Network upgrade,No Conflict,Approved,Testing required,Mar-2026,Q1-2026
CHG0001407,2026-01-20 23:19:25,2026-01-29 23:19:25,2026-01-30 02:19:25,,,Emergency,Medium,4 - Low,Review,Security,Network Ops,Vikram Joshi,Kolkata,Legal,SAP Production,Storage expansion,No Conflict,Pending,Awaiting approval,Jan-2026,Q1-2026
CHG0001408,2026-05-18 21:56:33,2026-05-29 21:56:33,2026-05-30 02:56:33,2026-05-29 21:58:33,2026-05-30 04:58:33,Standard,Medium,1 - Critical,Closed,Access Management,DB Admins,Rohan Verma,Kolkata,Sales,ERP Server,Load balancer config,No Conflict,Approved,Resource unavailable,May-2026,Q2-2026
CHG0001409,2026-01-09 10:32:59,2026-01-17 10:32:59,2026-01-17 11:32:59,2026-01-17 10:37:59,2026-01-17 17:37:59,Emergency,Low,4 - Low,Closed,Access Management,Security Ops,Rahul Sharma,Bangalore,Marketing,Core Switch,Middleware upgrade,No Conflict,Approved,Awaiting approval,Jan-2026,Q1-2026
CHG0001410,2026-01-05 16:31:38,2026-01-23 16:31:38,2026-01-23 21:31:38,,,Normal,High,3 - Medium,Review,Database,L2 Support,Vikram Joshi,Pune,Finance,Email Gateway,DB migration,No Conflict,Pending,Resource unavailable,Jan-2026,Q1-2026
CHG0001411,2026-01-20 05:38:18,2026-02-03 05:38:18,2026-02-03 09:38:18,,,Standard,Medium,4 - Low,Authorize,Application,DB Admins,Vikram Joshi,Kolkata,Legal,SAP Production,Backup policy change,No Conflict,Approved,Vendor dependency,Jan-2026,Q1-2026
CHG0001412,2026-03-14 06:16:43,2026-03-23 06:16:43,2026-03-23 07:16:43,,,Normal,Medium,3 - Medium,Review,Database,App Support,Rahul Sharma,Hyderabad,Sales,VPN Gateway,Backup policy change,No Conflict,Pending,Testing required,Mar-2026,Q1-2026
CHG0001413,2026-04-23 06:38:58,2026-05-15 06:38:58,2026-05-15 09:38:58,2026-05-15 06:09:58,2026-05-15 14:09:58,Standard,Medium,2 - High,Implement,Access Management,Security Ops,Vikram Joshi,Delhi NCR,Marketing,Firewall-01,SSL certificate renewal,No Conflict,Approved,,Apr-2026,Q2-2026
CHG0001414,2026-02-23 23:34:23,2026-03-05 23:34:23,2026-03-06 04:34:23,2026-03-05 23:06:23,2026-03-06 04:06:23,Emergency,Medium,2 - High,Closed,Network,L2 Support,Vikram Joshi,Kolkata,Operations,VPN Gateway,Network upgrade,No Conflict,Approved,Resource unavailable,Feb-2026,Q1-2026
CHG0001415,2026-01-09 08:04:20,2026-02-05 08:04:20,2026-02-05 12:04:20,,,Normal,Low,4 - Low,Review,Security,Security Ops,Amit Desai,Chennai,Legal,SAP Production,DR failover test,No Conflict,Approved,Resource unavailable,Jan-2026,Q1-2026
CHG0001416,2026-04-12 10:19:36,2026-04-22 10:19:36,2026-04-22 18:19:36,,,Normal,Medium,2 - High,Review,Access Management,DB Admins,Anjali Singh,Mumbai,Finance,Load Balancer,Middleware upgrade,No Conflict,Approved,Resource unavailable,Apr-2026,Q2-2026
CHG0001417,2026-02-18 16:10:21,2026-03-12 16:10:21,2026-03-12 19:10:21,,,Emergency,High,3 - Medium,Authorize,Security,Security Ops,Priya Menon,Bangalore,Finance,Firewall-01,Network upgrade,No Conflict,Approved,,Feb-2026,Q1-2026
CHG0001418,2026-06-05 14:46:19,2026-06-25 14:46:19,2026-06-25 17:46:19,2026-06-25 14:53:19,2026-06-25 16:53:19,Standard,Low,4 - Low,Implement,Application,App Support,Anjali Singh,Pune,Sales,Email Gateway,DR failover test,No Conflict,Approved,,Jun-2026,Q2-2026
CHG0001419,2026-03-29 16:59:57,2026-04-22 16:59:57,2026-04-22 17:59:57,2026-04-22 16:47:57,2026-04-23 00:47:57,Normal,Medium,4 - Low,Implement,Security,L1 Support,Priya Menon,Pune,IT,Firewall-01,Load balancer config,No Conflict,Pending,,Mar-2026,Q1-2026
CHG0001420,2026-05-02 06:49:23,2026-05-10 06:49:23,2026-05-10 13:49:23,2026-05-10 06:19:23,2026-05-10 11:19:23,Normal,Medium,1 - Critical,Closed,Access Management,Infra Team,Priya Menon,Pune,Legal,VPN Gateway,Middleware upgrade,No Conflict,Approved,Awaiting approval,May-2026,Q2-2026
CHG0001421,2026-01-03 12:41:46,2026-01-25 12:41:46,2026-01-25 18:41:46,2026-01-25 12:26:46,2026-01-25 15:26:46,Standard,Medium,2 - High,Implement,Security,Network Ops,Amit Desai,Hyderabad,Sales,SAP Production,SSL certificate renewal,No Conflict,Rejected,Vendor dependency,Jan-2026,Q1-2026
CHG0001422,2026-02-19 21:25:08,2026-03-17 21:25:08,2026-03-17 22:25:08,2026-03-17 20:57:08,2026-03-18 04:57:08,Emergency,Low,4 - Low,Closed,Access Management,DB Admins,Rohan Verma,Hyderabad,HR,Oracle DB,Load balancer config,No Conflict,Rejected,,Feb-2026,Q1-2026
CHG0001423,2026-04-06 15:02:18,2026-04-23 15:02:18,2026-04-23 18:02:18,,,Normal,High,1 - Critical,Cancelled,Access Management,Security Ops,Sneha Patil,Mumbai,Marketing,VPN Gateway,Storage expansion,No Conflict,Approved,,Apr-2026,Q2-2026
CHG0001424,2026-04-25 05:56:29,2026-05-03 05:56:29,2026-05-03 07:56:29,,,Standard,High,3 - Medium,Authorize,Hardware,L1 Support,Anjali Singh,Delhi NCR,IT,Firewall-01,Firewall rule update,No Conflict,Rejected,Resource unavailable,Apr-2026,Q2-2026
CHG0001425,2026-04-28 15:53:58,2026-05-24 15:53:58,2026-05-24 16:53:58,2026-05-24 15:46:58,2026-05-24 19:46:58,Normal,Medium,4 - Low,Implement,Email/Collaboration,DB Admins,Rohan Verma,Pune,Procurement,SAP Production,Middleware upgrade,No Conflict,Approved,,Apr-2026,Q2-2026
CHG0001426,2026-05-05 19:16:22,2026-05-31 19:16:22,2026-06-01 01:16:22,,,Normal,High,4 - Low,Review,Network,Infra Team,Rohan Verma,Hyderabad,Marketing,Firewall-01,DB migration,No Conflict,Approved,Vendor dependency,May-2026,Q2-2026
CHG0001427,2026-03-17 17:07:13,2026-04-09 17:07:13,2026-04-10 00:07:13,2026-04-09 16:52:13,2026-04-09 18:52:13,Normal,High,4 - Low,Implement,Software,DB Admins,Rohan Verma,Mumbai,IT,Email Gateway,Firewall rule update,No Conflict,Approved,Testing required,Mar-2026,Q1-2026
CHG0001428,2026-05-09 04:39:06,2026-06-04 04:39:06,2026-06-04 09:39:06,2026-06-04 05:05:06,2026-06-04 07:05:06,Normal,High,2 - High,Closed,Access Management,DB Admins,Deepak Nair,Pune,Sales,Load Balancer,Network upgrade,No Conflict,Approved,Vendor dependency,May-2026,Q2-2026
CHG0001429,2026-02-18 10:25:30,2026-02-28 10:25:30,2026-02-28 14:25:30,2026-02-28 09:56:30,2026-02-28 11:56:30,Normal,High,2 - High,Closed,Application,Security Ops,Deepak Nair,Delhi NCR,Operations,ERP Server,DR failover test,No Conflict,Approved,,Feb-2026,Q1-2026
CHG0001430,2026-05-12 00:31:52,2026-05-25 00:31:52,2026-05-25 08:31:52,,,Standard,High,2 - High,Authorize,Software,L1 Support,Pooja Iyer,Chennai,Operations,Core Switch,Load balancer config,No Conflict,Approved,Vendor dependency,May-2026,Q2-2026
